{
  "threshold": 0.34,
  "total_nodes_evaluated": 374661,
  "precision": 0.3125090466954231,
  "recall": 0.31203931203931207,
  "f1_score": 0.3122740027191993,
  "confusion_matrix": {
    "true_positives": 10795,
    "false_positives": 23748,
    "true_negatives": 316318,
    "false_negatives": 23800
  },
  "detection_rate_by_attack_type": {
    "blackhole": {
      "detected": 2483,
      "total": 10049
    },
    "flooding": {
      "detected": 2695,
      "total": 3312
    },
    "grayhole": {
      "detected": 2359,
      "total": 14596
    },
    "tdma": {
      "detected": 3258,
      "total": 6638
    }
  }
}