{
  "model": "XGBoost",
  "cluster_head_probabilities": [
    0.11807096749544144,
    0.12156452983617783,
    0.104588083922863,
    0.1220790445804596,
    0.1147455945611,
    0.11133173108100891,
    0.119819276034832,
    0.12339496612548828,
    0.11872678995132446,
    0.11825557798147202,
    0.12485003471374512,
    0.1045486181974411,
    0.11224754899740219,
    0.11390572041273117,
    0.11282367259263992,
    0.11730431765317917,
    0.1147361770272255,
    0.11708007007837296,
    0.11828853189945221,
    0.11768732964992523,
    0.12643948197364807,
    0.10922086238861084,
    0.1121445968747139,
    0.10429637134075165,
    0.10826031118631363,
    0.12243969738483429,
    0.10532715171575546,
    0.1218135878443718,
    0.1123286560177803,
    0.12498018145561218,
    0.10731861740350723,
    0.11608239263296127,
    0.10643942654132843,
    0.10782681405544281,
    0.10191928595304489,
    0.11538763344287872,
    0.12149839848279953,
    0.11420226842164993,
    0.10175952315330505,
    0.11208806186914444,
    0.11396663635969162,
    0.12653560936450958,
    0.1184234544634819,
    0.10213981568813324,
    0.131398007273674,
    0.11788758635520935,
    0.1432517021894455,
    0.11273527145385742,
    0.11793400347232819,
    0.12090959399938583
  ],
  "top_candidates": [
    "node_35",
    "node_27",
    "node_46",
    "node_49",
    "node_6"
  ],
  "accuracy": 0.8833491252185286,
  "f1_score": 0.0,
  "roc_auc": 0.5018571806251934
}