{
  "model": "LSTM trained on real IBRL sensor data (voltage)",
  "next_voltage_forecast_volts": {
    "1": 2.0093285120036763,
    "2": 1.968259173965165,
    "3": 2.0767685873549615,
    "4": 2.0782492434873387,
    "6": 1.9722353158514643,
    "7": 2.055431254758999,
    "8": 2.113244999916651,
    "9": 2.1512035706712127,
    "10": 1.9770803997337871,
    "11": 1.9744486019899963,
    "12": 2.1233782755271515,
    "13": 2.0165971704937506,
    "14": 2.063776139593327,
    "15": 2.0858072363801514,
    "16": 2.1407781442945466,
    "17": 2.0517866927268433,
    "18": 2.010276312175657,
    "19": 2.0381061135012013,
    "20": 2.019594156695248,
    "21": 2.0590437102480856,
    "22": 2.073323236095879,
    "23": 1.9392256589109027,
    "24": 2.011933460416129,
    "25": 1.95637167945474,
    "26": 2.003060789075573,
    "27": 2.022099593599945,
    "29": 2.035318476981114,
    "30": 2.0423105685826526,
    "31": 2.001089897949328,
    "32": 2.1407781442945466,
    "33": 2.0936038691340153,
    "34": 1.988693392688856,
    "35": 2.0407144415497664,
    "36": 2.0107941475311093,
    "37": 2.00909250074849,
    "38": 2.0169341953171864,
    "39": 2.0498880882618926,
    "40": 2.0108168661960875,
    "41": 2.0399681052416003,
    "42": 1.9982023744063622,
    "43": 2.003673066484612,
    "44": 2.0560215645333066,
    "45": 2.26311233471745,
    "46": 1.9673416027606343,
    "47": 2.0604145282068083,
    "48": 2.1066804322833375,
    "49": 1.9931058831487851,
    "50": 2.545449200884833,
    "51": 2.030708841081292,
    "52": 1.9375929191534649,
    "53": 2.0297608531517493,
    "54": 1.984636139535858,
    "55": 2.676087720508715,
    "56": 2.807167282645272,
    "58": 2.5676370752357625
  },
  "val_mse": 3.942663170164451e-06,
  "data_source": "Intel Berkeley Research Lab (real sensors)"
}