{
  "model": "LSTM (trained on all nodes, full dataset)",
  "24h_energy_forecast_mJ": {
    "CH_01": 0.8138816209316254,
    "CH_02": 0.8165736427545548,
    "CH_03": 0.8218286865234375,
    "CH_04": 0.8182933728218079,
    "node_01": 0.15950826938152313,
    "node_02": 0.16064636585712433,
    "node_03": 0.16032976097613574,
    "node_04": 0.16115575713962316,
    "node_05": 0.16022935710847377,
    "node_06": 0.15948176330924035,
    "node_07": 0.1595607876241207,
    "node_08": 0.16039041488170624,
    "node_09": 0.16057357934117317,
    "node_10": 0.1602498631864786,
    "node_11": 0.16013798524439335,
    "node_12": 0.16032741494178773,
    "node_13": 0.15991241381317378,
    "node_14": 0.1605976250499487,
    "node_15": 0.16038690268993377,
    "node_16": 0.16009159961789846,
    "node_17": 0.1599602445602417,
    "node_18": 0.15994213939458132,
    "node_19": 0.15958883485347033,
    "node_20": 0.1600383405223489,
    "node_21": 0.15997685887366533,
    "node_22": 0.1598233193859458,
    "node_23": 0.16011433740109204,
    "node_24": 0.160297254909575,
    "node_25": 0.15977129504531623,
    "node_26": 0.16051007177978754,
    "node_27": 0.1596191595196724,
    "node_28": 0.1609603320211172,
    "node_29": 0.1600784654840827,
    "node_30": 0.1600321896135807,
    "node_31": 0.1599380326911807,
    "node_32": 0.1606877301469445,
    "node_33": 0.1603430643171072,
    "node_34": 0.1598591227054596,
    "node_35": 0.160865493696928,
    "node_36": 0.16033233566880226,
    "node_37": 0.15983663187325,
    "node_38": 0.1605898369476199,
    "node_39": 0.1601608373567462,
    "node_40": 0.16055597265064717
  },
  "val_mse": 0.0009237581980414689
}