{
  "model": "LSTM",
  "24h_energy_forecast": {
    "node_0": 0.5504716634750366,
    "node_1": 0.5511277914047241,
    "node_10": 0.5514169335365295,
    "node_11": 0.5503845810890198,
    "node_12": 0.5508152842521667,
    "node_13": 0.5505725145339966,
    "node_14": 0.5514311194419861,
    "node_15": 0.5511701107025146,
    "node_16": 0.5510407090187073,
    "node_17": 0.5507935285568237,
    "node_18": 0.5502110719680786,
    "node_19": 0.5503935813903809,
    "node_2": 0.5512306690216064,
    "node_20": 0.5514708161354065,
    "node_21": 0.5512946844100952,
    "node_22": 0.5507195591926575,
    "node_23": 0.5509393811225891,
    "node_24": 0.5511168837547302,
    "node_25": 0.5512654185295105,
    "node_26": 0.5510163307189941,
    "node_27": 0.5505101084709167,
    "node_28": 0.5504242181777954,
    "node_29": 0.5507217049598694,
    "node_3": 0.5503048300743103,
    "node_30": 0.551260232925415,
    "node_31": 0.5513588190078735,
    "node_32": 0.5509247183799744,
    "node_33": 0.5514485239982605,
    "node_34": 0.550729513168335,
    "node_35": 0.5510679483413696,
    "node_36": 0.5508821606636047,
    "node_37": 0.5508121848106384,
    "node_38": 0.5514230728149414,
    "node_39": 0.5513315796852112,
    "node_4": 0.5508155822753906,
    "node_40": 0.5510573387145996,
    "node_41": 0.551334798336029,
    "node_42": 0.5507214665412903,
    "node_43": 0.5501545667648315,
    "node_44": 0.5504786372184753,
    "node_45": 0.550451397895813,
    "node_46": 0.550902247428894,
    "node_47": 0.5510972738265991,
    "node_48": 0.5511186718940735,
    "node_49": 0.5509403347969055,
    "node_5": 0.5514493584632874,
    "node_6": 0.5512121319770813,
    "node_7": 0.5511738061904907,
    "node_8": 0.5508961081504822,
    "node_9": 0.5512320399284363
  },
  "test_mse": 0.06740589439868927
}