node_id,round,energy_remaining,energy_delta,rolling_avg,is_attacked,anomaly_score,predicted_anomaly
161616,0,0.979401,0.0,0.979401,False,0.5812526538388023,False
221846,0,0.980565,0.0,0.980565,False,0.7190243377553546,True
84698,0,0.979416,0.0,0.979416,False,0.5812526538388023,False
114629,0,0.977247,0.0,0.977247,False,0.5149001904936815,False
83465,0,0.977285,0.0,0.977285,False,0.5060265840708268,False
369398,0,0.978895,0.0,0.978895,False,0.5256799839099167,False
13112,0,0.973824,0.0,0.973824,False,0.738082293518573,True
235202,0,0.979362,0.0,0.979362,False,0.5684464632114282,False
104286,0,0.979288,0.0,0.979288,False,0.5613661101601012,False
224231,0,0.978382,0.0,0.978382,False,0.4838975060218529,False
12995,0,0.979326,0.0,0.979326,False,0.5613661101601012,False
74905,0,0.974872,0.0,0.974872,False,0.7294949800468856,True
294254,0,0.974049,0.0,0.974049,False,0.7403640086519417,True
265229,0,0.979043,0.0,0.979043,False,0.5373999128539048,False
366026,0,0.973965,0.0,0.973965,False,0.738082293518573,True
269565,0,0.973697,0.0,0.973697,True,0.7355789884519742,True
242550,0,0.979413,0.0,0.979413,False,0.5812526538388023,False
82704,0,0.977646,0.0,0.977646,False,0.46726337243725724,False
213416,0,0.979799,0.0,0.979799,False,0.6431429374438045,True
45580,0,0.97736,0.0,0.97736,False,0.4991149323785296,False
280043,0,0.974677,0.0,0.974677,False,0.7364775826842906,True
50707,0,0.972554,0.0,0.972554,False,0.7507614870384312,True
28401,0,0.973322,0.0,0.973322,True,0.7315306772850243,True
33306,0,0.975154,0.0,0.975154,False,0.7001091441320827,True
23114,0,0.977468,0.0,0.977468,False,0.5017059087071244,False
114987,0,0.976938,0.0,0.976938,False,0.5585275397951233,False
325666,0,0.981155,0.0,0.981155,False,0.7787527413007137,True
92826,0,0.977895,0.0,0.977895,False,0.4649472949436216,False
165868,0,0.977334,0.0,0.977334,False,0.4991149323785296,False
306277,0,0.978171,0.0,0.978171,False,0.484967565995044,False
219949,0,0.975126,0.0,0.975126,False,0.7076096651537388,True
81499,0,0.977587,0.0,0.977587,False,0.4633011908746199,False
278463,0,0.979224,0.0,0.979224,False,0.5523909957760799,False
180331,0,0.974292,0.0,0.974292,False,0.7349829890226696,True
294076,0,0.978778,0.0,0.978778,False,0.5150467859921555,False
160007,0,0.978078,0.0,0.978078,False,0.4706177881607112,False
288528,0,0.977633,0.0,0.977633,False,0.4689679745111253,False
125541,0,0.979143,0.0,0.979143,False,0.5453540356183876,False
271358,0,0.977286,0.0,0.977286,False,0.5060265840708268,False
165767,0,0.979898,0.0,0.979898,False,0.644431467441422,True
52953,0,0.975962,0.0,0.975962,False,0.6237958318745891,False
57288,0,0.980535,0.0,0.980535,False,0.7208993354902122,True
116876,0,0.978925,0.0,0.978925,False,0.5256799839099167,False
356263,0,0.977385,0.0,0.977385,False,0.5025684200605605,False
129087,0,0.979275,0.0,0.979275,False,0.5613661101601012,False
174160,0,0.980319,0.0,0.980319,False,0.6839975768184321,True
155560,0,0.976014,0.0,0.976014,True,0.6183715391294661,False
93665,0,0.979244,0.0,0.979244,False,0.563134402402042,False
58485,0,0.976656,0.0,0.976656,False,0.5800837933736245,False
10211,0,0.979576,0.0,0.979576,False,0.6171454074123897,False
18889,0,0.979228,0.0,0.979228,False,0.5544564504126036,False
245392,0,0.977528,0.0,0.977528,False,0.4803985670652608,False
354005,0,0.979047,0.0,0.979047,False,0.5471114906440742,False
315631,0,0.972654,0.0,0.972654,False,0.7507614870384312,True
131813,0,0.978706,0.0,0.978706,False,0.5110094319858377,False
99724,0,0.978098,0.0,0.978098,False,0.4723246605542995,False
215535,0,0.980165,0.0,0.980165,False,0.6784512129723567,True
351364,0,0.978268,0.0,0.978268,False,0.4864294319889305,False
26633,0,0.9745,0.0,0.9745,True,0.7327077895816414,True
146002,0,0.979913,0.0,0.979913,False,0.644431467441422,True
124118,0,0.97647,0.0,0.97647,False,0.6033730392879181,False
209546,0,0.978921,0.0,0.978921,False,0.5256799839099167,False
293540,0,0.977615,0.0,0.977615,False,0.4689679745111253,False
130111,0,0.978807,0.0,0.978807,False,0.5150467859921555,False
1701,0,0.977711,0.0,0.977711,False,0.4618038200929088,False
24025,0,0.972524,0.0,0.972524,False,0.7488662918139404,True
211694,0,0.980263,0.0,0.980263,False,0.6839975768184321,True
101255,0,0.980091,0.0,0.980091,False,0.6618795084477335,True
299391,0,0.979395,0.0,0.979395,False,0.5812526538388023,False
139883,0,0.975514,0.0,0.975514,True,0.6611843054370512,True
238555,0,0.980723,0.0,0.980723,False,0.738435299902552,True
221333,0,0.97789,0.0,0.97789,False,0.4649472949436216,False
30741,0,0.972236,0.0,0.972236,True,0.7654906741934902,True
123314,0,0.976507,0.0,0.976507,False,0.5961982906541023,False
119325,0,0.978571,0.0,0.978571,False,0.49581161144317404,False
86574,0,0.971137,0.0,0.971137,True,0.7846587182607159,True
341911,0,0.977394,0.0,0.977394,False,0.5025684200605605,False
30866,0,0.979142,0.0,0.979142,False,0.5453540356183876,False
340723,0,0.979091,0.0,0.979091,False,0.5467469101663691,False
332911,0,0.97582,0.0,0.97582,True,0.6443391489515573,True
211089,0,0.978527,0.0,0.978527,False,0.49128260912942917,False
281527,0,0.980386,0.0,0.980386,False,0.6980212774306965,True
164419,0,0.974989,0.0,0.974989,True,0.7219793633578531,True
334030,0,0.976409,0.0,0.976409,False,0.6051697624601493,False
213058,0,0.979337,0.0,0.979337,False,0.566674578117414,False
350737,0,0.972228,0.0,0.972228,True,0.7654906741934902,True
22780,0,0.976511,0.0,0.976511,False,0.5961982906541023,False
112321,0,0.97878,0.0,0.97878,False,0.5167837286090726,False
281168,0,0.982385,0.0,0.982385,False,0.8127011223650029,True
53587,0,0.979142,0.0,0.979142,False,0.5453540356183876,False
139041,0,0.978323,0.0,0.978323,False,0.4829977683746413,False
199191,0,0.978631,0.0,0.978631,False,0.4971779108749402,False
338428,0,0.974884,0.0,0.974884,True,0.7294949800468856,True
48625,0,0.979225,0.0,0.979225,False,0.5523909957760799,False
297458,0,0.980069,0.0,0.980069,False,0.6618795084477335,True
137752,0,0.974317,0.0,0.974317,True,0.7349829890226696,True
229734,0,0.976121,0.0,0.976121,False,0.6123688238787207,False
244855,0,0.978907,0.0,0.978907,False,0.5256799839099167,False
264979,0,0.976995,0.0,0.976995,False,0.5447000538645347,False
314019,0,0.977728,0.0,0.977728,False,0.4618038200929088,False
104633,0,0.980115,0.0,0.980115,False,0.6618795084477335,True
284266,0,0.975727,0.0,0.975727,False,0.649816203213468,True
277317,0,0.978034,0.0,0.978034,False,0.4689120702230372,False
289428,0,0.976373,0.0,0.976373,False,0.6051697624601493,False
288255,0,0.976427,0.0,0.976427,True,0.6051697624601493,False
67314,0,0.978584,0.0,0.978584,False,0.49581161144317404,False
219794,0,0.978731,0.0,0.978731,False,0.5115764243461456,False
130367,0,0.978517,0.0,0.978517,False,0.49128260912942917,False
335544,0,0.973812,0.0,0.973812,False,0.738082293518573,True
123930,0,0.977526,0.0,0.977526,False,0.48438961718586093,False
236708,0,0.9778,0.0,0.9778,False,0.46359827510951407,False
146068,0,0.978394,0.0,0.978394,False,0.4838975060218529,False
298673,0,0.979154,0.0,0.979154,False,0.5453540356183876,False
207425,0,0.979273,0.0,0.979273,False,0.5613661101601012,False
328962,0,0.963131,0.0,0.963131,True,0.7904658263041389,True
145738,0,0.976473,0.0,0.976473,False,0.5997832378030106,False
146341,0,0.979814,0.0,0.979814,False,0.6467914518028853,True
138873,0,0.974732,0.0,0.974732,False,0.7364775826842906,True
191182,0,0.975503,0.0,0.975503,False,0.6611843054370512,True
256131,0,0.979303,0.0,0.979303,False,0.5595990139158498,False
158606,0,0.977762,0.0,0.977762,False,0.4589036400242986,False
115457,0,0.978461,0.0,0.978461,False,0.4937175953549552,False
281875,0,0.97816,0.0,0.97816,False,0.4832521424777643,False
129303,0,0.977964,0.0,0.977964,False,0.4672075059604532,False
267138,0,0.979255,0.0,0.979255,False,0.5613661101601012,False
169951,0,0.979801,0.0,0.979801,False,0.6431429374438045,True
164722,0,0.980754,0.0,0.980754,False,0.738435299902552,True
356768,0,0.97355,0.0,0.97355,False,0.7246780305677293,True
254496,0,0.975542,0.0,0.975542,False,0.6611843054370512,True
35337,0,0.973526,0.0,0.973526,True,0.7284369506653865,True
58369,0,0.979039,0.0,0.979039,False,0.5373999128539048,False
12406,0,0.979064,0.0,0.979064,False,0.5488701351421256,False
345496,0,0.977531,0.0,0.977531,False,0.4803985670652608,False
153878,0,0.979108,0.0,0.979108,False,0.5471114906440742,False
210325,0,0.976485,0.0,0.976485,False,0.5997832378030106,False
125140,0,0.97785,0.0,0.97785,False,0.46359827510951407,False
41313,0,0.977213,0.0,0.977213,False,0.5162767292549737,False
255155,0,0.977651,0.0,0.977651,False,0.46726337243725724,False
127400,0,0.977817,0.0,0.977817,False,0.46359827510951407,False
246777,0,0.981437,0.0,0.981437,False,0.8068937862910293,True
302698,0,0.971378,0.0,0.971378,True,0.7827405963902634,True
111754,0,0.977438,0.0,0.977438,False,0.5025684200605605,False
20302,0,0.979689,0.0,0.979689,False,0.6285929067165557,True
284802,0,0.971598,0.0,0.971598,True,0.7750358203527172,True
305939,0,0.978856,0.0,0.978856,False,0.5180555833666294,False
163429,0,0.977574,0.0,0.977574,False,0.4633011908746199,False
278058,0,0.978849,0.0,0.978849,False,0.5180555833666294,False
221571,0,0.977341,0.0,0.977341,False,0.4991149323785296,False
78147,0,0.980763,0.0,0.980763,False,0.738435299902552,True
173617,0,0.977265,0.0,0.977265,False,0.5149001904936815,False
138685,0,0.975276,0.0,0.975276,False,0.6926729481424063,True
290414,0,0.975209,0.0,0.975209,False,0.7001091441320827,True
358375,0,0.968768,0.0,0.968768,True,0.8170124095173703,True
35631,0,0.979752,0.0,0.979752,False,0.6449665774896468,True
337039,0,0.980477,0.0,0.980477,False,0.7227756022521324,True
267075,0,0.978475,0.0,0.978475,False,0.49128260912942917,False
29821,0,0.973163,0.0,0.973163,True,0.737801929930266,True
294318,0,0.978871,0.0,0.978871,False,0.5239370242441637,False
39523,0,0.980014,0.0,0.980014,False,0.6582105911508207,True
77643,0,0.979775,0.0,0.979775,False,0.6431429374438045,True
237717,0,0.981312,0.0,0.981312,False,0.8049606255659484,True
5069,0,0.976136,0.0,0.976136,True,0.6123688238787207,False
11028,0,0.980444,0.0,0.980444,False,0.7195742546919957,True
303657,0,0.978903,0.0,0.978903,False,0.5256799839099167,False
311699,0,0.979368,0.0,0.979368,False,0.577323893505832,False
242357,0,0.975718,0.0,0.975718,False,0.649816203213468,True
120646,0,0.97984,0.0,0.97984,False,0.6486175612188904,True
312417,0,0.97793,0.0,0.97793,False,0.4615446807103727,False
224622,0,0.976202,0.0,0.976202,False,0.6109407678663528,False
357412,0,0.979537,0.0,0.979537,False,0.6040585275935542,False
198943,0,0.978251,0.0,0.978251,False,0.4881470059442089,False
252370,0,0.979873,0.0,0.979873,False,0.6517369285013206,True
332523,0,0.978323,0.0,0.978323,False,0.4829977683746413,False
145060,0,0.978606,0.0,0.978606,False,0.49581161144317404,False
37435,0,0.976653,0.0,0.976653,False,0.5800837933736245,False
282713,0,0.980143,0.0,0.980143,False,0.669232253885777,True
289239,0,0.97666,0.0,0.97666,True,0.5800837933736245,False
360446,0,0.979598,0.0,0.979598,False,0.6153405844230919,False
189600,0,0.976278,0.0,0.976278,False,0.6091401414314355,False
299,0,0.97868,0.0,0.97868,False,0.5023559599459018,False
225332,0,0.979306,0.0,0.979306,False,0.5578331128603637,False
31778,0,0.979032,0.0,0.979032,False,0.5373999128539048,False
60517,0,0.976326,0.0,0.976326,False,0.6091401414314355,False
58654,0,0.982595,0.0,0.982595,False,0.8127011223650029,True
153709,0,0.978807,0.0,0.978807,False,0.5150467859921555,False
339757,0,0.977931,0.0,0.977931,False,0.4615446807103727,False
336321,0,0.977344,0.0,0.977344,False,0.4991149323785296,False
308512,0,0.979404,0.0,0.979404,False,0.5812526538388023,False
210260,0,0.97777,0.0,0.97777,False,0.4589036400242986,False
50819,0,0.9797,0.0,0.9797,False,0.6285929067165557,True
37149,0,0.979415,0.0,0.979415,False,0.5812526538388023,False
161225,0,0.979344,0.0,0.979344,False,0.566674578117414,False
362293,0,0.978838,0.0,0.978838,False,0.512804645665147,False
178389,0,0.974003,0.0,0.974003,False,0.738082293518573,True
221208,0,0.974938,0.0,0.974938,False,0.7257346292210571,True
41291,0,0.970724,0.0,0.970724,True,0.7759694020542299,True
365214,0,0.979131,0.0,0.979131,False,0.5453540356183876,False
333281,0,0.981,0.0,0.981,False,0.7653810067639768,True
7737,0,0.977588,0.0,0.977588,False,0.4633011908746199,False
329588,0,0.975322,0.0,0.975322,False,0.6799820510017893,True
317105,0,0.975104,0.0,0.975104,False,0.717347138313344,True
361689,0,0.969144,0.0,0.969144,True,0.8208963585432272,True
281131,0,0.976686,0.0,0.976686,False,0.5800837933736245,False
343638,0,0.97773,0.0,0.97773,False,0.4618038200929088,False
189790,0,0.97867,0.0,0.97867,False,0.5023559599459018,False
340726,0,0.974833,0.0,0.974833,False,0.7364775826842906,True
72525,0,0.978633,0.0,0.978633,False,0.4971779108749402,False
65444,0,0.98069,0.0,0.98069,False,0.732220568455374,True
319360,0,0.979598,0.0,0.979598,False,0.6153405844230919,False
358935,0,0.977154,0.0,0.977154,False,0.5227239388292546,False
100448,0,0.979201,0.0,0.979201,False,0.5471114906440742,False
222075,0,0.977333,0.0,0.977333,False,0.5025684200605605,False
69369,0,0.978522,0.0,0.978522,False,0.49128260912942917,False
151722,0,0.975814,0.0,0.975814,False,0.6461635986115922,True
38033,0,0.97674,0.0,0.97674,False,0.5755754977671445,False
128351,0,0.9782,0.0,0.9782,False,0.48289652204049677,False
342871,0,0.978807,0.0,0.978807,False,0.5150467859921555,False
13912,0,0.976438,0.0,0.976438,False,0.6051697624601493,False
351129,0,0.979755,0.0,0.979755,False,0.6431429374438045,True
297365,0,0.977614,0.0,0.977614,False,0.4689679745111253,False
240570,0,0.97775,0.0,0.97775,False,0.4572058450383641,False
86317,0,0.978805,0.0,0.978805,False,0.5150467859921555,False
99561,0,0.978656,0.0,0.978656,False,0.5023559599459018,False
261740,0,0.976891,0.0,0.976891,False,0.5602939108493485,False
29971,0,0.978643,0.0,0.978643,False,0.5023559599459018,False
4101,0,0.977687,0.0,0.977687,False,0.4635047270584857,False
176472,0,0.978134,0.0,0.978134,False,0.4795188069395419,False
85669,0,0.977406,0.0,0.977406,False,0.5025684200605605,False
128393,0,0.979987,0.0,0.979987,False,0.6545466351748574,True
24702,0,0.977423,0.0,0.977423,False,0.5042969171291044,False
350152,0,0.980042,0.0,0.980042,False,0.6618795084477335,True
235514,0,0.978423,0.0,0.978423,False,0.4868392109991737,False
213078,0,0.977592,0.0,0.977592,False,0.4633011908746199,False
285706,0,0.977633,0.0,0.977633,False,0.4689679745111253,False
360795,0,0.979834,0.0,0.979834,False,0.6486175612188904,True
105461,0,0.970358,0.0,0.970358,True,0.7899259365092685,True
266248,0,0.978067,0.0,0.978067,False,0.4706177881607112,False
195779,0,0.977824,0.0,0.977824,False,0.46189730487201375,False
84715,0,0.978673,0.0,0.978673,False,0.5023559599459018,False
131659,0,0.978921,0.0,0.978921,False,0.5256799839099167,False
367955,0,0.978876,0.0,0.978876,False,0.5239370242441637,False
170017,0,0.976342,0.0,0.976342,False,0.6069677016820252,False
225994,0,0.976846,0.0,0.976846,False,0.5720232857163755,False
266161,0,0.977412,0.0,0.977412,False,0.5042969171291044,False
83876,0,0.976817,0.0,0.976817,False,0.5737987908972672,False
29327,0,0.977755,0.0,0.977755,False,0.4572058450383641,False
247815,0,0.980398,0.0,0.980398,False,0.6980212774306965,True
149552,0,0.977803,0.0,0.977803,False,0.46359827510951407,False
68617,0,0.977659,0.0,0.977659,False,0.46726337243725724,False
65934,0,0.979941,0.0,0.979941,False,0.6426081893212643,True
289682,0,0.978917,0.0,0.978917,False,0.5239370242441637,False
353036,0,0.978654,0.0,0.978654,False,0.5023559599459018,False
36396,0,0.981319,0.0,0.981319,False,0.8049606255659484,True
138966,0,0.979295,0.0,0.979295,False,0.5613661101601012,False
63441,0,0.978028,0.0,0.978028,False,0.4689120702230372,False
129973,0,0.976977,0.0,0.976977,False,0.5482152678390481,False
185429,0,0.975087,0.0,0.975087,True,0.7192210008940396,True
308443,0,0.979075,0.0,0.979075,False,0.5488701351421256,False
227942,0,0.980182,0.0,0.980182,False,0.6839975768184321,True
117806,0,0.97656,0.0,0.97656,False,0.5854725096246195,False
319275,0,0.977328,0.0,0.977328,False,0.5025684200605605,False
146037,0,0.97717,0.0,0.97717,False,0.5227239388292546,False
324282,0,0.978181,0.0,0.978181,False,0.484967565995044,False
112065,0,0.979717,0.0,0.979717,False,0.6304066990796965,True
51332,0,0.979146,0.0,0.979146,False,0.5453540356183876,False
262451,0,0.978177,0.0,0.978177,False,0.484967565995044,False
338784,0,0.97871,0.0,0.97871,False,0.5075445298820822,False
185753,0,0.976571,0.0,0.976571,False,0.5854725096246195,False
351224,0,0.978719,0.0,0.978719,False,0.5075445298820822,False
36066,0,0.976835,0.0,0.976835,False,0.5720232857163755,False
318029,0,0.97741,0.0,0.97741,False,0.5042969171291044,False
126286,0,0.979835,0.0,0.979835,False,0.6486175612188904,True
112886,0,0.976729,0.0,0.976729,False,0.5777222825862343,False
296341,0,0.976812,0.0,0.976812,False,0.5737987908972672,False
68587,0,0.975847,0.0,0.975847,True,0.6389527909939473,True
81030,0,0.975353,0.0,0.975353,True,0.6799820510017893,True
147721,0,0.980179,0.0,0.980179,False,0.6839975768184321,True
42982,0,0.97897,0.0,0.97897,False,0.5291694430248881,False
37220,0,0.980087,0.0,0.980087,False,0.6618795084477335,True
222077,0,0.97655,0.0,0.97655,False,0.5854725096246195,False
368857,0,0.975962,0.0,0.975962,False,0.6237958318745891,False
290049,0,0.980658,0.0,0.980658,False,0.7227756022521324,True
120031,0,0.979523,0.0,0.979523,False,0.5973319012932721,False
182981,0,0.970131,0.0,0.970131,True,0.7995995311775956,True
190306,0,0.972336,0.0,0.972336,True,0.759779066763099,True
3407,0,0.976765,0.0,0.976765,False,0.5773534071393274,False
282746,0,0.978797,0.0,0.978797,False,0.5167837286090726,False
145852,0,0.979629,0.0,0.979629,False,0.6153405844230919,False
73495,0,0.979762,0.0,0.979762,False,0.6431429374438045,True
373790,0,0.978239,0.0,0.978239,False,0.4881470059442089,False
130825,0,0.980407,0.0,0.980407,False,0.6980212774306965,True
291382,0,0.978433,0.0,0.978433,False,0.4902760762670569,False
15622,0,0.975809,0.0,0.975809,False,0.6461635986115922,True
36287,0,0.979086,0.0,0.979086,False,0.5467469101663691,False
16663,0,0.977241,0.0,0.977241,False,0.5149001904936815,False
96200,0,0.979338,0.0,0.979338,False,0.566674578117414,False
26522,0,0.979524,0.0,0.979524,False,0.5973319012932721,False
48390,0,0.979363,0.0,0.979363,False,0.5684464632114282,False
58650,0,0.977434,0.0,0.977434,False,0.5042969171291044,False
49453,0,0.975123,0.0,0.975123,True,0.7076096651537388,True
85277,0,0.976502,0.0,0.976502,False,0.5961982906541023,False
221777,0,0.97998,0.0,0.97998,False,0.6545466351748574,True
60058,0,0.977411,0.0,0.977411,False,0.5042969171291044,False
194081,0,0.979039,0.0,0.979039,False,0.5373999128539048,False
53736,0,0.975955,0.0,0.975955,False,0.6237958318745891,False
231649,0,0.979013,0.0,0.979013,False,0.5338993240243379,False
367671,0,0.979508,0.0,0.979508,False,0.5973319012932721,False
39449,0,0.978042,0.0,0.978042,False,0.4689120702230372,False
187595,0,0.979148,0.0,0.979148,False,0.5453540356183876,False
137340,0,0.976788,0.0,0.976788,False,0.5773534071393274,False
57487,0,0.975477,0.0,0.975477,False,0.6611843054370512,True
239717,0,0.978237,0.0,0.978237,False,0.4881470059442089,False
73206,0,0.978619,0.0,0.978619,False,0.49753553540059686,False
356664,0,0.975461,0.0,0.975461,True,0.6648572494065231,True
198461,0,0.96832,0.0,0.96832,True,0.8228403048154267,True
54309,0,0.977667,0.0,0.977667,False,0.4689679745111253,False
241331,0,0.979134,0.0,0.979134,False,0.5453540356183876,False
69445,0,0.978944,0.0,0.978944,False,0.5221952434422213,False
266171,0,0.979751,0.0,0.979751,False,0.6449665774896468,True
26289,0,0.976992,0.0,0.976992,False,0.5482152678390481,False
80132,0,0.966839,0.0,0.966839,True,0.8153391508786781,True
3770,0,0.979337,0.0,0.979337,False,0.566674578117414,False
107090,0,0.977187,0.0,0.977187,False,0.5227239388292546,False
97425,0,0.976003,0.0,0.976003,False,0.6237958318745891,False
116619,0,0.98174,0.0,0.98174,False,0.8068937862910293,True
56117,0,0.978881,0.0,0.978881,False,0.5239370242441637,False
240273,0,0.978631,0.0,0.978631,False,0.4971779108749402,False
342598,0,0.975352,0.0,0.975352,False,0.6799820510017893,True
237881,0,0.977129,0.0,0.977129,False,0.5244660774602982,False
177892,0,0.978626,0.0,0.978626,False,0.49753553540059686,False
44907,0,0.97673,0.0,0.97673,False,0.5777222825862343,False
346692,0,0.979865,0.0,0.979865,False,0.6517369285013206,True
282789,0,0.967122,0.0,0.967122,True,0.8153391508786781,True
47662,0,0.979333,0.0,0.979333,False,0.566674578117414,False
325405,0,0.977549,0.0,0.977549,False,0.4755186389571503,False
82920,0,0.978045,0.0,0.978045,False,0.4689120702230372,False
81516,0,0.978668,0.0,0.978668,False,0.5023559599459018,False
20916,0,0.978462,0.0,0.978462,False,0.4937175953549552,False
49123,0,0.965137,0.0,0.965137,True,0.7983851409489235,True
89725,0,0.977932,0.0,0.977932,False,0.4615446807103727,False
201728,0,0.978625,0.0,0.978625,False,0.49753553540059686,False
172103,0,0.979991,0.0,0.979991,False,0.6545466351748574,True
141530,0,0.980512,0.0,0.980512,False,0.7227756022521324,True
122049,0,0.97923,0.0,0.97923,False,0.5609995296311756,False
229690,0,0.978601,0.0,0.978601,False,0.49581161144317404,False
247974,0,0.977616,0.0,0.977616,False,0.4689679745111253,False
30369,0,0.976646,0.0,0.976646,False,0.5800837933736245,False
191277,0,0.980545,0.0,0.980545,False,0.7208993354902122,True
306012,0,0.971556,0.0,0.971556,True,0.7750358203527172,True
209400,0,0.977404,0.0,0.977404,False,0.5025684200605605,False
31959,0,0.977363,0.0,0.977363,False,0.4991149323785296,False
85197,0,0.978151,0.0,0.978151,False,0.4760964882698385,False
117026,0,0.972753,0.0,0.972753,False,0.7472532483453063,True
357599,0,0.979366,0.0,0.979366,False,0.577323893505832,False
193575,0,0.978028,0.0,0.978028,False,0.4689120702230372,False
177254,0,0.98169,0.0,0.98169,False,0.8068937862910293,True
279291,0,0.97767,0.0,0.97767,False,0.4689679745111253,False
347011,0,0.978281,0.0,0.978281,False,0.4864294319889305,False
55789,0,0.979107,0.0,0.979107,False,0.5471114906440742,False
277408,0,0.978637,0.0,0.978637,False,0.4971779108749402,False
140373,0,0.977306,0.0,0.977306,False,0.5042969171291044,False
240870,0,0.97642,0.0,0.97642,False,0.6051697624601493,False
188208,0,0.976469,0.0,0.976469,False,0.6033730392879181,False
120087,0,0.978216,0.0,0.978216,False,0.4881470059442089,False
312690,0,0.977722,0.0,0.977722,False,0.4618038200929088,False
207505,0,0.978324,0.0,0.978324,False,0.4829977683746413,False
80131,0,0.97724,0.0,0.97724,True,0.512804704408956,False
114137,0,0.978959,0.0,0.978959,False,0.5256799839099167,False
139893,0,0.98053,0.0,0.98053,False,0.7208993354902122,True
204693,0,0.978116,0.0,0.978116,False,0.4760964882698385,False
332547,0,0.979282,0.0,0.979282,False,0.5613661101601012,False
82540,0,0.978965,0.0,0.978965,False,0.5291694430248881,False
38409,0,0.977303,0.0,0.977303,False,0.5042969171291044,False
124782,0,0.978398,0.0,0.978398,False,0.4838975060218529,False
51599,0,0.979973,0.0,0.979973,False,0.6545466351748574,True
302100,0,0.979641,0.0,0.979641,False,0.6153405844230919,False
184101,0,0.977977,0.0,0.977977,False,0.4672075059604532,False
303520,0,0.978208,0.0,0.978208,False,0.48607336574939053,False
33568,0,0.97936,0.0,0.97936,False,0.5684464632114282,False
334993,0,0.976559,0.0,0.976559,False,0.5854725096246195,False
216161,0,0.978034,0.0,0.978034,False,0.4689120702230372,False
48896,0,0.979493,0.0,0.979493,False,0.5973319012932721,False
292002,0,0.976331,0.0,0.976331,True,0.6069677016820252,False
306491,0,0.978897,0.0,0.978897,False,0.5256799839099167,False
6019,0,0.973471,0.0,0.973471,True,0.725843465039007,True
73158,0,0.978001,0.0,0.978001,False,0.4672075059604532,False
264951,0,0.977095,0.0,0.977095,False,0.5262093951973368,False
347806,0,0.97886,0.0,0.97886,False,0.5180555833666294,False
199295,0,0.978475,0.0,0.978475,False,0.49128260912942917,False
249974,0,0.980631,0.0,0.980631,False,0.7208993354902122,True
1130,0,0.976514,0.0,0.976514,False,0.5926181912768808,False
138091,0,0.977861,0.0,0.977861,False,0.46530039658961353,False
324734,0,0.980688,0.0,0.980688,False,0.732220568455374,True
14470,0,0.978718,0.0,0.978718,False,0.5075445298820822,False
254615,0,0.978357,0.0,0.978357,False,0.4772994389626914,False
371112,0,0.979455,0.0,0.979455,False,0.5883868996366534,False
52418,0,0.978771,0.0,0.978771,False,0.5133110181693733,False
156960,0,0.978506,0.0,0.978506,False,0.49128260912942917,False
139042,0,0.978447,0.0,0.978447,False,0.4937175953549552,False
346047,0,0.978914,0.0,0.978914,False,0.5239370242441637,False
111477,0,0.979912,0.0,0.979912,False,0.644431467441422,True
369972,0,0.980365,0.0,0.980365,False,0.6911349970767152,True
21930,0,0.978525,0.0,0.978525,False,0.49128260912942917,False
352159,0,0.9775,0.0,0.9775,False,0.4948059344454119,False
111043,0,0.977401,0.0,0.977401,False,0.5025684200605605,False
145684,0,0.971443,0.0,0.971443,True,0.7827405963902634,True
282579,0,0.9795,0.0,0.9795,False,0.5973319012932721,False
70407,0,0.977781,0.0,0.977781,False,0.46259522487576293,False
316526,0,0.978048,0.0,0.978048,False,0.4689120702230372,False
83707,0,0.977695,0.0,0.977695,False,0.4635047270584857,False
138403,0,0.977313,0.0,0.977313,False,0.5042969171291044,False
53893,0,0.969222,0.0,0.969222,True,0.8150724049857611,True
193738,0,0.978121,0.0,0.978121,False,0.4760964882698385,False
178349,0,0.974864,0.0,0.974864,False,0.7294949800468856,True
56673,0,0.979201,0.0,0.979201,False,0.5471114906440742,False
281137,0,0.980559,0.0,0.980559,False,0.7190243377553546,True
295170,0,0.979212,0.0,0.979212,False,0.5471114906440742,False
106743,0,0.971824,0.0,0.971824,True,0.7712138865838066,True
336048,0,0.974245,0.0,0.974245,False,0.7349829890226696,True
290048,0,0.979431,0.0,0.979431,False,0.5812526538388023,False
232328,0,0.978128,0.0,0.978128,False,0.4795188069395419,False
136716,0,0.979295,0.0,0.979295,False,0.5613661101601012,False
142788,0,0.980683,0.0,0.980683,False,0.7284565319321646,True
183321,0,0.978045,0.0,0.978045,False,0.4689120702230372,False
35924,0,0.9792,0.0,0.9792,False,0.5471114906440742,False
139258,0,0.971808,0.0,0.971808,True,0.7712138865838066,True
110140,0,0.978204,0.0,0.978204,False,0.48289652204049677,False
345899,0,0.978561,0.0,0.978561,False,0.49180451804336917,False
42001,0,0.980736,0.0,0.980736,False,0.738435299902552,True
258744,0,0.976814,0.0,0.976814,False,0.5737987908972672,False
330879,0,0.976744,0.0,0.976744,True,0.5755754977671445,False
367696,0,0.974757,0.0,0.974757,False,0.7364775826842906,True
149415,0,0.981009,0.0,0.981009,False,0.7653810067639768,True
198691,0,0.971961,0.0,0.971961,True,0.7712138865838066,True
36466,0,0.979322,0.0,0.979322,False,0.5613661101601012,False
81158,0,0.980671,0.0,0.980671,False,0.7227756022521324,True
104248,0,0.977907,0.0,0.977907,False,0.4649472949436216,False
99829,0,0.975856,0.0,0.975856,False,0.6389527909939473,True
110615,0,0.979595,0.0,0.979595,False,0.6153405844230919,False
157284,0,0.976682,0.0,0.976682,False,0.5800837933736245,False
138656,0,0.978218,0.0,0.978218,False,0.4881470059442089,False
94036,0,0.976509,0.0,0.976509,False,0.5961982906541023,False
274088,0,0.972966,0.0,0.972966,True,0.7472532483453063,True
215856,0,0.97891,0.0,0.97891,False,0.5256799839099167,False
263638,0,0.97753,0.0,0.97753,False,0.4803985670652608,False
130970,0,0.978926,0.0,0.978926,False,0.5256799839099167,False
308944,0,0.975475,0.0,0.975475,False,0.6611843054370512,True
344652,0,0.97917,0.0,0.97917,False,0.5453540356183876,False
327837,0,0.978796,0.0,0.978796,False,0.5167837286090726,False
285929,0,0.97787,0.0,0.97787,False,0.46530039658961353,False
128075,0,0.976616,0.0,0.976616,False,0.5872571174453693,False
62855,0,0.977453,0.0,0.977453,False,0.5017059087071244,False
209186,0,0.979862,0.0,0.979862,False,0.6517369285013206,True
349665,0,0.980167,0.0,0.980167,False,0.6784512129723567,True
110430,0,0.978287,0.0,0.978287,False,0.4864294319889305,False
66818,0,0.978296,0.0,0.978296,False,0.4829977683746413,False
286046,0,0.978622,0.0,0.978622,False,0.49753553540059686,False
156471,0,0.979312,0.0,0.979312,False,0.5613661101601012,False
173239,0,0.977666,0.0,0.977666,False,0.4689679745111253,False
196038,0,0.977846,0.0,0.977846,False,0.46189730487201375,False
305402,0,0.980128,0.0,0.980128,False,0.669232253885777,True
200562,0,0.978821,0.0,0.978821,False,0.5124448787461001,False
200078,0,0.979516,0.0,0.979516,False,0.5973319012932721,False
16829,0,0.974014,0.0,0.974014,True,0.738082293518573,True
179768,0,0.977685,0.0,0.977685,False,0.4635047270584857,False
290771,0,0.977868,0.0,0.977868,True,0.46530039658961353,False
121981,0,0.967177,0.0,0.967177,True,0.819220834164119,True
254798,0,0.978487,0.0,0.978487,False,0.49128260912942917,False
165388,0,0.976355,0.0,0.976355,False,0.6069677016820252,False
311969,0,0.979147,0.0,0.979147,False,0.5453540356183876,False
41833,0,0.977701,0.0,0.977701,False,0.4635047270584857,False
221187,0,0.97894,0.0,0.97894,False,0.5256799839099167,False
119484,0,0.976149,0.0,0.976149,False,0.6105672315674345,False
115574,0,0.979042,0.0,0.979042,False,0.5373999128539048,False
309588,0,0.972001,0.0,0.972001,True,0.7654906741934902,True
208910,0,0.977384,0.0,0.977384,False,0.5025684200605605,False
16469,0,0.978852,0.0,0.978852,False,0.5180555833666294,False
4883,0,0.977194,0.0,0.977194,False,0.5227239388292546,False
87194,0,0.97788,0.0,0.97788,False,0.4670036700914897,False
186264,0,0.976304,0.0,0.976304,False,0.6091401414314355,False
109842,0,0.975496,0.0,0.975496,False,0.6611843054370512,True
20836,0,0.980466,0.0,0.980466,False,0.7227756022521324,True
60472,0,0.979103,0.0,0.979103,False,0.5467469101663691,False
256170,0,0.976535,0.0,0.976535,False,0.5926181912768808,False
249184,0,0.977318,0.0,0.977318,False,0.5025684200605605,False
320695,0,0.977919,0.0,0.977919,False,0.4615446807103727,False
352157,0,0.977313,0.0,0.977313,False,0.5042969171291044,False
100814,0,0.967957,0.0,0.967957,True,0.824785566780111,True
115141,0,0.976865,0.0,0.976865,False,0.5702489814116977,False
164981,0,0.978927,0.0,0.978927,False,0.5256799839099167,False
30662,0,0.976783,0.0,0.976783,False,0.5773534071393274,False
283423,0,0.971879,0.0,0.971879,True,0.7712138865838066,True
335243,0,0.978016,0.0,0.978016,False,0.4655040945926611,False
276653,0,0.97664,0.0,0.97664,False,0.5819069142652904,False
174879,0,0.980606,0.0,0.980606,False,0.7208993354902122,True
34701,0,0.971783,0.0,0.971783,False,0.7712138865838066,True
139973,0,0.979663,0.0,0.979663,False,0.6171454074123897,False
1858,0,0.979623,0.0,0.979623,False,0.6153405844230919,False
354785,0,0.975902,0.0,0.975902,False,0.6407735950847674,True
144194,0,0.970571,0.0,0.970571,False,0.7759694020542299,True
161616,1,0.954274,-0.02512700000000001,0.9668375,False,0.24854301742619728,False
221846,1,0.957485,-0.02307999999999999,0.969025,False,0.38395875271109053,False
84698,1,0.955144,-0.02427199999999996,0.9672799999999999,False,0.27677488860875166,False
114629,1,0.950157,-0.027089999999999947,0.9637020000000001,False,0.28739724857180804,False
83465,1,0.951733,-0.025551999999999908,0.9645090000000001,False,0.2431784765397762,False
369398,1,0.953698,-0.025196999999999914,0.9662965,False,0.2307317842535306,False
13112,1,0.948569,-0.025255000000000027,0.9611965,False,0.2772651509432386,False
235202,1,0.9566,-0.02276199999999995,0.967981,False,0.36289597402980595,False
104286,1,0.94629,-0.03299800000000008,0.962789,True,0.4362931509383616,False
224231,1,0.956733,-0.02164900000000003,0.9675575,False,0.3828838017275964,False
12995,1,0.957007,-0.022318999999999978,0.9681665,False,0.37692098456463513,False
74905,1,0.947819,-0.027052999999999994,0.9613455,False,0.3023832974669927,False
294254,1,0.94721,-0.026839000000000057,0.9606295,False,0.29567991307021363,False
265229,1,0.947175,-0.03186800000000001,0.963109,True,0.41279184460385354,False
366026,1,0.942534,-0.03143099999999999,0.9582495,False,0.3662266073933253,False
269565,1,0.948947,-0.02475000000000005,0.961322,False,0.2804200257129622,False
242550,1,0.95726,-0.022152999999999978,0.9683364999999999,False,0.3943293259814328,False
82704,1,0.946318,-0.03132800000000002,0.961982,True,0.39095224861245087,False
213416,1,0.955237,-0.024561999999999973,0.967518,False,0.2736634924689369,False
45580,1,0.94959,-0.02776999999999996,0.9634750000000001,False,0.3074744194884496,False
280043,1,0.946197,-0.02848000000000006,0.960437,False,0.3261343939164788,False
50707,1,0.93965,-0.032904000000000044,0.956102,False,0.41838434078350134,False
28401,1,0.951138,-0.02218399999999998,0.96223,False,0.3443585099778079,False
33306,1,0.948195,-0.026958999999999955,0.9616745,False,0.30140687742081074,False
23114,1,0.952015,-0.02545300000000006,0.9647414999999999,False,0.24533908579585745,False
114987,1,0.95204,-0.024897999999999976,0.9644889999999999,False,0.24748526846903068,False
325666,1,0.957645,-0.02351000000000003,0.9694,False,0.38182866458555886,False
92826,1,0.954626,-0.023268999999999984,0.9662605,False,0.25642681141167234,False
165868,1,0.952411,-0.02492300000000003,0.9648725,False,0.26271184811074694,False
306277,1,0.952615,-0.025556000000000023,0.965393,False,0.2696666502891671,False
219949,1,0.94712,-0.028006000000000086,0.961123,False,0.32883497040622195,False
81499,1,0.953687,-0.023900000000000032,0.965637,False,0.2690801036496928,False
278463,1,0.954994,-0.024229999999999974,0.967109,False,0.26636562522076984,False
180331,1,0.945451,-0.028841000000000006,0.9598715,False,0.3479336489688659,False
294076,1,0.955235,-0.02354300000000009,0.9670065,False,0.2880634336965007,False
160007,1,0.953626,-0.02445200000000003,0.9658519999999999,False,0.24563105942385957,False
288528,1,0.953616,-0.024016999999999955,0.9656245,False,0.2659052509634952,False
125541,1,0.953692,-0.025451,0.9664174999999999,False,0.25170931324146184,False
271358,1,0.952786,-0.024499999999999966,0.965036,False,0.2600891984758918,False
165767,1,0.954854,-0.025044000000000066,0.967376,False,0.24887001418541543,False
52953,1,0.948333,-0.027629000000000015,0.9621474999999999,False,0.3113243323712987,False
57288,1,0.956909,-0.023626000000000036,0.9687220000000001,False,0.3663815614992881,False
116876,1,0.955731,-0.023194000000000048,0.967328,False,0.3052214379373176,False
356263,1,0.95383,-0.023554999999999993,0.9656075,False,0.27321991715576494,False
129087,1,0.954412,-0.02486299999999997,0.9668435,False,0.2439755758429927,False
174160,1,0.956702,-0.023617,0.9685105,False,0.36307357640094795,False
155560,1,0.954234,-0.02178000000000002,0.9651240000000001,False,0.31654068482131104,False
93665,1,0.955367,-0.023877000000000037,0.9673054999999999,False,0.28929865380949177,False
58485,1,0.951689,-0.02496699999999996,0.9641725,False,0.24665625754498374,False
10211,1,0.956406,-0.023170000000000024,0.967991,False,0.3453459077588768,False
18889,1,0.955924,-0.02330399999999999,0.967576,False,0.31845697464536765,False
245392,1,0.952107,-0.025420999999999916,0.9648175,False,0.24064549304539973,False
354005,1,0.956577,-0.02246999999999999,0.967812,False,0.36998691803722084,False
315631,1,0.942327,-0.030326999999999993,0.9574905,False,0.34216138731014817,False
131813,1,0.954642,-0.024063999999999974,0.966674,False,0.2577455640303343,False
99724,1,0.953539,-0.024558999999999997,0.9658185,False,0.24093686997305944,False
215535,1,0.95607,-0.024094999999999978,0.9681175,False,0.33638454237842097,False
351364,1,0.953997,-0.024271000000000043,0.9661325000000001,False,0.24594553269411598,False
26633,1,0.950155,-0.02434500000000006,0.9623275,False,0.2932023774834858,False
146002,1,0.954156,-0.02575700000000003,0.9670345,False,0.2681927251246557,False
124118,1,0.950912,-0.02555799999999997,0.963691,False,0.24455302563117776,False
209546,1,0.954487,-0.024434000000000067,0.966704,False,0.24196310127210519,False
293540,1,0.954015,-0.023600000000000065,0.965815,False,0.26298098860643043,False
130111,1,0.953349,-0.02545799999999998,0.966078,False,0.24768179564331805,False
1701,1,0.951763,-0.02594799999999997,0.964737,False,0.2435838713720823,False
24025,1,0.940776,-0.03174800000000011,0.95665,False,0.3712797170246495,False
211694,1,0.956908,-0.023355000000000015,0.9685855,False,0.3663428520362608,False
101255,1,0.954849,-0.025242000000000098,0.96747,False,0.2576078312004202,False
299391,1,0.954852,-0.02454299999999998,0.9671235,False,0.24900945535546745,False
139883,1,0.953172,-0.022341999999999973,0.964343,False,0.30883153140538566,False
238555,1,0.957244,-0.023479000000000028,0.9689835,False,0.38231164726043987,False
221333,1,0.952414,-0.025476000000000054,0.965152,False,0.2716009712919244,False
30741,1,0.946275,-0.025961000000000012,0.9592555,False,0.2739146140567093,False
123314,1,0.95206,-0.024446999999999997,0.9642835000000001,False,0.25404131918252243,False
119325,1,0.95535,-0.023220999999999936,0.9669605,False,0.28187940898932773,False
86574,1,0.947876,-0.023260999999999976,0.9595065,False,0.3345293084421552,False
341911,1,0.951757,-0.02563700000000002,0.9645755,False,0.24784044440377748,False
30866,1,0.956142,-0.02299999999999991,0.967642,False,0.3273489913485703,False
340723,1,0.956133,-0.022958000000000034,0.967612,False,0.3333218015694608,False
332911,1,0.953352,-0.022468000000000043,0.9645859999999999,False,0.2967933531988749,False
211089,1,0.95349,-0.025037000000000087,0.9660085,False,0.23773506130009758,False
281527,1,0.958541,-0.021845000000000003,0.9694635,False,0.42413862077380315,False
164419,1,0.950708,-0.024280999999999997,0.9628485,False,0.2778235421260076,False
334030,1,0.950462,-0.025946999999999942,0.9634355,False,0.2411697080461787,False
213058,1,0.954803,-0.024534000000000056,0.96707,False,0.24900945535546745,False
350737,1,0.948396,-0.023831999999999964,0.960312,False,0.32393853426343494,False
22780,1,0.942119,-0.03439199999999998,0.959315,True,0.4311935928048434,False
112321,1,0.954706,-0.02407399999999993,0.966743,False,0.25963260586273373,False
281168,1,0.960193,-0.02219199999999999,0.971289,False,0.43218061687405607,False
53587,1,0.953514,-0.025627999999999984,0.966328,False,0.24319067834688068,False
139041,1,0.955161,-0.023162000000000016,0.966742,False,0.2803013456665778,False
199191,1,0.949974,-0.028657000000000044,0.9643025000000001,True,0.3250992640882856,False
338428,1,0.949074,-0.02581,0.9619789999999999,False,0.2747230927713933,False
48625,1,0.955467,-0.023758000000000057,0.967346,False,0.2963201333895528,False
297458,1,0.958928,-0.021140999999999965,0.9694985,False,0.45370263808164635,False
137752,1,0.950233,-0.024083999999999994,0.962275,False,0.30614528431360283,False
229734,1,0.948783,-0.027337999999999973,0.9624520000000001,False,0.28873468209334047,False
244855,1,0.952632,-0.026274999999999937,0.9657695,False,0.280578361740608,False
264979,1,0.951429,-0.025565999999999978,0.964212,False,0.24021621056223053,False
314019,1,0.950723,-0.027005000000000057,0.9642255,False,0.28669234205923627,False
104633,1,0.958037,-0.02207799999999993,0.969076,False,0.41048297492736197,False
284266,1,0.949038,-0.026688999999999963,0.9623825,False,0.2740516740347417,False
277317,1,0.949355,-0.02867900000000001,0.9636944999999999,True,0.32536607391448574,False
289428,1,0.951743,-0.02463000000000004,0.9640580000000001,False,0.25065458115131256,False
288255,1,0.953583,-0.022844000000000086,0.965005,False,0.2890557047658705,False
67314,1,0.95554,-0.023044000000000064,0.967062,False,0.29063239467800794,False
219794,1,0.950035,-0.028696000000000055,0.964383,True,0.33061003753584967,False
130367,1,0.954244,-0.02427299999999999,0.9663805,False,0.23460964193037662,False
335544,1,0.945214,-0.028598000000000012,0.9595130000000001,False,0.32174066783649785,False
123930,1,0.941805,-0.035721,0.9596655000000001,True,0.4468878060047506,False
236708,1,0.950603,-0.027197000000000027,0.9642014999999999,False,0.2981411835695786,False
146068,1,0.951611,-0.026783,0.9650025,True,0.2769771048864442,False
298673,1,0.955498,-0.02365600000000001,0.9673259999999999,False,0.2931455465010419,False
207425,1,0.955708,-0.023564999999999947,0.9674905,False,0.3136518176163328,False
328962,1,0.934698,-0.02843299999999993,0.9489145,False,0.26079479710301673,False
145738,1,0.950324,-0.02614900000000009,0.9633985,False,0.24971522454210068,False
146341,1,0.957003,-0.022810999999999915,0.9684085,False,0.37493293661376437,False
138873,1,0.945695,-0.02903700000000009,0.9602135,False,0.3561259409149158,False
191182,1,0.949176,-0.02632699999999999,0.9623395,False,0.26703403464610237,False
256131,1,0.956383,-0.02292000000000005,0.967843,False,0.34894601096895744,False
158606,1,0.953312,-0.024449999999999972,0.9655370000000001,False,0.25162461652983087,False
115457,1,0.953514,-0.024947000000000052,0.9659875,False,0.24134182508214266,False
281875,1,0.953599,-0.024561000000000055,0.9658795,False,0.24093686997305944,False
129303,1,0.953411,-0.024553000000000047,0.9656875,False,0.25162461652983087,False
267138,1,0.957368,-0.02188699999999999,0.9683115,False,0.40658335837756376,False
169951,1,0.947426,-0.03237500000000004,0.9636135,True,0.40823220919393527,False
164722,1,0.958202,-0.022552000000000016,0.9694780000000001,False,0.4088179296205565,False
356768,1,0.94482,-0.028730000000000033,0.959185,False,0.32677159913845855,False
254496,1,0.951604,-0.023938000000000015,0.963573,False,0.26764654700504364,False
35337,1,0.947278,-0.02624800000000005,0.960402,False,0.2822947276094442,False
58369,1,0.945866,-0.03317300000000001,0.9624524999999999,True,0.4418990705611945,False
12406,1,0.95684,-0.02222400000000002,0.967952,False,0.3778898505701333,False
345496,1,0.943694,-0.033837000000000006,0.9606125000000001,True,0.439880760697207,False
153878,1,0.954596,-0.024511999999999978,0.966852,False,0.24383724506193816,False
210325,1,0.947569,-0.028916000000000053,0.962027,True,0.35225645809212636,False
125140,1,0.955009,-0.022841,0.9664295,False,0.2832242093645247,False
41313,1,0.951994,-0.02521899999999999,0.9646035,False,0.24278552717817337,False
255155,1,0.952535,-0.025116000000000027,0.965093,False,0.2707819947337253,False
127400,1,0.951705,-0.026112000000000024,0.964761,False,0.2521383870154404,False
246777,1,0.958669,-0.02276800000000001,0.970053,False,0.4020656949787588,False
302698,1,0.945494,-0.025884000000000018,0.958436,False,0.2885906240104417,False
111754,1,0.952493,-0.024944999999999995,0.9649655,False,0.26271184811074694,False
20302,1,0.956353,-0.023336000000000023,0.968021,False,0.3453459077588768,False
284802,1,0.944582,-0.02701599999999993,0.95809,False,0.2984131482608881,False
305939,1,0.954877,-0.023978999999999973,0.9668665,False,0.263068535340601,False
163429,1,0.94751,-0.03006400000000009,0.962542,True,0.3515673196257252,False
278058,1,0.952873,-0.025976,0.965861,False,0.26184475277181385,False
221571,1,0.951455,-0.025885999999999965,0.9643980000000001,False,0.24382688381670214,False
78147,1,0.957474,-0.023289000000000004,0.9691185,False,0.38231164726043987,False
173617,1,0.954329,-0.022936000000000067,0.965797,False,0.27412765174224085,False
138685,1,0.949049,-0.026227,0.9621625,False,0.2711854147646978,False
290414,1,0.947512,-0.02769699999999997,0.9613605000000001,False,0.3193232361473316,False
358375,1,0.943665,-0.025102999999999986,0.9562165,False,0.28948994904860237,False
35631,1,0.958259,-0.021492999999999984,0.9690055,False,0.4325270408337329,False
337039,1,0.959394,-0.021083000000000074,0.9699355000000001,False,0.45014569651795644,False
267075,1,0.955298,-0.023177000000000003,0.9668865,False,0.2803013456665778,False
29821,1,0.949902,-0.023260999999999976,0.9615325,False,0.33145417739836974,False
294318,1,0.95379,-0.02508100000000002,0.9663305,False,0.23363866602480463,False
39523,1,0.957539,-0.022475000000000023,0.9687765,False,0.40549121674281,False
77643,1,0.956023,-0.023751999999999995,0.967899,False,0.3331578467513955,False
237717,1,0.958022,-0.023289999999999922,0.9696670000000001,False,0.38677234471627947,False
5069,1,0.952377,-0.023758999999999975,0.9642565000000001,False,0.28848275048380906,False
11028,1,0.956429,-0.02401500000000001,0.9684364999999999,False,0.3458564822498564,False
303657,1,0.955789,-0.023113999999999968,0.967346,False,0.30841237665253174,False
311699,1,0.955784,-0.02358400000000005,0.967576,False,0.3168541718124065,False
242357,1,0.947842,-0.027876000000000012,0.96178,False,0.3192428057959792,False
120646,1,0.948827,-0.03101300000000007,0.9643335,True,0.3647856573604913,False
312417,1,0.952541,-0.025388999999999995,0.9652354999999999,False,0.2671790111154136,False
224622,1,0.949813,-0.026388999999999996,0.9630075,False,0.2631345571770502,False
357412,1,0.956867,-0.022669999999999968,0.968202,False,0.38704242429973185,False
198943,1,0.954064,-0.02418699999999996,0.9661575,False,0.24594553269411598,False
252370,1,0.955785,-0.024088,0.967829,False,0.32146263261565683,False
332523,1,0.947738,-0.030585000000000084,0.9630305,True,0.37206915884648206,False
145060,1,0.952948,-0.02565799999999996,0.965777,False,0.26661088979061764,False
37435,1,0.952619,-0.024034,0.964636,False,0.27576283343466246,False
282713,1,0.957089,-0.02305400000000002,0.9686159999999999,False,0.3696553164394497,False
289239,1,0.954805,-0.021854999999999958,0.9657325,False,0.3071845811405183,False
360446,1,0.954991,-0.024606999999999934,0.9672945,False,0.26329658087229474,False
189600,1,0.950557,-0.025720999999999994,0.9634175,False,0.2458932450082145,False
299,1,0.954107,-0.024572999999999956,0.9663935,False,0.22774930472009652,False
225332,1,0.954024,-0.025282000000000027,0.966665,False,0.2449134609510436,False
31778,1,0.953827,-0.025205000000000033,0.9664295,False,0.23733380311900318,False
60517,1,0.951699,-0.024627000000000066,0.9640124999999999,False,0.24956148125376548,False
58654,1,0.95946,-0.023135000000000017,0.9710274999999999,False,0.39244580558946035,False
153709,1,0.956572,-0.022235000000000005,0.9676895,False,0.36488618163128317,False
339757,1,0.955676,-0.022255000000000025,0.9668034999999999,False,0.32326475074431227,False
336321,1,0.951347,-0.025996999999999937,0.9643455000000001,False,0.24753334204100363,False
308512,1,0.956315,-0.023089000000000026,0.9678595000000001,False,0.33721367413984243,False
210260,1,0.953373,-0.024397000000000002,0.9655715,False,0.25162461652983087,False
50819,1,0.955903,-0.023797000000000068,0.9678015,False,0.32989531989574233,False
37149,1,0.955558,-0.023857000000000017,0.9674865,False,0.3011828609227054,False
161225,1,0.955898,-0.023445999999999967,0.9676210000000001,False,0.32327189489,False
362293,1,0.955311,-0.023526999999999965,0.9670745000000001,False,0.2883917134644124,False
178389,1,0.934612,-0.039390999999999954,0.9543075,True,0.5186559031925251,False
221208,1,0.945945,-0.028992999999999935,0.9604415,False,0.3571196212857024,False
41291,1,0.944806,-0.025917999999999997,0.957765,False,0.28558898270752553,False
365214,1,0.954684,-0.024446999999999997,0.9669075,False,0.24383724506193816,False
333281,1,0.955401,-0.02559900000000004,0.9682005,True,0.3137600487164988,False
7737,1,0.953564,-0.024024000000000045,0.965576,False,0.2659052509634952,False
329588,1,0.94886,-0.026461999999999986,0.962091,False,0.2684793372147227,False
317105,1,0.948648,-0.026455999999999924,0.961876,False,0.2731927118810597,False
361689,1,0.944866,-0.024278000000000022,0.957005,False,0.3372758879900829,False
281131,1,0.949215,-0.027471000000000023,0.9629505,False,0.2945071807203631,False
343638,1,0.95189,-0.025839999999999974,0.96481,False,0.24675702260241822,False
189790,1,0.955752,-0.022917999999999994,0.967211,False,0.3183993933540176,False
340726,1,0.944504,-0.03032899999999994,0.9596685,False,0.3541846007783043,False
72525,1,0.955542,-0.023090999999999973,0.9670875,False,0.28904841120789576,False
65444,1,0.958197,-0.022492999999999985,0.9694434999999999,False,0.4088179296205565,False
319360,1,0.954991,-0.024606999999999934,0.9672945,False,0.26329658087229474,False
358935,1,0.950355,-0.026799000000000017,0.9637545,False,0.2645939217732459,False
100448,1,0.956446,-0.02275499999999997,0.9678235,False,0.3538228794565307,False
222075,1,0.952135,-0.025198000000000054,0.964734,False,0.236548702215194,False
69369,1,0.953413,-0.025109000000000048,0.9659675,False,0.2459040256811767,False
151722,1,0.934525,-0.04128899999999991,0.9551695,True,0.522237355165367,False
38033,1,0.951486,-0.025254,0.964113,False,0.24241075495122624,False
128351,1,0.953042,-0.025158000000000014,0.965621,False,0.2487467226876679,False
342871,1,0.956794,-0.02201299999999995,0.9678005000000001,False,0.3729253666188882,False
13912,1,0.949214,-0.027224000000000026,0.962826,False,0.2884623677580973,False
351129,1,0.956907,-0.02284800000000009,0.968331,False,0.3732919358413639,False
297365,1,0.95307,-0.02454400000000001,0.9653419999999999,False,0.2535066560858038,False
240570,1,0.95198,-0.02576999999999996,0.9648650000000001,False,0.2584536085404502,False
86317,1,0.954337,-0.024468000000000045,0.9665710000000001,False,0.23621669487936195,False
99561,1,0.954639,-0.024016999999999955,0.9666475,False,0.2577455640303343,False
261740,1,0.951067,-0.025823999999999958,0.9639789999999999,False,0.24587457302987129,False
29971,1,0.955652,-0.022991000000000095,0.9671475,False,0.30044311861106293,False
4101,1,0.954086,-0.023600999999999983,0.9658865,False,0.26298098860643043,False
176472,1,0.955131,-0.023002999999999996,0.9666325,False,0.28187940898932773,False
85669,1,0.951467,-0.025939000000000045,0.9644364999999999,False,0.24220901046643184,False
128393,1,0.957679,-0.022308000000000106,0.968833,False,0.4071540104796031,False
24702,1,0.940599,-0.03682400000000008,0.9590110000000001,True,0.4813735487246922,False
350152,1,0.957951,-0.022090999999999972,0.9689965,False,0.41048297492736197,False
235514,1,0.955564,-0.022859000000000074,0.9669935000000001,False,0.30372876638326995,False
213078,1,0.953292,-0.02429999999999999,0.965442,False,0.2500670162623318,False
285706,1,0.955432,-0.022201000000000026,0.9665325,False,0.3038193032110185,False
360795,1,0.957644,-0.022189999999999932,0.968739,False,0.4071540104796031,False
105461,1,0.946324,-0.024034,0.9583410000000001,False,0.34187221290759623,False
266248,1,0.95048,-0.027587000000000028,0.9642735,False,0.29865848619907864,False
195779,1,0.954076,-0.02374799999999999,0.9659500000000001,False,0.2676831916164468,False
84715,1,0.945962,-0.032711000000000046,0.9623174999999999,True,0.4467140707489028,False
131659,1,0.954413,-0.024508000000000085,0.9666669999999999,False,0.2448379132215189,False
367955,1,0.955471,-0.02340500000000001,0.9671734999999999,False,0.28997525247147604,False
170017,1,0.949765,-0.026577000000000073,0.9630535,False,0.26687322030005256,False
225994,1,0.9521,-0.024746000000000046,0.9644729999999999,False,0.24955014491879385,False
266161,1,0.952375,-0.025036999999999976,0.9648935,False,0.2590714651974376,False
83876,1,0.950947,-0.02587000000000006,0.963882,False,0.24587457302987129,False
29327,1,0.952721,-0.025034,0.965238,False,0.26004142479701947,False
247815,1,0.958962,-0.02143600000000001,0.96968,False,0.43084708585801434,False
149552,1,0.953566,-0.024236999999999953,0.9656845000000001,False,0.2579025394204537,False
68617,1,0.952626,-0.025032999999999972,0.9651425,False,0.2619303428961556,False
65934,1,0.955393,-0.024547999999999903,0.967667,False,0.28483160990257755,False
289682,1,0.955687,-0.023230000000000084,0.967302,False,0.3052214379373176,False
353036,1,0.944392,-0.034262000000000015,0.961523,True,0.43447372587348093,False
36396,1,0.960241,-0.02107800000000004,0.97078,False,0.4659810669673922,False
138966,1,0.953818,-0.025476999999999972,0.9665565,False,0.2501516556887088,False
63441,1,0.95031,-0.02771800000000002,0.964169,False,0.2980060791228402,False
129973,1,0.951218,-0.025758999999999976,0.9640975,False,0.2525932479237006,False
185429,1,0.952604,-0.02248300000000003,0.9638455,False,0.3152349875648816,False
308443,1,0.955125,-0.023950000000000027,0.9671000000000001,False,0.2829727497488499,False
227942,1,0.955534,-0.024648000000000003,0.967858,False,0.29261175482774693,False
117806,1,0.950871,-0.025688999999999962,0.9637155,False,0.2497268489732082,False
319275,1,0.952822,-0.024506000000000028,0.9650749999999999,False,0.2561273879082003,False
146037,1,0.945917,-0.031252999999999975,0.9615435,True,0.39095224861245087,False
324282,1,0.952255,-0.025926000000000005,0.9652179999999999,False,0.2711399606269892,False
112065,1,0.946033,-0.033683999999999936,0.9628749999999999,True,0.44660964465203495,False
51332,1,0.954775,-0.02437099999999992,0.9669605,False,0.24383724506193816,False
262451,1,0.952254,-0.02592299999999992,0.9652155,False,0.2711399606269892,False
338784,1,0.954493,-0.024216999999999933,0.9666015,False,0.24113129229120495,False
185753,1,0.950556,-0.02601500000000001,0.9635635,False,0.2411697080461787,False
351224,1,0.953886,-0.024832999999999994,0.9663025000000001,False,0.22951008514186522,False
36066,1,0.938994,-0.037841000000000014,0.9579145,True,0.5174422012106366,False
318029,1,0.951264,-0.026146000000000003,0.964337,False,0.25610257991481744,False
126286,1,0.958861,-0.020974000000000048,0.969348,False,0.4605314388649649,False
112886,1,0.951054,-0.025675000000000003,0.9638914999999999,False,0.24587457302987129,False
296341,1,0.952052,-0.024760000000000004,0.964432,False,0.24955014491879385,False
68587,1,0.951955,-0.023892000000000024,0.963901,False,0.2703167169063496,False
81030,1,0.953409,-0.021944000000000075,0.9643809999999999,False,0.3190528789184883,False
147721,1,0.957613,-0.022565999999999975,0.968896,False,0.4088179296205565,False
42982,1,0.954664,-0.02430600000000005,0.966817,False,0.24383724506193816,False
37220,1,0.958015,-0.02207200000000009,0.969051,False,0.41048297492736197,False
222077,1,0.952063,-0.024487000000000037,0.9643065,False,0.25404131918252243,False
368857,1,0.950666,-0.025295999999999985,0.963314,False,0.25720310555806364,False
290049,1,0.953234,-0.027424000000000004,0.9669460000000001,True,0.3138341105723215,False
120031,1,0.955153,-0.024370000000000003,0.967338,False,0.2704456583282177,False
182981,1,0.946957,-0.023173999999999917,0.9585440000000001,False,0.3508123785180895,False
190306,1,0.947752,-0.02458399999999994,0.960044,False,0.29047173901282364,False
3407,1,0.950716,-0.02604899999999999,0.9637405,False,0.24687205120034736,False
282746,1,0.954498,-0.02429900000000007,0.9666475,False,0.24196310127210519,False
145852,1,0.953711,-0.025917999999999997,0.9666699999999999,False,0.2663811751329216,False
73495,1,0.956888,-0.02287400000000006,0.968325,False,0.3732919358413639,False
373790,1,0.954083,-0.024155999999999955,0.966161,False,0.253906806348616,False
130825,1,0.959428,-0.02097900000000008,0.9699175,False,0.4620611441037887,False
291382,1,0.9539,-0.024533000000000027,0.9661664999999999,False,0.23609593570807225,False
15622,1,0.94579,-0.030019000000000018,0.9607995,False,0.3618964813909081,False
36287,1,0.954487,-0.024599000000000038,0.9667865,False,0.23914672159169484,False
16663,1,0.951305,-0.02593600000000007,0.9642729999999999,False,0.24908922747914802,False
96200,1,0.954069,-0.025269000000000097,0.9667034999999999,False,0.2449134609510436,False
26522,1,0.955505,-0.0240189999999999,0.9675145,False,0.2998839937117086,False
48390,1,0.957015,-0.022348000000000035,0.968189,False,0.38325712647505483,False
58650,1,0.952666,-0.024768000000000012,0.96505,False,0.26557523045725273,False
49453,1,0.949993,-0.025129999999999986,0.962558,False,0.26572515791334905,False
85277,1,0.950151,-0.026351000000000013,0.9633265,False,0.2600048457330265,False
221777,1,0.954405,-0.025575000000000014,0.9671924999999999,False,0.2651627951808149,False
60058,1,0.950569,-0.026842000000000033,0.96399,False,0.26474272259308956,False
194081,1,0.954221,-0.024818000000000007,0.96663,False,0.2439755758429927,False
53736,1,0.949569,-0.02638600000000002,0.962762,False,0.2602368374522304,False
231649,1,0.956175,-0.022838000000000025,0.9675940000000001,False,0.33418599424388384,False
367671,1,0.955448,-0.02406000000000008,0.9674780000000001,False,0.2963751414274765,False
39449,1,0.95275,-0.02529199999999998,0.9653959999999999,False,0.2544421982598304,False
187595,1,0.954587,-0.024561000000000055,0.9668675,False,0.23914672159169484,False
137340,1,0.951136,-0.025652000000000008,0.963962,False,0.24070941147097494,False
57487,1,0.947705,-0.02777200000000002,0.9615910000000001,False,0.3192428057959792,False
239717,1,0.948203,-0.030034000000000005,0.96322,True,0.344302513625257,False
73206,1,0.955145,-0.023473999999999995,0.966882,False,0.2831309527700094,False
356664,1,0.953522,-0.021939000000000042,0.9644915000000001,False,0.3190528789184883,False
198461,1,0.943063,-0.025256999999999974,0.9556914999999999,False,0.2786026707268927,False
54309,1,0.951235,-0.0264319999999999,0.964451,False,0.2635189297956871,False
241331,1,0.956152,-0.022981999999999947,0.967643,False,0.3273489913485703,False
69445,1,0.954634,-0.024310000000000054,0.966789,False,0.24383724506193816,False
266171,1,0.956141,-0.02361000000000002,0.967946,False,0.3372519172085662,False
26289,1,0.950937,-0.02605499999999994,0.9639645,False,0.24425525622917965,False
80132,1,0.941004,-0.025835000000000052,0.9539215,False,0.2565620860327448,False
3770,1,0.952545,-0.026792000000000038,0.9659409999999999,False,0.2946717188860135,False
107090,1,0.947126,-0.030061000000000004,0.9621565000000001,True,0.3639757490373152,False
97425,1,0.950575,-0.025428000000000006,0.963289,False,0.2514751284579447,False
116619,1,0.959644,-0.022095999999999894,0.970692,False,0.41454081556484157,False
56117,1,0.954815,-0.024066000000000032,0.9668479999999999,False,0.25963260586273373,False
240273,1,0.953723,-0.02490800000000004,0.9661770000000001,False,0.23646340566781046,False
342598,1,0.948605,-0.026746999999999965,0.9619785000000001,False,0.27854251829418036,False
237881,1,0.951017,-0.026112000000000024,0.964073,False,0.2522112286941789,False
177892,1,0.953414,-0.025212000000000012,0.96602,False,0.23823982408372368,False
44907,1,0.951449,-0.025280999999999998,0.9640895,False,0.24428526458106162,False
346692,1,0.956948,-0.022916999999999965,0.9684065,False,0.3732919358413639,False
282789,1,0.942793,-0.024329000000000045,0.9549575,False,0.32305606649506613,False
47662,1,0.954702,-0.02463099999999996,0.9670175000000001,False,0.2483711735077335,False
325405,1,0.953057,-0.024491999999999958,0.965303,False,0.25483511153455685,False
82920,1,0.952191,-0.025854000000000044,0.965118,False,0.2668908241985806,False
81516,1,0.954043,-0.024625000000000008,0.9663554999999999,False,0.2309725476081455,False
20916,1,0.953423,-0.025039000000000033,0.9659425,False,0.2411562696939687,False
49123,1,0.938073,-0.027063999999999977,0.951605,False,0.2551520768533634,False
89725,1,0.953743,-0.024189000000000016,0.9658375,False,0.2487781340042623,False
201728,1,0.953622,-0.025002999999999997,0.9661234999999999,False,0.23956123991665393,False
172103,1,0.956981,-0.023009999999999975,0.968486,False,0.3614405967955608,False
141530,1,0.958372,-0.02214000000000005,0.969442,False,0.4124948397140356,False
122049,1,0.95597,-0.02326000000000006,0.9676,False,0.3168541718124065,False
229690,1,0.954661,-0.023940000000000072,0.966631,False,0.26247417540182283,False
247974,1,0.951974,-0.025642000000000054,0.9647950000000001,False,0.2450168466985116,False
30369,1,0.951579,-0.02506700000000006,0.9641124999999999,False,0.24770282195168455,False
191277,1,0.956078,-0.024467000000000017,0.9683115,False,0.32786152337637564,False
306012,1,0.947513,-0.024042999999999926,0.9595345,False,0.3271548175850597,False
209400,1,0.950069,-0.027334999999999998,0.9637365,False,0.2884998302578791,False
31959,1,0.951532,-0.025830999999999937,0.9644475,False,0.243641127299839,False
85197,1,0.954869,-0.023282000000000025,0.96651,False,0.25757526593720825,False
117026,1,0.940836,-0.03191699999999997,0.9567945,False,0.3786812268741354,False
357599,1,0.955743,-0.02362299999999995,0.9675545,False,0.315252453047134,False
193575,1,0.952219,-0.02580899999999997,0.9651235,False,0.2668908241985806,False
177254,1,0.951428,-0.0302619999999999,0.966559,True,0.35705450407041417,False
279291,1,0.951476,-0.02619400000000005,0.964573,False,0.2554357700229949,False
347011,1,0.955068,-0.023212999999999928,0.9666745,False,0.27668175335377815,False
55789,1,0.956222,-0.022884999999999933,0.9676644999999999,False,0.3406506867460385,False
277408,1,0.95549,-0.02314700000000003,0.9670635,False,0.28872003929938933,False
140373,1,0.953363,-0.023943000000000048,0.9653345,False,0.265617222375038,False
240870,1,0.949055,-0.027364999999999973,0.9627375,False,0.2866346398464359,False
188208,1,0.950664,-0.025805000000000078,0.9635665,False,0.25004974901893773,False
120087,1,0.953204,-0.025011999999999923,0.9657100000000001,False,0.24920271504223404,False
312690,1,0.95327,-0.02445200000000003,0.9654959999999999,False,0.25162461652983087,False
207505,1,0.954611,-0.023712999999999984,0.9664675,False,0.25757526593720825,False
80131,1,0.951956,-0.025283999999999973,0.9645980000000001,False,0.239040486875616,False
114137,1,0.953049,-0.02590999999999999,0.9660040000000001,False,0.25565897764194956,False
139893,1,0.954576,-0.025954000000000033,0.967553,True,0.27255840173903767,False
204693,1,0.94745,-0.03066599999999997,0.9627829999999999,True,0.37039132072756437,False
332547,1,0.954684,-0.02459800000000001,0.9669829999999999,False,0.24586206427035692,False
82540,1,0.955163,-0.02380199999999999,0.9670639999999999,False,0.28589897098903605,False
38409,1,0.95366,-0.02364300000000008,0.9654815,False,0.2728937661272204,False
124782,1,0.953758,-0.024639999999999995,0.966078,False,0.23723863547327853,False
51599,1,0.95659,-0.02338299999999993,0.9682815,False,0.36341238224288275,False
302100,1,0.956165,-0.02347599999999994,0.967903,False,0.34210502539904214,False
184101,1,0.954326,-0.023650999999999978,0.9661515,False,0.2567876064100965,False
303520,1,0.954417,-0.023791000000000007,0.9663124999999999,False,0.2556847084231285,False
33568,1,0.956214,-0.023146,0.967787,False,0.3355981850728378,False
334993,1,0.952224,-0.024334999999999996,0.9643915,False,0.2574468171249931,False
216161,1,0.953964,-0.024069999999999925,0.965999,False,0.2520691920472299,False
48896,1,0.957179,-0.022313999999999945,0.968336,False,0.3816104955745588,False
292002,1,0.953947,-0.02238399999999996,0.965139,False,0.3031796374591897,False
306491,1,0.954849,-0.02404800000000007,0.966873,False,0.25963260586273373,False
6019,1,0.948597,-0.02487399999999995,0.9610339999999999,False,0.27832744537681786,False
73158,1,0.947702,-0.030298999999999965,0.9628515,True,0.35055354167430325,False
264951,1,0.95236,-0.024735000000000062,0.9647275,False,0.25650584208351235,False
347806,1,0.95351,-0.025349999999999984,0.966185,False,0.24055828303863755,False
199295,1,0.95176,-0.026714999999999933,0.9651175000000001,False,0.2788325375463243,False
249974,1,0.956884,-0.023747000000000074,0.9687574999999999,False,0.3680178852249421,False
1130,1,0.952512,-0.024001999999999968,0.964513,False,0.28250179393808544,False
138091,1,0.953559,-0.024301999999999935,0.9657100000000001,False,0.25162461652983087,False
324734,1,0.948259,-0.03242900000000004,0.9644735,True,0.40112541214199116,False
14470,1,0.952961,-0.02575700000000003,0.9658395,False,0.26347647744972763,False
254615,1,0.955209,-0.023148000000000057,0.966783,False,0.2803013456665778,False
371112,1,0.955311,-0.024143999999999943,0.967383,False,0.2864241408557396,False
52418,1,0.95558,-0.02319099999999996,0.9671755,False,0.28904841120789576,False
156960,1,0.953277,-0.025228999999999946,0.9658915,False,0.24166178689972326,False
139042,1,0.954164,-0.024282999999999944,0.9663055,False,0.23864204810631515,False
346047,1,0.955733,-0.023180999999999896,0.9673235,False,0.3052214379373176,False
111477,1,0.956749,-0.023163000000000045,0.9683305,False,0.3614405967955608,False
369972,1,0.956594,-0.023770999999999987,0.9684795,False,0.36014706935734037,False
21930,1,0.953381,-0.025143999999999944,0.9659530000000001,False,0.24778139014775422,False
352159,1,0.951266,-0.02623400000000009,0.964383,False,0.25610257991481744,False
111043,1,0.953603,-0.023797999999999986,0.965502,False,0.2760409303111757,False
145684,1,0.947181,-0.024261999999999895,0.9593119999999999,False,0.32730904914644093,False
282579,1,0.95549,-0.024010000000000087,0.967495,False,0.29926189033330175,False
70407,1,0.953071,-0.02471000000000001,0.965426,False,0.25264106307481454,False
316526,1,0.953301,-0.024747000000000074,0.9656745,False,0.2507597303374852,False
83707,1,0.952855,-0.024839999999999973,0.965275,False,0.25709055800972236,False
138403,1,0.952589,-0.024723999999999968,0.964951,False,0.26479040178678476,False
53893,1,0.943424,-0.025797999999999988,0.956323,False,0.2853563380017256,False
193738,1,0.954318,-0.02380300000000002,0.9662195,False,0.2574505606397596,False
178349,1,0.946749,-0.028115,0.9608064999999999,False,0.3255580570239382,False
56673,1,0.956723,-0.022477999999999998,0.967962,False,0.37624684986685386,False
281137,1,0.959,-0.021558999999999995,0.9697795,False,0.43084708585801434,False
295170,1,0.956698,-0.022513999999999923,0.967955,False,0.37624684986685386,False
106743,1,0.946507,-0.025317000000000034,0.9591655,False,0.27772782844389937,False
336048,1,0.944587,-0.029658000000000073,0.959416,False,0.3413336508954558,False
290048,1,0.956105,-0.02332600000000007,0.967768,False,0.33721367413984243,False
232328,1,0.95392,-0.024208000000000007,0.966024,False,0.24411426478670384,False
136716,1,0.95473,-0.02456500000000006,0.9670125,False,0.24586206427035692,False
142788,1,0.957393,-0.023289999999999922,0.9690380000000001,False,0.38231164726043987,False
183321,1,0.95353,-0.024515000000000065,0.9657875,False,0.24718565736811665,False
35924,1,0.95483,-0.024370000000000003,0.967015,False,0.2505663398496155,False
139258,1,0.9454,-0.026407999999999987,0.958604,False,0.28432190709177246,False
110140,1,0.95493,-0.023274000000000017,0.966567,False,0.2566063412667267,False
345899,1,0.955883,-0.022677999999999976,0.967222,False,0.33345151649361865,False
42001,1,0.957524,-0.02321200000000001,0.96913,False,0.38231164726043987,False
258744,1,0.952735,-0.02407899999999996,0.9647745,False,0.2626448710509328,False
330879,1,0.954402,-0.022341999999999973,0.965573,False,0.30062432729772326,False
367696,1,0.94688,-0.02787699999999993,0.9608185,False,0.3255580570239382,False
149415,1,0.957655,-0.023353999999999986,0.9693320000000001,False,0.38182866458555886,False
198691,1,0.946206,-0.025754999999999972,0.9590835,False,0.28297641291842013,False
36466,1,0.955409,-0.023913000000000073,0.9673655,False,0.2908828066476132,False
81158,1,0.957859,-0.022811999999999943,0.969265,False,0.397091004515937,False
104248,1,0.951999,-0.02590799999999993,0.964953,False,0.2568913894331091,False
99829,1,0.949778,-0.026077999999999935,0.962817,False,0.25259975447677163,False
110615,1,0.956396,-0.02319899999999997,0.9679955,False,0.34210502539904214,False
157284,1,0.951399,-0.025283000000000055,0.9640405000000001,False,0.2414574704214187,False
138656,1,0.953565,-0.024653000000000036,0.9658915,False,0.2434405995940302,False
94036,1,0.948373,-0.02813599999999994,0.962441,False,0.3050882677273506,False
274088,1,0.948832,-0.02413399999999999,0.960899,False,0.32313635111869904,False
215856,1,0.953221,-0.025688999999999962,0.9660655,False,0.250981156135149,False
263638,1,0.953362,-0.024167999999999967,0.965446,False,0.2579025394204537,False
130970,1,0.955058,-0.023868,0.966992,False,0.2809264290994716,False
308944,1,0.935979,-0.039495999999999976,0.955727,True,0.5197750822037737,False
344652,1,0.95223,-0.026939999999999964,0.9657,False,0.2988524891595961,False
327837,1,0.953187,-0.025608999999999993,0.9659915,False,0.2520296902420967,False
285929,1,0.951821,-0.02604899999999999,0.9648455,False,0.2435838713720823,False
128075,1,0.952005,-0.02461100000000005,0.9643105000000001,False,0.25258370608838565,False
62855,1,0.950892,-0.026561000000000057,0.9641725,False,0.26145797326904313,False
209186,1,0.955834,-0.02402800000000005,0.967848,False,0.32146263261565683,False
349665,1,0.958618,-0.02154900000000004,0.9693925,False,0.4258140353580397,False
110430,1,0.955973,-0.022314000000000056,0.96713,False,0.32861595502641733,False
66818,1,0.954096,-0.0242,0.966196,False,0.24594553269411598,False
286046,1,0.954513,-0.024109000000000047,0.9665675,False,0.24907588184057747,False
156471,1,0.954501,-0.024810999999999916,0.9669065,False,0.24110184355775338,False
173239,1,0.953599,-0.02406700000000006,0.9656325,False,0.2659052509634952,False
196038,1,0.952153,-0.025692999999999966,0.9649995,False,0.2668908241985806,False
305402,1,0.957207,-0.02292099999999997,0.9686675,False,0.3848412963386738,False
200562,1,0.95478,-0.02404100000000009,0.9668005,False,0.25963260586273373,False
200078,1,0.958284,-0.02123200000000003,0.9689000000000001,False,0.45370263808164635,False
16829,1,0.951481,-0.022533000000000025,0.9627475000000001,False,0.31467511078070887,False
179768,1,0.953381,-0.024303999999999992,0.965533,False,0.25162461652983087,False
290771,1,0.948101,-0.029766999999999988,0.9629844999999999,True,0.3383021997934022,False
121981,1,0.937419,-0.02975799999999995,0.952298,True,0.27554401009623114,False
254798,1,0.942915,-0.03557200000000005,0.960701,True,0.4602180689009595,False
165388,1,0.95017,-0.026185000000000014,0.9632624999999999,False,0.2557194387712813,False
311969,1,0.957192,-0.021954999999999947,0.9681695,False,0.3904943933446844,False
41833,1,0.953274,-0.024427000000000088,0.9654875,False,0.25162461652983087,False
221187,1,0.954798,-0.024141999999999997,0.966869,False,0.25963260586273373,False
119484,1,0.9506,-0.025549000000000044,0.9633745,False,0.25113472318023167,False
115574,1,0.956819,-0.022222999999999993,0.9679305,False,0.3778898505701333,False
309588,1,0.947264,-0.02473700000000001,0.9596325,False,0.2860825476377316,False
208910,1,0.951094,-0.026290000000000036,0.9642390000000001,False,0.2534468581276641,False
16469,1,0.954767,-0.024085000000000023,0.9668095000000001,False,0.25963260586273373,False
4883,1,0.942165,-0.03502899999999998,0.9596795,True,0.4558400057851434,False
87194,1,0.943604,-0.03427599999999997,0.960742,True,0.4424021614127875,False
186264,1,0.949788,-0.026515999999999984,0.963046,False,0.2621726596691795,False
109842,1,0.949304,-0.026191999999999993,0.9624,False,0.25884334739467196,False
20836,1,0.958336,-0.022129999999999983,0.969401,False,0.40749900207049583,False
60472,1,0.957048,-0.022054999999999936,0.9680755,False,0.3724783111588197,False
256170,1,0.951654,-0.024881000000000042,0.9640945000000001,False,0.2485342367647055,False
249184,1,0.951895,-0.025422999999999973,0.9646065,False,0.24388697491931122,False
320695,1,0.951105,-0.026814000000000004,0.964512,False,0.2676771977184797,False
352157,1,0.944213,-0.03310000000000002,0.960763,True,0.4445810488374046,False
100814,1,0.937498,-0.030458999999999903,0.9527275,False,0.30743504330181526,False
115141,1,0.950073,-0.026792000000000038,0.9634689999999999,False,0.26436149276596405,False
164981,1,0.95467,-0.024256999999999973,0.9667985,False,0.25009393906902905,False
30662,1,0.951057,-0.025725999999999916,0.96392,False,0.24587457302987129,False
283423,1,0.943701,-0.028178000000000036,0.95779,True,0.2958673453826613,False
335243,1,0.953514,-0.024502000000000024,0.965765,False,0.24718565736811665,False
276653,1,0.949882,-0.02675799999999995,0.9632609999999999,False,0.27220848243991586,False
174879,1,0.958966,-0.021639999999999993,0.969786,False,0.43084708585801434,False
34701,1,0.93947,-0.032312999999999925,0.9556264999999999,False,0.37209715820784567,False
139973,1,0.95635,-0.023312999999999917,0.9680065,False,0.343724918394817,False
1858,1,0.956473,-0.023150000000000004,0.968048,False,0.3494705720516827,False
354785,1,0.947015,-0.028886999999999996,0.9614585,False,0.3649109433003107,False
144194,1,0.937636,-0.03293499999999994,0.9541035,False,0.4020682631014538,False
161616,2,0.925671,-0.028602999999999934,0.9531153333333333,False,0.1347679818509271,False
221846,2,0.932358,-0.02512700000000001,0.9568026666666668,False,0.2432981380427807,False
84698,2,0.927526,-0.02761800000000003,0.9540286666666665,False,0.14874990223229254,False
114629,2,0.911801,-0.03835600000000006,0.9464016666666666,True,0.43244961825552847,False
83465,2,0.923343,-0.028390000000000026,0.950787,False,0.1780108934352599,False
369398,2,0.925517,-0.02818100000000001,0.9527033333333333,False,0.13154795527195942,False
13112,2,0.919145,-0.029424000000000006,0.9471793333333333,False,0.2423029374832354,False
235202,2,0.931776,-0.024823999999999957,0.9559126666666667,False,0.24946992606882593,False
104286,2,0.921314,-0.024975999999999998,0.948964,False,0.301641960892876,False
224231,2,0.931879,-0.02485399999999993,0.9556646666666667,False,0.24635869272476987,False
12995,2,0.92109,-0.03591700000000009,0.9524743333333333,True,0.3249130719482128,False
74905,2,0.916541,-0.03127799999999992,0.9464106666666666,False,0.27233522865248333,False
294254,2,0.902618,-0.044591999999999965,0.9412923333333333,True,0.4942187022287542,False
265229,2,0.921636,-0.02553899999999998,0.9492846666666667,False,0.2617358444340103,False
366026,2,0.908247,-0.034286999999999956,0.941582,False,0.3261107666582963,False
269565,2,0.924426,-0.024521000000000015,0.9490233333333333,False,0.3051339910576094,False
242550,2,0.931906,-0.025353999999999988,0.956193,False,0.2292881097589018,False
82704,2,0.918631,-0.027687000000000017,0.9475316666666668,False,0.22835164973904923,False
213416,2,0.927609,-0.027627999999999986,0.954215,False,0.15601891403526286,False
45580,2,0.90764,-0.04195000000000004,0.9448633333333333,True,0.47757232779689673,False
280043,2,0.906117,-0.040080000000000005,0.9423303333333334,True,0.45868105379348,False
50707,2,0.905183,-0.034467000000000025,0.939129,False,0.27758465140365013,False
28401,2,0.924827,-0.026311000000000084,0.9497623333333333,False,0.19085788048444124,False
33306,2,0.918514,-0.029680999999999957,0.9472876666666666,False,0.24198112438478273,False
23114,2,0.923212,-0.028802999999999912,0.9508983333333333,False,0.1839738701290897,False
114987,2,0.924919,-0.02712099999999995,0.951299,False,0.15833444825970872,False
325666,2,0.932852,-0.024792999999999954,0.9572173333333334,False,0.26994339555047453,False
92826,2,0.928049,-0.026576999999999962,0.9535233333333334,False,0.13602974233802642,False
165868,2,0.925099,-0.027312000000000003,0.9516146666666666,False,0.14548993416394299,False
306277,2,0.925007,-0.027607999999999966,0.9519310000000001,False,0.15388937920734258,False
219949,2,0.915651,-0.03146899999999997,0.9459656666666666,False,0.2598277848481454,False
81499,2,0.927459,-0.026227999999999918,0.952911,False,0.15330085460257908,False
278463,2,0.92827,-0.02672399999999997,0.9541626666666666,False,0.13775774889801054,False
180331,2,0.912771,-0.03268000000000004,0.9441713333333334,False,0.3286185922412245,False
294076,2,0.928384,-0.026850999999999958,0.9541323333333334,False,0.13860427984774593,False
160007,2,0.926137,-0.027488999999999986,0.9526136666666667,False,0.14312531504504372,False
288528,2,0.925933,-0.027683000000000013,0.952394,False,0.13863008875668675,False
125541,2,0.925678,-0.028013999999999983,0.9528376666666666,False,0.13154795527195942,False
271358,2,0.925016,-0.027770000000000072,0.951696,False,0.14683742687640844,False
165767,2,0.918954,-0.03589999999999993,0.9512353333333333,True,0.3346929345145552,False
52953,2,0.918759,-0.02957399999999999,0.9476846666666666,False,0.2440888405015963,False
57288,2,0.931852,-0.025056999999999996,0.9564320000000001,False,0.24285377142908335,False
116876,2,0.919206,-0.03652500000000003,0.9512873333333333,True,0.3731526811746739,False
356263,2,0.927164,-0.026665999999999968,0.9527929999999999,False,0.13386660951602047,False
129087,2,0.927676,-0.026736000000000093,0.9537876666666666,False,0.13350329027319432,False
174160,2,0.932793,-0.02390900000000007,0.9566046666666667,False,0.31473607615839405,False
155560,2,0.928455,-0.025778999999999996,0.9529010000000001,False,0.17817519946328872,False
93665,2,0.928255,-0.027111999999999914,0.9542886666666667,False,0.15131793021021123,False
58485,2,0.923247,-0.028441999999999967,0.9505306666666667,False,0.18102957780473905,False
10211,2,0.920687,-0.035718999999999945,0.952223,True,0.32652132916769416,False
18889,2,0.928509,-0.027414999999999967,0.9545536666666666,False,0.15601469037934157,False
245392,2,0.91524,-0.03686699999999998,0.9482916666666666,True,0.38385376395940474,False
354005,2,0.932078,-0.02449900000000005,0.9559006666666666,False,0.2831691559792381,False
315631,2,0.907593,-0.03473400000000004,0.940858,False,0.31698624035628226,False
131813,2,0.927333,-0.027309000000000028,0.9535603333333333,False,0.1419331077919112,False
99724,2,0.926664,-0.026874999999999982,0.952767,False,0.1310436860481402,False
215535,2,0.928596,-0.027474,0.9549436666666665,False,0.15207785206047883,False
351364,2,0.925941,-0.02805599999999997,0.9527353333333334,False,0.13646711584825028,False
26633,2,0.923862,-0.02629300000000001,0.9495056666666667,False,0.21909684027459858,False
146002,2,0.927499,-0.026657000000000042,0.953856,False,0.1290218496478259,False
124118,2,0.92254,-0.028371999999999953,0.949974,False,0.1859153187730917,False
209546,2,0.925282,-0.029204999999999925,0.9528966666666667,False,0.16042960814146298,False
293540,2,0.927621,-0.026393999999999918,0.9530836666666667,False,0.14544208044782062,False
130111,2,0.927174,-0.02617499999999995,0.95311,False,0.15420565753916413,False
1701,2,0.922549,-0.029214000000000073,0.9506743333333333,False,0.19929120975666678,False
24025,2,0.906141,-0.03463499999999997,0.9398136666666667,False,0.3021371385313827,False
211694,2,0.931729,-0.02517899999999995,0.9563,False,0.2308316465455752,False
101255,2,0.931296,-0.023552999999999935,0.9554119999999999,False,0.31356026139616056,False
299391,2,0.927978,-0.026874000000000065,0.954075,False,0.14008644043529642,False
139883,2,0.928124,-0.02504800000000007,0.95227,False,0.20623485758239604,False
238555,2,0.932072,-0.025171999999999972,0.9566796666666667,False,0.2241585118114995,False
221333,2,0.917605,-0.03480899999999998,0.949303,True,0.31587321202960755,False
30741,2,0.906204,-0.04007099999999997,0.9415716666666666,True,0.45884540771663873,False
123314,2,0.923304,-0.028756000000000004,0.9506236666666666,False,0.18869683942840373,False
119325,2,0.918417,-0.036932999999999994,0.9507793333333333,True,0.3614698580460762,False
86574,2,0.915183,-0.03269300000000008,0.944732,True,0.3146933564498247,False
341911,2,0.922559,-0.029197999999999946,0.9505699999999999,False,0.2023387095594838,False
30866,2,0.929104,-0.027038000000000006,0.954796,False,0.16859224135175738,False
340723,2,0.929296,-0.026837,0.95484,False,0.15901970461442855,False
332911,2,0.928638,-0.024714000000000014,0.9526033333333332,False,0.21467822381668272,False
211089,2,0.919727,-0.03376299999999999,0.9505813333333334,True,0.3119573847340018,False
281527,2,0.934061,-0.024479999999999946,0.9576626666666667,False,0.2967931477740025,False
164419,2,0.923509,-0.027198999999999973,0.9497353333333334,False,0.19050841754917652,False
334030,2,0.920553,-0.029909000000000074,0.9491413333333334,False,0.21987186447166612,False
213058,2,0.928029,-0.026773999999999964,0.9540563333333333,False,0.13923933654050405,False
350737,2,0.923606,-0.02478999999999998,0.9480766666666667,False,0.30156834879780403,False
22780,2,0.911604,-0.03051500000000007,0.9434113333333333,False,0.27289160677758295,False
112321,2,0.929131,-0.025575000000000014,0.9542056666666667,False,0.19494787904155236,False
281168,2,0.935059,-0.02513399999999999,0.9592123333333333,False,0.2584703855132583,False
53587,2,0.925764,-0.02774999999999994,0.9528066666666666,False,0.13518491017000311,False
139041,2,0.929246,-0.02591500000000002,0.9542433333333333,False,0.18331185765481417,False
199191,2,0.92315,-0.02682399999999996,0.9505849999999999,False,0.18341163301402139,False
338428,2,0.914258,-0.03481599999999996,0.946072,True,0.3278910589020933,False
48625,2,0.92773,-0.0277369999999999,0.9541406666666666,False,0.15673753127104648,False
297458,2,0.934352,-0.024576000000000042,0.957783,False,0.28722120609970003,False
137752,2,0.923206,-0.027027000000000023,0.949252,False,0.20454527841445924,False
229734,2,0.916137,-0.032646000000000064,0.9470136666666668,False,0.33058926021314083,False
244855,2,0.923701,-0.02893100000000004,0.9517466666666667,False,0.18322721055582122,False
264979,2,0.92322,-0.02820899999999993,0.950548,False,0.17848944989026702,False
314019,2,0.922311,-0.028411999999999993,0.950254,False,0.18058654224058995,False
104633,2,0.932697,-0.02534000000000003,0.9569496666666666,False,0.24193188508744595,False
284266,2,0.918903,-0.030135000000000023,0.9478893333333334,False,0.24795797767168615,False
277317,2,0.921231,-0.028123999999999927,0.9495399999999999,False,0.1915178191335362,False
289428,2,0.924435,-0.027308,0.9508503333333334,False,0.1603632273793916,False
288255,2,0.92849,-0.02509299999999992,0.9528333333333334,False,0.1974709739749209,False
67314,2,0.92794,-0.027599999999999958,0.9540213333333334,False,0.1540189315524337,False
219794,2,0.923061,-0.026973999999999942,0.950609,False,0.19027978499159806,False
130367,2,0.928512,-0.025731999999999977,0.9537576666666666,False,0.1720159553331835,False
335544,2,0.913684,-0.03152999999999995,0.9442366666666667,False,0.27896387203505885,False
123930,2,0.912357,-0.02944800000000003,0.943896,False,0.26812661307809776,False
236708,2,0.922182,-0.02842100000000003,0.9501949999999999,False,0.18515714242338044,False
146068,2,0.924413,-0.027197999999999944,0.9514726666666666,False,0.15180510836054506,False
298673,2,0.930002,-0.025495999999999963,0.9548846666666666,False,0.20587011403166583,False
207425,2,0.930851,-0.024857000000000018,0.9552773333333334,False,0.230671757786958,False
328962,2,0.895585,-0.039113000000000064,0.9311379999999999,True,0.3861932539435394,False
145738,2,0.920763,-0.02956099999999995,0.9491866666666667,False,0.2237696944684889,False
146341,2,0.931423,-0.025580000000000047,0.95608,False,0.22570030877521874,False
138873,2,0.914049,-0.03164599999999995,0.9448253333333333,False,0.2710568841355138,False
191182,2,0.90778,-0.04139599999999999,0.944153,True,0.4920811896375939,False
256131,2,0.930502,-0.025880999999999932,0.955396,False,0.1954717722766344,False
158606,2,0.924906,-0.028406000000000042,0.9519933333333334,False,0.14874379437033913,False
115457,2,0.9269,-0.026614000000000027,0.9529583333333332,False,0.1326950898900648,False
281875,2,0.926011,-0.027587999999999946,0.9525899999999999,False,0.14736330727155475,False
129303,2,0.924901,-0.028510000000000035,0.952092,False,0.15150174751622356,False
267138,2,0.932062,-0.02530600000000005,0.9562283333333333,False,0.2292881097589018,False
169951,2,0.922823,-0.02460300000000004,0.9500166666666666,False,0.28223309962379584,False
164722,2,0.933126,-0.025075999999999987,0.9573606666666666,False,0.2587337948165813,False
356768,2,0.913217,-0.03160300000000005,0.9438623333333332,False,0.28030700063557135,False
254496,2,0.922653,-0.02895100000000006,0.949933,False,0.19813255188297454,False
35337,2,0.918257,-0.029020999999999963,0.9463536666666666,False,0.22316077851940314,False
58369,2,0.920785,-0.02508100000000002,0.9485633333333333,False,0.3032721668889262,False
12406,2,0.930317,-0.026523000000000074,0.955407,False,0.16633307182099497,False
345496,2,0.915218,-0.028476000000000057,0.945481,False,0.2452144484808168,False
153878,2,0.927279,-0.027317000000000036,0.953661,False,0.1358572541755671,False
210325,2,0.918512,-0.029057,0.9475220000000001,False,0.23374254552547546,False
125140,2,0.928911,-0.026097999999999955,0.9539233333333333,False,0.16849672448242373,False
41313,2,0.924731,-0.027263000000000037,0.9513126666666666,False,0.1565740303771839,False
255155,2,0.918101,-0.034434000000000076,0.949429,True,0.3110732940970041,False
127400,2,0.92632,-0.02538499999999999,0.9519473333333334,False,0.197857186640485,False
246777,2,0.932958,-0.02571100000000004,0.957688,False,0.25067716280784313,False
302698,2,0.918633,-0.026860999999999913,0.9451683333333333,False,0.22281105218690864,False
111754,2,0.925745,-0.026747999999999994,0.951892,False,0.14363874565923948,False
20302,2,0.930186,-0.02616700000000005,0.9554093333333333,False,0.18634625458230344,False
284802,2,0.916835,-0.027747000000000077,0.9443383333333334,False,0.2327066878601165,False
305939,2,0.929061,-0.02581599999999995,0.9542646666666666,False,0.19494787904155236,False
163429,2,0.922086,-0.025424000000000002,0.9490566666666668,False,0.2783285297988547,False
278058,2,0.924842,-0.028030999999999917,0.952188,False,0.14278158390762566,False
221571,2,0.923,-0.028455000000000008,0.9505986666666667,False,0.18102957780473905,False
78147,2,0.932265,-0.025209000000000037,0.9568340000000001,False,0.2281870571912608,False
173617,2,0.927693,-0.026635999999999993,0.9530956666666667,False,0.13733462958014978,False
138685,2,0.91861,-0.030438999999999994,0.9476450000000001,False,0.2628801621214892,False
290414,2,0.917782,-0.029730000000000034,0.9468343333333333,False,0.23617172240486314,False
358375,2,0.914771,-0.028893999999999975,0.9424013333333333,False,0.25241456892994324,False
35631,2,0.931427,-0.026831999999999967,0.9564793333333332,False,0.19996736909241355,False
337039,2,0.932818,-0.026575999999999933,0.957563,False,0.22015013414244897,False
267075,2,0.927826,-0.02747199999999994,0.9538663333333334,False,0.13970542372680658,False
29821,2,0.924771,-0.025131000000000014,0.9492786666666667,False,0.24705638328638793,False
294318,2,0.912969,-0.040820999999999996,0.9485433333333333,True,0.5040061142966779,False
39523,2,0.932831,-0.024708000000000063,0.9567946666666667,False,0.26478443448007155,False
77643,2,0.930889,-0.02513399999999999,0.9555623333333333,False,0.21599847227391408,False
237717,2,0.933396,-0.024626000000000037,0.9575766666666666,False,0.2919843881889641,False
5069,2,0.925504,-0.026873000000000036,0.9513389999999999,False,0.15000119424862482,False
11028,2,0.93046,-0.02596900000000002,0.9557776666666666,False,0.18978018905176475,False
303657,2,0.927348,-0.02844100000000005,0.9540133333333333,False,0.15595719431142865,False
311699,2,0.92783,-0.027953999999999923,0.9543273333333334,False,0.16210244921433156,False
242357,2,0.918889,-0.028953000000000007,0.947483,False,0.2363459002400497,False
120646,2,0.923184,-0.02564299999999997,0.9506169999999999,False,0.23659390735530667,False
312417,2,0.926303,-0.026237999999999984,0.9522579999999999,False,0.16017818893990682,False
224622,2,0.918865,-0.030947999999999976,0.9482933333333333,False,0.2731821480692017,False
357412,2,0.932056,-0.024811000000000027,0.9561533333333333,False,0.256139146525274,False
198943,2,0.926446,-0.02761800000000003,0.9529203333333333,False,0.14469826665504984,False
252370,2,0.927675,-0.02810999999999997,0.9544443333333333,False,0.16029504773505882,False
332523,2,0.921523,-0.02621499999999999,0.9491946666666666,False,0.233523521433517,False
145060,2,0.92502,-0.027928000000000064,0.9521913333333334,False,0.14098995929766825,False
37435,2,0.924938,-0.027680999999999956,0.9514033333333334,False,0.15086651098314555,False
282713,2,0.930948,-0.02614099999999997,0.9560599999999999,False,0.19716648845033755,False
289239,2,0.924814,-0.02999099999999999,0.952093,True,0.1973642621491526,False
360446,2,0.928254,-0.02673700000000001,0.9542809999999999,False,0.14224064153358812,False
189600,2,0.921431,-0.029125999999999985,0.9494219999999999,False,0.20222835939504974,False
299,2,0.926995,-0.027112000000000025,0.9532606666666666,False,0.13528437839489316,False
225332,2,0.927372,-0.02665200000000001,0.9535673333333333,False,0.1290218496478259,False
31778,2,0.926401,-0.02742599999999995,0.9530866666666666,False,0.13687859509308348,False
60517,2,0.923442,-0.028256999999999977,0.950489,False,0.17848944989026702,False
58654,2,0.935291,-0.024168999999999996,0.9591153333333334,False,0.31413499895438596,False
153709,2,0.930534,-0.026038000000000006,0.9553043333333333,False,0.18978018905176475,False
339757,2,0.920601,-0.03507499999999997,0.9514026666666666,True,0.33386966795069783,False
336321,2,0.923374,-0.027973000000000026,0.9506883333333334,False,0.17578668069768236,False
308512,2,0.930579,-0.02573599999999998,0.9554326666666667,False,0.20717111250271086,False
210260,2,0.925667,-0.02770600000000001,0.9522700000000001,False,0.13518491017000311,False
50819,2,0.92929,-0.026612999999999998,0.9549643333333333,False,0.158913979624502,False
37149,2,0.928393,-0.027164999999999995,0.9544553333333333,False,0.1533079505527775,False
161225,2,0.929298,-0.026600000000000068,0.9548466666666666,False,0.158913979624502,False
362293,2,0.929202,-0.02610900000000005,0.9544503333333333,False,0.17651811250712948,False
178389,2,0.9024,-0.03221200000000002,0.937005,False,0.23310696430501576,False
221208,2,0.913785,-0.03216000000000008,0.9448893333333332,False,0.29458050307534484,False
41291,2,0.915867,-0.028939000000000048,0.9437989999999999,False,0.2513036243849049,False
365214,2,0.928232,-0.02645200000000003,0.9540156666666667,False,0.14325672646060794,False
333281,2,0.924828,-0.03057299999999996,0.9537429999999999,True,0.22784503163918046,False
7737,2,0.914598,-0.038965999999999945,0.9485833333333332,True,0.45020705522980464,False
329588,2,0.918911,-0.029949000000000003,0.9476976666666667,False,0.24325903274716715,False
317105,2,0.917422,-0.031226000000000087,0.9470580000000001,False,0.26914584648487055,False
361689,2,0.916703,-0.028162999999999938,0.943571,False,0.2256013577794365,False
281131,2,0.920587,-0.028627999999999987,0.9488293333333333,False,0.21349665217939684,False
343638,2,0.924614,-0.027275999999999967,0.9514113333333333,False,0.15508071828481335,False
189790,2,0.927897,-0.027855000000000074,0.9541063333333334,False,0.15726903985775767,False
340726,2,0.912994,-0.03151000000000004,0.9441103333333333,False,0.2706571450048752,False
72525,2,0.928564,-0.026978000000000057,0.9542463333333333,False,0.14983313036400206,False
65444,2,0.933876,-0.024320999999999926,0.9575876666666666,False,0.3068619813273181,False
319360,2,0.928566,-0.026425000000000032,0.9543849999999999,False,0.15638700815546458,False
358935,2,0.921658,-0.028696999999999973,0.9497223333333333,False,0.1973982670120436,False
100448,2,0.930419,-0.026027000000000022,0.9553553333333333,False,0.18697431050799185,False
222075,2,0.925399,-0.026735999999999982,0.9516223333333333,False,0.14363874565923948,False
69369,2,0.926017,-0.027395999999999976,0.9526506666666666,False,0.13805235879850905,False
151722,2,0.903911,-0.03061400000000003,0.9380833333333333,False,0.2237653830370125,False
38033,2,0.924076,-0.027410000000000045,0.9507673333333333,False,0.16573448791327391,False
128351,2,0.925015,-0.028026999999999913,0.9520856666666666,False,0.14444595488826414,False
342871,2,0.930219,-0.026575000000000015,0.9552733333333334,False,0.16633307182099497,False
13912,2,0.918201,-0.031012999999999957,0.9479510000000001,False,0.2731821480692017,False
351129,2,0.931242,-0.025664999999999938,0.955968,False,0.23282093455447822,False
297365,2,0.926557,-0.02651300000000001,0.9524136666666667,False,0.13811440916686193,False
240570,2,0.923546,-0.02843400000000007,0.951092,False,0.17281829832073967,False
86317,2,0.926459,-0.02787799999999996,0.9532003333333333,False,0.1379828825457716,False
99561,2,0.928168,-0.026471000000000022,0.953821,False,0.14047400322872003,False
261740,2,0.921275,-0.02979200000000004,0.9497443333333333,False,0.20986792074878388,False
29971,2,0.930606,-0.0250459999999999,0.954967,False,0.2288083645597377,False
4101,2,0.928778,-0.025307999999999997,0.9535170000000001,False,0.18110570389137015,False
176472,2,0.916992,-0.03813899999999992,0.9500856666666667,True,0.4166302125900765,False
85669,2,0.922892,-0.028574999999999906,0.9505883333333333,False,0.1820028621405156,False
128393,2,0.933439,-0.02423999999999993,0.957035,False,0.3166434207844143,False
24702,2,0.912046,-0.02855299999999994,0.943356,False,0.2578667835589235,False
350152,2,0.933133,-0.024818000000000007,0.957042,False,0.2689317862984185,False
235514,2,0.931151,-0.024413000000000018,0.955046,False,0.28520406553760846,False
213078,2,0.927663,-0.025629000000000013,0.9528490000000001,False,0.18065683998545198,False
285706,2,0.92912,-0.026312000000000002,0.9540616666666666,False,0.1642336409124032,False
360795,2,0.932229,-0.025415000000000076,0.956569,False,0.2266453090923842,False
105461,2,0.919251,-0.027073000000000014,0.9453110000000001,False,0.23083744592575586,False
266248,2,0.92234,-0.028139999999999943,0.9502956666666668,False,0.17804691844837384,False
195779,2,0.9261,-0.027976,0.9526666666666667,False,0.13646711584825028,False
84715,2,0.918774,-0.02718799999999999,0.947803,False,0.2361405300132772,False
131659,2,0.916831,-0.037582000000000004,0.950055,True,0.4175777094546166,False
367955,2,0.927421,-0.02804999999999991,0.9539226666666667,False,0.14954247597176556,False
170017,2,0.920836,-0.028928999999999983,0.948981,False,0.22368855776250007,False
225994,2,0.923912,-0.02818799999999999,0.9509526666666667,False,0.16450564349718055,False
266161,2,0.924457,-0.027918,0.9514146666666666,False,0.14860128260887875,False
83876,2,0.914994,-0.03595300000000001,0.9475859999999999,True,0.3466055832158571,False
29327,2,0.925098,-0.027623000000000064,0.951858,False,0.14539642944810877,False
247815,2,0.931849,-0.027112999999999943,0.9570696666666666,False,0.2130914765759489,False
149552,2,0.925237,-0.02832900000000005,0.9522020000000001,False,0.141042443641355,False
68617,2,0.925072,-0.027553999999999967,0.9517856666666665,False,0.14985972176381954,False
65934,2,0.9309,-0.024493000000000098,0.9554113333333333,False,0.2688001199302697,False
289682,2,0.92972,-0.025966999999999962,0.9547746666666667,False,0.18239999661713363,False
353036,2,0.915554,-0.02883800000000003,0.9462,False,0.24512677280571626,False
36396,2,0.934768,-0.025472999999999968,0.958776,False,0.2544190201219677,False
138966,2,0.926786,-0.027032000000000056,0.9532996666666667,False,0.13326808882558844,False
63441,2,0.913174,-0.03713599999999995,0.9471706666666666,True,0.38872986526323056,False
129973,2,0.908799,-0.042418999999999984,0.9456646666666666,True,0.49603070474714994,False
185429,2,0.927891,-0.024712999999999985,0.9518606666666667,False,0.22610231299242634,False
308443,2,0.928359,-0.026765999999999956,0.9541863333333334,False,0.13775774889801054,False
227942,2,0.929343,-0.026190999999999964,0.9550196666666667,False,0.17391939186927893,False
117806,2,0.922935,-0.027936000000000072,0.950122,False,0.17880235328609126,False
319275,2,0.923735,-0.029086999999999974,0.951295,False,0.18482197906936237,False
146037,2,0.917059,-0.02885800000000005,0.9467153333333332,False,0.2405674008485435,False
324282,2,0.924524,-0.02773099999999995,0.9516533333333334,False,0.1482350051274994,False
112065,2,0.920818,-0.025214999999999987,0.948856,False,0.28614665666671757,False
51332,2,0.926403,-0.028372000000000064,0.9534413333333333,False,0.13642298964738123,False
262451,2,0.922787,-0.02946700000000002,0.9510726666666667,False,0.20804351519300046,False
338784,2,0.928481,-0.026012000000000035,0.9538946666666667,False,0.15489573742943852,False
185753,2,0.920409,-0.030146999999999924,0.9491786666666666,False,0.22326637440160435,False
351224,2,0.927011,-0.026874999999999982,0.9532053333333333,False,0.1300650230839801,False
36066,2,0.909832,-0.02916200000000002,0.941887,False,0.26403895303969765,False
318029,2,0.923134,-0.02812999999999999,0.9506026666666667,False,0.17848944989026702,False
126286,2,0.931629,-0.027231999999999923,0.956775,False,0.20765264426122435,False
112886,2,0.921266,-0.029787999999999926,0.9496829999999999,False,0.21599570993925893,False
296341,2,0.924276,-0.027776000000000023,0.9510466666666666,False,0.15622405726900332,False
68587,2,0.923441,-0.02851400000000004,0.9504143333333334,False,0.18102957780473905,False
81030,2,0.928404,-0.025004999999999944,0.9523886666666667,False,0.2020400724073327,False
147721,2,0.932202,-0.025411000000000072,0.9566646666666667,False,0.2266453090923842,False
42982,2,0.927111,-0.02755299999999994,0.9535816666666667,False,0.14358151798874758,False
37220,2,0.931845,-0.026169999999999916,0.956649,False,0.2060032069683221,False
222077,2,0.918653,-0.03340999999999994,0.9490886666666668,True,0.3260432274499524,False
368857,2,0.91675,-0.03391600000000006,0.9477926666666666,True,0.3220834692939302,False
290049,2,0.927449,-0.025785000000000058,0.9537803333333333,False,0.16820510571652397,False
120031,2,0.927984,-0.027169,0.95422,False,0.1507229789605298,False
182981,2,0.920166,-0.02679100000000001,0.9457513333333334,False,0.2190689001131955,False
190306,2,0.921157,-0.026595000000000035,0.9470816666666666,False,0.22840588602098494,False
3407,2,0.923886,-0.02683000000000002,0.9504556666666666,False,0.17559530447975605,False
282746,2,0.927594,-0.026903999999999928,0.9536296666666667,False,0.12912614475574632,False
145852,2,0.927051,-0.026660000000000017,0.9534636666666666,False,0.1296106438002652,False
73495,2,0.931078,-0.02581,0.9559093333333334,False,0.2113107854631848,False
373790,2,0.927379,-0.02670400000000006,0.9532336666666666,False,0.12841432027010996,False
130825,2,0.934278,-0.025149999999999895,0.9580376666666667,False,0.260055115578067,False
291382,2,0.925657,-0.028243000000000018,0.9526633333333333,False,0.13154795527195942,False
15622,2,0.91502,-0.030770000000000075,0.9455396666666666,False,0.27616325809338044,False
36287,2,0.928595,-0.025892000000000026,0.954056,False,0.16630564685548535,False
16663,2,0.922177,-0.02912799999999993,0.950241,False,0.19520949664335543,False
96200,2,0.926631,-0.027437999999999962,0.9533459999999999,False,0.1326167630477142,False
26522,2,0.920731,-0.03477400000000008,0.95192,True,0.3279512100049103,False
48390,2,0.932091,-0.024923999999999946,0.9561563333333334,False,0.2526955780342556,False
58650,2,0.924099,-0.02856700000000001,0.9513996666666666,False,0.1627847333171406,False
49453,2,0.922538,-0.027455000000000007,0.949218,False,0.19535524560869874,False
85277,2,0.922374,-0.02777699999999994,0.9496756666666667,False,0.19353242300163023,False
221777,2,0.927759,-0.026645999999999948,0.9540479999999999,False,0.13998162106965453,False
60058,2,0.907809,-0.04276000000000002,0.9452630000000001,True,0.5128337571711022,False
194081,2,0.926254,-0.027966999999999964,0.9531713333333333,False,0.13529420202917006,False
53736,2,0.919878,-0.029691000000000023,0.9484673333333333,False,0.23865386045184947,False
231649,2,0.931287,-0.02488800000000002,0.9554916666666666,False,0.2483615153460951,False
367671,2,0.91639,-0.039057999999999926,0.9504486666666666,True,0.4702917427229532,False
39449,2,0.924904,-0.027846000000000037,0.9518986666666667,False,0.14767508831653006,False
187595,2,0.92657,-0.02801699999999996,0.9534349999999999,False,0.13642298964738123,False
137340,2,0.921787,-0.02934899999999996,0.9499036666666667,False,0.22361193391839895,False
57487,2,0.916355,-0.03134999999999999,0.9465123333333333,False,0.27233522865248333,False
239717,2,0.921325,-0.02687800000000007,0.949255,False,0.20331660908139368,False
73206,2,0.928514,-0.02663100000000007,0.9540926666666666,False,0.1384995313774661,False
356664,2,0.927182,-0.02634000000000003,0.952055,False,0.1610678779227429,False
198461,2,0.914664,-0.028398999999999952,0.9420156666666667,False,0.25331076257855695,False
54309,2,0.923653,-0.027582000000000106,0.9508516666666665,False,0.17905024825600696,False
241331,2,0.93119,-0.02496200000000004,0.955492,False,0.24337648199920772,False
69445,2,0.926126,-0.028507999999999978,0.9532346666666666,False,0.13577805545793878,False
266171,2,0.930478,-0.02566299999999999,0.9554566666666666,False,0.20869968016833035,False
26289,2,0.924318,-0.02661900000000006,0.9507490000000001,False,0.16493193328748068,False
80132,2,0.911361,-0.029642999999999975,0.9397346666666667,False,0.2456746910684397,False
3770,2,0.924229,-0.028316000000000008,0.9520369999999999,False,0.15254714291039856,False
107090,2,0.920005,-0.02712100000000006,0.948106,False,0.23629323216760184,False
97425,2,0.922517,-0.028057999999999916,0.9496983333333334,False,0.192292992409206,False
116619,2,0.935109,-0.024535000000000085,0.958831,False,0.2950200686556507,False
56117,2,0.928019,-0.02679599999999993,0.9539050000000001,False,0.1364967361859424,False
240273,2,0.921814,-0.031908999999999965,0.9513893333333333,True,0.26344492414228465,False
342598,2,0.921244,-0.02736100000000008,0.9484003333333333,False,0.21794004598911704,False
237881,2,0.916313,-0.03470399999999996,0.948153,True,0.3426891548273392,False
177892,2,0.92594,-0.027474,0.95266,False,0.13460642641229167,False
44907,2,0.913214,-0.03823500000000002,0.9471310000000001,True,0.43565111487056973,False
346692,2,0.92746,-0.02948800000000007,0.9547576666666666,False,0.2030977341162136,False
282789,2,0.914482,-0.028310999999999975,0.9414656666666668,False,0.2541430134242631,False
47662,2,0.926588,-0.028114000000000083,0.953541,False,0.13790367390445704,False
325405,2,0.925016,-0.028041000000000094,0.951874,False,0.14318108941674387,False
82920,2,0.923433,-0.02875800000000006,0.951223,False,0.18246202595009264,False
81516,2,0.923695,-0.03034799999999993,0.9521353333333332,False,0.22480056303706036,False
20916,2,0.924543,-0.028880000000000017,0.9521426666666667,False,0.16727710525527864,False
49123,2,0.904737,-0.03333600000000003,0.9359823333333334,False,0.26605487530088134,False
89725,2,0.919041,-0.03470200000000001,0.9502386666666668,True,0.3333522144669139,False
201728,2,0.925666,-0.02795599999999998,0.9526376666666666,False,0.13154795527195942,False
172103,2,0.931397,-0.02558399999999994,0.956123,False,0.22614371528812802,False
141530,2,0.93299,-0.025382000000000016,0.9572913333333334,False,0.24507423227928007,False
122049,2,0.928599,-0.027371000000000034,0.9545996666666667,False,0.15601469037934157,False
229690,2,0.927128,-0.02753300000000003,0.9534633333333332,False,0.14358151798874758,False
247974,2,0.923516,-0.028457999999999983,0.9510353333333333,False,0.17281829832073967,False
30369,2,0.92289,-0.028688999999999965,0.9503716666666667,False,0.18869683942840373,False
191277,2,0.92813,-0.027947999999999973,0.9549176666666667,False,0.16573510068416708,False
306012,2,0.919978,-0.027535000000000087,0.946349,False,0.21585167490354393,False
209400,2,0.912872,-0.037197000000000036,0.9467816666666667,True,0.3825487153837638,False
31959,2,0.9233,-0.028232000000000035,0.9507316666666666,False,0.1754742004278235,False
85197,2,0.928704,-0.026164999999999994,0.9539079999999999,False,0.16006726803495874,False
117026,2,0.907414,-0.03342199999999995,0.9403343333333334,False,0.3194294471368715,False
357599,2,0.930075,-0.025668000000000024,0.9550613333333334,False,0.20587011403166583,False
193575,2,0.92255,-0.029669000000000056,0.9509323333333333,False,0.21173114026956572,False
177254,2,0.917905,-0.03352300000000008,0.950341,True,0.3099812128580851,False
279291,2,0.921154,-0.03032199999999996,0.9501,False,0.22039118777994435,False
347011,2,0.928495,-0.02657300000000007,0.953948,False,0.13754520600685335,False
55789,2,0.932136,-0.024086000000000052,0.9558216666666667,False,0.3041973455131699,False
277408,2,0.928802,-0.026687999999999934,0.9543096666666666,False,0.14665481710860195,False
140373,2,0.92477,-0.02859299999999998,0.951813,False,0.15119267464073313,False
240870,2,0.921345,-0.027710000000000012,0.94894,False,0.20879410080127164,False
188208,2,0.92015,-0.03051399999999993,0.9490943333333334,False,0.25309535749982154,False
120087,2,0.926127,-0.027077000000000018,0.9525156666666668,False,0.13892018956399704,False
312690,2,0.925586,-0.02768399999999993,0.9521926666666666,False,0.14111030760131613,False
207505,2,0.928431,-0.02617999999999998,0.9537886666666666,False,0.15396722047256908,False
80131,2,0.927414,-0.024542000000000064,0.9522033333333333,False,0.2429667087820835,False
114137,2,0.925591,-0.027457999999999982,0.952533,False,0.13264470512982546,False
139893,2,0.930933,-0.02364299999999997,0.9553463333333333,False,0.2921956728174103,False
204693,2,0.921145,-0.026305000000000023,0.9489036666666667,False,0.25059236906492455,False
332547,2,0.92708,-0.027603999999999962,0.953682,False,0.1420969934793426,False
82540,2,0.926986,-0.028177000000000008,0.9537046666666665,False,0.14288717049096808,False
38409,2,0.926449,-0.027210999999999985,0.9524706666666667,False,0.1368476154297587,False
124782,2,0.927748,-0.026009999999999978,0.9533013333333334,False,0.15340356046306008,False
51599,2,0.929423,-0.027167000000000052,0.9553286666666666,False,0.16821038168986166,False
302100,2,0.929918,-0.02624700000000002,0.9552413333333334,False,0.1860322927093321,False
184101,2,0.927041,-0.027285000000000004,0.9531146666666667,False,0.1372045588256623,False
303520,2,0.927362,-0.02705499999999994,0.953329,False,0.13708808292105576,False
33568,2,0.929151,-0.02706300000000006,0.9549083333333334,False,0.16859224135175738,False
334993,2,0.924123,-0.02810099999999993,0.9509686666666667,False,0.1565338361917574,False
216161,2,0.921477,-0.032487000000000044,0.9511583333333333,True,0.2872018671186017,False
48896,2,0.931372,-0.025807000000000024,0.9560146666666666,False,0.23127605229797524,False
292002,2,0.927344,-0.026603000000000043,0.9525406666666667,False,0.13697381665201577,False
306491,2,0.928312,-0.026536999999999922,0.9540193333333334,False,0.13754520600685335,False
6019,2,0.921883,-0.026714000000000016,0.9479836666666667,False,0.23239419486236182,False
73158,2,0.920967,-0.026735000000000064,0.94889,False,0.22923179907753424,False
264951,2,0.92453,-0.02783000000000002,0.9513283333333332,False,0.15130632578158085,False
347806,2,0.925925,-0.02758499999999997,0.952765,False,0.14587622492067284,False
199295,2,0.918631,-0.033129000000000075,0.9496220000000001,True,0.32137450455933836,False
249974,2,0.930729,-0.02615499999999993,0.9560813333333332,False,0.1986882848338158,False
1130,2,0.923795,-0.028716999999999993,0.9509403333333334,False,0.17894789134739914,False
138091,2,0.927088,-0.026471000000000022,0.952836,False,0.14009590687197748,False
324734,2,0.922672,-0.025586999999999915,0.9505396666666667,False,0.23659390735530667,False
14470,2,0.926309,-0.026651999999999898,0.9526626666666665,False,0.13189074444835164,False
254615,2,0.930972,-0.024236999999999953,0.954846,False,0.2816139922156581,False
371112,2,0.928897,-0.02641400000000005,0.9545543333333333,False,0.1634537004406768,False
52418,2,0.929491,-0.02608900000000003,0.954614,False,0.1795347755189995,False
156960,2,0.927719,-0.02555800000000008,0.9531673333333334,False,0.18097004752825888,False
139042,2,0.926683,-0.027480999999999978,0.9530980000000001,False,0.14374123984516532,False
346047,2,0.927739,-0.027994000000000074,0.9541286666666666,False,0.15757896542153546,False
111477,2,0.930305,-0.026443999999999912,0.9556553333333334,False,0.17956570297994878,False
369972,2,0.930984,-0.02561000000000002,0.9559810000000001,False,0.2101544159912086,False
21930,2,0.926023,-0.027357999999999993,0.952643,False,0.13344022085702212,False
352159,2,0.923037,-0.02822899999999995,0.9506009999999999,False,0.17848944989026702,False
111043,2,0.925682,-0.027920999999999974,0.9522286666666666,False,0.13450372470741725,False
145684,2,0.919131,-0.02805000000000002,0.9459183333333333,False,0.21009071108994218,False
282579,2,0.9306,-0.024889999999999968,0.9551966666666667,False,0.23376174963153853,False
70407,2,0.925996,-0.02707499999999996,0.9522826666666667,False,0.14151334219379372,False
316526,2,0.925429,-0.027872000000000008,0.9522593333333332,False,0.13719143323707603,False
83707,2,0.918024,-0.034831000000000056,0.9495246666666667,True,0.3208647041301,False
138403,2,0.924373,-0.02821600000000002,0.951425,False,0.15351297458026153,False
53893,2,0.914081,-0.029343000000000008,0.9422423333333333,False,0.26620372432039385,False
193738,2,0.92829,-0.02602800000000005,0.9535763333333334,False,0.15489573742943852,False
178349,2,0.915107,-0.03164199999999995,0.9455733333333333,False,0.2761437861522555,False
56673,2,0.930289,-0.026433999999999958,0.9554043333333334,False,0.17805684029778587,False
281137,2,0.934888,-0.02411199999999991,0.958149,False,0.3269041565378571,False
295170,2,0.924985,-0.0317130000000001,0.9536316666666668,True,0.23120586985789351,False
106743,2,0.912827,-0.03367999999999993,0.9437193333333335,True,0.32969658433823523,False
336048,2,0.91397,-0.030617000000000005,0.9442673333333333,False,0.27277745461808733,False
290048,2,0.930957,-0.025147999999999948,0.9554976666666667,False,0.21753301443125497,False
232328,2,0.921809,-0.032111,0.9512856666666667,True,0.2644555583597322,False
136716,2,0.927777,-0.026953000000000005,0.953934,False,0.14406934367147273,False
142788,2,0.933026,-0.024367000000000028,0.957034,False,0.3029160728355818,False
183321,2,0.925341,-0.02818900000000002,0.9523053333333333,False,0.13333186350889586,False
35924,2,0.927657,-0.027173000000000003,0.9538956666666666,False,0.1352317644988561,False
139258,2,0.92,-0.025399999999999978,0.945736,False,0.2649827671142801,False
110140,2,0.926585,-0.028344999999999954,0.9532396666666667,False,0.13233736366482146,False
345899,2,0.931103,-0.024780000000000024,0.9551823333333335,False,0.2364018105514927,False
42001,2,0.930035,-0.027489000000000097,0.9560983333333333,False,0.1975164640293272,False
258744,2,0.9261,-0.026634999999999964,0.951883,False,0.14862294117919045,False
330879,2,0.929957,-0.02444499999999994,0.953701,False,0.2637933764816275,False
367696,2,0.903078,-0.04380200000000001,0.9415716666666668,True,0.48737526282440286,False
149415,2,0.931188,-0.02646700000000002,0.9566173333333333,False,0.1989832831765571,False
198691,2,0.917667,-0.02853899999999998,0.9452780000000001,False,0.20788919896691407,False
36466,2,0.927558,-0.02785099999999996,0.9540963333333333,False,0.15199224525884952,False
81158,2,0.933961,-0.023897999999999975,0.957497,False,0.32148514743663625,False
104248,2,0.923325,-0.02867400000000009,0.9510770000000001,False,0.17578668069768236,False
99829,2,0.92114,-0.028638000000000052,0.9489246666666666,False,0.20534858984488752,False
110615,2,0.930147,-0.026249000000000078,0.9553793333333332,False,0.1860322927093321,False
157284,2,0.922441,-0.02895800000000004,0.950174,False,0.19312585208001704,False
138656,2,0.925274,-0.028290999999999955,0.9523523333333334,False,0.135117229625044,False
94036,2,0.917303,-0.031070000000000042,0.9473949999999999,False,0.27690188200607685,False
274088,2,0.920605,-0.028227000000000002,0.9474676666666667,False,0.21912808986269966,False
215856,2,0.926958,-0.026263000000000036,0.9530296666666667,False,0.15389620528079728,False
263638,2,0.926316,-0.027046000000000014,0.9524026666666666,False,0.138705305674658,False
130970,2,0.927221,-0.027837,0.953735,False,0.14879069488492583,False
308944,2,0.902088,-0.033891000000000004,0.9378473333333334,False,0.252917716866903,False
344652,2,0.923814,-0.028415999999999997,0.9517380000000001,False,0.16446983730358375,False
327837,2,0.925434,-0.027753000000000028,0.9524723333333333,False,0.13666475647600618,False
285929,2,0.922928,-0.028893000000000058,0.950873,False,0.19085032645493516,False
128075,2,0.925421,-0.02658399999999994,0.9513473333333334,False,0.1544564560296319,False
62855,2,0.922708,-0.028183999999999987,0.950351,False,0.17848944989026702,False
209186,2,0.929705,-0.026128999999999958,0.9551336666666667,False,0.18177322423608766,False
349665,2,0.933589,-0.025028999999999968,0.9574579999999999,False,0.2662736039479526,False
110430,2,0.929811,-0.026161999999999908,0.9546903333333333,False,0.18634625458230344,False
66818,2,0.926826,-0.027270000000000016,0.9530726666666668,False,0.13701258934001775,False
286046,2,0.92726,-0.02725299999999997,0.953465,False,0.13881885878346342,False
156471,2,0.927736,-0.02676500000000004,0.9538496666666667,False,0.13350329027319432,False
173239,2,0.927102,-0.026496999999999993,0.952789,False,0.14009590687197748,False
196038,2,0.924101,-0.028052000000000077,0.9513666666666666,False,0.1565338361917574,False
305402,2,0.932385,-0.02482200000000001,0.9565733333333334,False,0.25709677956441923,False
200562,2,0.92821,-0.026569999999999983,0.9539369999999999,False,0.13754520600685335,False
200078,2,0.93248,-0.02580400000000005,0.95676,False,0.2400222700615257,False
16829,2,0.923784,-0.02769699999999997,0.9497596666666667,False,0.18256144270547006,False
179768,2,0.925515,-0.027866000000000057,0.9521936666666667,False,0.1401548444416054,False
290771,2,0.923373,-0.024727999999999972,0.9497806666666667,False,0.270287227321343,False
121981,2,0.910889,-0.026530000000000054,0.938495,False,0.284941750919186,False
254798,2,0.913877,-0.029037999999999897,0.945093,False,0.2655795423029641,False
165388,2,0.912197,-0.037972999999999923,0.9462406666666666,True,0.4105627468466631,False
311969,2,0.931104,-0.026088,0.9558143333333334,False,0.19357296520877915,False
41833,2,0.915822,-0.03745199999999993,0.9489323333333334,True,0.4057136182453489,False
221187,2,0.928553,-0.026245000000000074,0.954097,False,0.15975699333996254,False
119484,2,0.922166,-0.02843399999999996,0.9496383333333333,False,0.19577435858185188,False
115574,2,0.931424,-0.025394999999999945,0.9557616666666666,False,0.22115846267638437,False
309588,2,0.919042,-0.02822199999999997,0.9461023333333333,False,0.20977341765633664,False
208910,2,0.910068,-0.04102600000000001,0.946182,True,0.48860121642037757,False
16469,2,0.928724,-0.02604300000000004,0.9541143333333334,False,0.1634608742714844,False
4883,2,0.91239,-0.029774999999999996,0.9439163333333335,False,0.25470180199993264,False
87194,2,0.914852,-0.028752,0.9454453333333334,False,0.2504428288977353,False
186264,2,0.920628,-0.029159999999999964,0.9489066666666667,False,0.22268494003871306,False
109842,2,0.915822,-0.03348200000000001,0.9468740000000001,True,0.3330453385091774,False
20836,2,0.932791,-0.02554499999999993,0.9571976666666666,False,0.24603831544259158,False
60472,2,0.917985,-0.03906299999999996,0.9513786666666667,True,0.44869379944172966,False
256170,2,0.921896,-0.02975799999999995,0.9500283333333334,False,0.21758192174618848,False
249184,2,0.923036,-0.02885900000000008,0.9507496666666667,False,0.1905357326202027,False
320695,2,0.922695,-0.028409999999999935,0.950573,False,0.18102957780473905,False
352157,2,0.917414,-0.026799000000000017,0.9463133333333333,False,0.23877983711625406,False
100814,2,0.905501,-0.03199700000000005,0.9369853333333333,False,0.2494758895604797,False
115141,2,0.921776,-0.028296999999999906,0.9495713333333334,False,0.19657212489706022,False
164981,2,0.927432,-0.027237999999999984,0.9536763333333335,False,0.13626260757958328,False
30662,2,0.92084,-0.03021700000000005,0.94956,False,0.22572229678235967,False
283423,2,0.916195,-0.02750600000000003,0.943925,False,0.2502598367290569,False
335243,2,0.924883,-0.028630999999999962,0.9521376666666667,False,0.15277140888841353,False
276653,2,0.920902,-0.028980000000000006,0.9491413333333334,False,0.21118020688232855,False
174879,2,0.934515,-0.024451,0.9580289999999999,False,0.308627935262427,False
34701,2,0.902767,-0.03670300000000004,0.9380066666666668,False,0.30794168043854286,False
139973,2,0.929351,-0.026998999999999995,0.9551213333333334,False,0.1658128905552808,False
1858,2,0.92445,-0.032023000000000024,0.9535153333333334,True,0.2447978176083562,False
354785,2,0.916011,-0.03100400000000003,0.9463093333333333,False,0.2715817895319252,False
144194,2,0.901254,-0.036382000000000025,0.936487,False,0.29069125496110515,False
161616,3,0.896432,-0.029239000000000015,0.925459,False,0.19310576880856203,False
221846,3,0.904953,-0.027405000000000013,0.9315986666666666,False,0.25336257173632915,False
84698,3,0.898133,-0.029393000000000002,0.9269343333333332,False,0.1779437427704198,False
114629,3,0.879716,-0.03208499999999992,0.9138913333333334,False,0.18159292420027803,False
83465,3,0.89547,-0.027873000000000037,0.9235153333333334,False,0.22603006644822468,False
369398,3,0.892998,-0.032519000000000076,0.924071,False,0.1998521631967733,False
13112,3,0.888061,-0.031084,0.9185916666666666,False,0.21572324049253214,False
235202,3,0.89668,-0.035096000000000016,0.928352,True,0.2252353737367644,False
104286,3,0.893021,-0.028293000000000013,0.9202083333333334,False,0.23172436256006476,False
224231,3,0.904173,-0.02770600000000001,0.9309283333333332,False,0.22034919709952877,False
12995,3,0.889633,-0.03145699999999996,0.9225766666666667,True,0.16342024893887727,False
74905,3,0.883122,-0.03341900000000009,0.9158273333333332,False,0.20070222032483273,False
294254,3,0.867678,-0.03494000000000008,0.9058353333333334,False,0.18506630954940262,False
265229,3,0.892352,-0.029283999999999977,0.9203876666666666,False,0.20094004296216222,False
366026,3,0.87192,-0.036327,0.9075669999999999,False,0.200114337885676,False
269565,3,0.894331,-0.030094999999999983,0.922568,False,0.16871759495987323,False
242550,3,0.90256,-0.029345999999999983,0.9305753333333334,False,0.19491879576373206,False
82704,3,0.888206,-0.030424999999999924,0.9177183333333333,False,0.2150599267761546,False
213416,3,0.895753,-0.031855999999999995,0.9261996666666666,False,0.17934469157326563,False
45580,3,0.87334,-0.0343,0.91019,False,0.18943681284329864,False
280043,3,0.872633,-0.03348399999999996,0.9083156666666666,False,0.18503371455001194,False
50707,3,0.867905,-0.03727799999999992,0.904246,False,0.22708956156418778,False
28401,3,0.895168,-0.02965899999999999,0.923711,False,0.184343839434916,False
33306,3,0.886679,-0.03183500000000006,0.9177960000000001,False,0.21183395309400588,False
23114,3,0.891365,-0.03184700000000007,0.9221973333333334,False,0.17637185673828482,False
114987,3,0.894959,-0.029960000000000098,0.9239726666666667,False,0.184343839434916,False
325666,3,0.903923,-0.028928999999999983,0.9314733333333334,False,0.21328289588625843,False
92826,3,0.900563,-0.02748600000000001,0.927746,False,0.22986425145123263,False
165868,3,0.893938,-0.031160999999999994,0.923816,False,0.17470885068725817,False
306277,3,0.894988,-0.030019000000000018,0.9242033333333334,False,0.18065083853947392,False
219949,3,0.876406,-0.039244999999999974,0.913059,True,0.3080783533646539,False
81499,3,0.895935,-0.031523999999999996,0.9256936666666666,False,0.18156614098217577,False
278463,3,0.898852,-0.029418000000000055,0.9273720000000001,False,0.17945252890645166,False
180331,3,0.87714,-0.03563099999999997,0.9117873333333334,False,0.19377519370103863,False
294076,3,0.899248,-0.02913599999999994,0.9276223333333333,False,0.19134449128303274,False
160007,3,0.885533,-0.04060399999999997,0.9217653333333334,True,0.39286699391267343,False
288528,3,0.888362,-0.03757100000000002,0.9226369999999999,True,0.3024785677408522,False
125541,3,0.894796,-0.030881999999999965,0.924722,False,0.17753646322704436,False
271358,3,0.894014,-0.031001999999999974,0.9239386666666666,False,0.18390451412907527,False
165767,3,0.889864,-0.02909000000000006,0.921224,False,0.21179185891110347,False
52953,3,0.884903,-0.033856,0.9173316666666667,False,0.21092692083922823,False
57288,3,0.903088,-0.028764000000000012,0.9306163333333334,False,0.20760639960501237,False
116876,3,0.885326,-0.03388000000000002,0.9200876666666667,True,0.19174076616947053,False
356263,3,0.898671,-0.02849299999999999,0.926555,False,0.19454061617602508,False
129087,3,0.899628,-0.028047999999999962,0.9272386666666667,False,0.2142055139525088,False
174160,3,0.904655,-0.028137999999999996,0.9313833333333333,False,0.22066797461826287,False
155560,3,0.901633,-0.026822000000000012,0.9281073333333333,False,0.24710091792105682,False
93665,3,0.899755,-0.02850000000000008,0.9277923333333332,False,0.20430909664647653,False
58485,3,0.893593,-0.02965400000000007,0.922843,False,0.1786251902039779,False
10211,3,0.891792,-0.028895000000000004,0.9229616666666667,False,0.22613202412288416,False
18889,3,0.898662,-0.029847000000000068,0.9276983333333333,False,0.16667266240828832,False
245392,3,0.88423,-0.031010000000000093,0.9171923333333334,False,0.2144501127925203,False
354005,3,0.903426,-0.02865200000000001,0.9306936666666666,False,0.19821519017079106,False
315631,3,0.869357,-0.03823599999999994,0.9064256666666667,False,0.24225312192656426,False
131813,3,0.89699,-0.03034300000000001,0.9263216666666666,False,0.16170397250134996,False
99724,3,0.897957,-0.028707000000000038,0.9260533333333334,False,0.20073007515972693,False
215535,3,0.900589,-0.028007000000000004,0.9284183333333332,False,0.21208612901434512,False
351364,3,0.89545,-0.030491000000000046,0.9251293333333334,False,0.17583586764799947,False
26633,3,0.895956,-0.027905999999999986,0.9233243333333333,False,0.2351008378530311,False
146002,3,0.899585,-0.027913999999999994,0.92708,False,0.2142055139525088,False
124118,3,0.890142,-0.03239800000000004,0.921198,False,0.17703728296743357,False
209546,3,0.895455,-0.029827000000000048,0.9250746666666667,False,0.17368654228609315,False
293540,3,0.896432,-0.031189000000000022,0.9260226666666668,False,0.16196629074193059,False
130111,3,0.890798,-0.036376000000000075,0.9237736666666666,True,0.24940189882694178,False
1701,3,0.890028,-0.03252099999999991,0.9214466666666666,False,0.1798307045515105,False
24025,3,0.868123,-0.038017999999999996,0.9050133333333333,False,0.24457513791625118,False
211694,3,0.903153,-0.028576000000000046,0.9305966666666666,False,0.19821519017079106,False
101255,3,0.902316,-0.028980000000000006,0.929487,False,0.20303434115833477,False
299391,3,0.896334,-0.031644000000000005,0.9263879999999999,False,0.17480025942818359,False
139883,3,0.899652,-0.028471999999999942,0.9269826666666666,False,0.20170377923474478,False
238555,3,0.905326,-0.026746000000000048,0.9315473333333334,False,0.263308749777246,False
221333,3,0.886484,-0.031120999999999954,0.9188343333333333,False,0.20576182480726557,False
30741,3,0.874632,-0.031572000000000044,0.909037,False,0.20401845929440357,False
123314,3,0.890846,-0.03245799999999999,0.9220700000000001,False,0.1927603886018816,False
119325,3,0.887607,-0.030810000000000004,0.920458,False,0.19317111190134909,False
86574,3,0.886316,-0.028866999999999976,0.9164583333333334,False,0.28688349193231394,False
341911,3,0.890789,-0.031769999999999965,0.9217016666666668,False,0.1505564272558702,False
30866,3,0.900256,-0.028848000000000096,0.9285006666666668,False,0.20263256681568861,False
340723,3,0.893831,-0.03546499999999997,0.9264199999999999,True,0.22854025717865029,False
332911,3,0.899649,-0.02898899999999993,0.9272130000000001,False,0.1999987851343261,False
211089,3,0.889667,-0.030059999999999976,0.9209613333333332,False,0.1606719209317696,False
281527,3,0.905632,-0.028429000000000038,0.9327446666666667,False,0.2305039848055096,False
164419,3,0.893275,-0.030233999999999983,0.9224973333333333,False,0.16695877722754,False
334030,3,0.888154,-0.032398999999999956,0.919723,False,0.214881932402022,False
213058,3,0.898036,-0.029993000000000047,0.926956,False,0.16067817794804612,False
350737,3,0.894785,-0.028820999999999986,0.9222623333333333,False,0.2232668439817602,False
22780,3,0.878097,-0.033506999999999953,0.9106066666666667,False,0.19528665115517824,False
112321,3,0.900562,-0.028569000000000067,0.928133,False,0.19766315612005425,False
281168,3,0.907456,-0.027602999999999933,0.934236,False,0.26267784313247167,False
53587,3,0.894784,-0.030980000000000008,0.9246873333333333,False,0.17753646322704436,False
139041,3,0.901402,-0.02784399999999998,0.928603,False,0.21425373372321002,False
199191,3,0.893722,-0.02942800000000001,0.922282,False,0.2050948601903574,False
338428,3,0.883199,-0.03105900000000006,0.9155103333333333,False,0.20684937900226552,False
48625,3,0.896539,-0.03119100000000008,0.9265786666666666,False,0.16196629074193059,False
297458,3,0.899577,-0.034775,0.9309523333333333,True,0.24831108724282389,False
137752,3,0.892283,-0.030922999999999923,0.9219073333333334,False,0.17430140875357028,False
229734,3,0.884069,-0.032067999999999985,0.9163296666666666,False,0.19155916745807214,False
244855,3,0.892476,-0.031224999999999947,0.9229363333333334,False,0.16252415363563658,False
264979,3,0.89092,-0.032299999999999995,0.9218563333333334,False,0.18616275270493918,False
314019,3,0.882707,-0.03960399999999997,0.9185803333333333,True,0.3353359505202378,False
104633,3,0.905307,-0.027390000000000025,0.9320136666666666,False,0.25336257173632915,False
284266,3,0.886311,-0.032592000000000065,0.918084,False,0.22260296600135887,False
277317,3,0.891002,-0.03022900000000006,0.9205293333333332,False,0.17015448660953522,False
289428,3,0.894656,-0.029779,0.9236113333333332,False,0.1828317450244109,False
288255,3,0.900766,-0.027724000000000082,0.927613,False,0.21359019350345682,False
67314,3,0.897812,-0.030127999999999933,0.9270973333333333,False,0.15880160746969416,False
219794,3,0.894364,-0.028696999999999973,0.9224866666666666,False,0.2314040337307417,False
130367,3,0.897801,-0.030711000000000044,0.9268523333333333,False,0.17034531994162627,False
335544,3,0.879118,-0.0345660000000001,0.912672,False,0.1928778089930719,False
123930,3,0.880422,-0.031934999999999936,0.911528,False,0.17903119801413786,False
236708,3,0.88963,-0.032551999999999914,0.920805,False,0.18134076781205366,False
146068,3,0.896336,-0.02807700000000002,0.9241199999999999,False,0.23323382796494757,False
298673,3,0.900056,-0.029946000000000028,0.9285186666666666,False,0.1706384264989242,False
207425,3,0.900574,-0.030277,0.9290443333333332,False,0.1745271385881313,False
328962,3,0.859774,-0.035810999999999926,0.8966856666666666,False,0.11509249973753917,False
145738,3,0.888685,-0.03207800000000005,0.919924,False,0.19479274447300585,False
146341,3,0.904542,-0.026881000000000044,0.9309893333333333,False,0.2570530882770136,False
138873,3,0.879565,-0.03448399999999996,0.913103,False,0.18783180984196568,False
191182,3,0.862723,-0.045057000000000014,0.9065596666666668,True,0.4019403601151731,False
256131,3,0.901107,-0.02939500000000006,0.9293306666666666,False,0.1844159319245237,False
158606,3,0.894825,-0.030081000000000024,0.9243476666666667,False,0.17339413281384858,False
115457,3,0.897618,-0.02928199999999992,0.9260106666666666,False,0.1740978941395518,False
281875,3,0.895708,-0.03030300000000008,0.925106,False,0.1723661715057018,False
129303,3,0.893595,-0.031305999999999945,0.923969,False,0.17621544739899156,False
267138,3,0.895253,-0.03680899999999998,0.9282276666666666,True,0.28005237820854334,False
169951,3,0.895021,-0.027801999999999993,0.9217566666666667,False,0.2346665959232778,False
164722,3,0.90622,-0.026905999999999985,0.932516,False,0.2767585396116287,False
356768,3,0.875643,-0.037573999999999996,0.9112266666666665,False,0.2520286237955739,False
254496,3,0.88981,-0.032842999999999956,0.9213556666666666,False,0.18836349024311105,False
35337,3,0.873608,-0.04464899999999994,0.9130476666666666,True,0.4074334997130707,False
58369,3,0.891286,-0.029498999999999942,0.9193123333333334,False,0.21861002301041002,False
12406,3,0.904355,-0.02596199999999993,0.930504,False,0.2625095848060404,False
345496,3,0.883952,-0.031266000000000016,0.914288,False,0.19736414215809014,False
153878,3,0.89601,-0.03126899999999999,0.9259616666666667,False,0.17123801207600406,False
210325,3,0.879318,-0.03919399999999995,0.915133,True,0.3234957861161857,False
125140,3,0.900567,-0.028344000000000036,0.9281623333333333,False,0.20362671044692757,False
41313,3,0.893756,-0.030974999999999975,0.9234936666666668,False,0.17923808304139138,False
255155,3,0.887025,-0.031075999999999993,0.9192203333333332,False,0.20423524418210112,False
127400,3,0.89715,-0.02917000000000003,0.9250583333333333,False,0.20474331812725824,False
246777,3,0.90483,-0.02812799999999993,0.9321523333333334,False,0.22836690180861396,False
302698,3,0.88935,-0.02928300000000006,0.9178256666666668,False,0.2436555895447237,False
111754,3,0.895031,-0.03071400000000002,0.924423,False,0.17602897303637122,False
20302,3,0.902053,-0.028132999999999964,0.9295306666666666,False,0.20688165903735398,False
284802,3,0.885181,-0.03165399999999996,0.9155326666666667,False,0.2081554881459128,False
305939,3,0.89913,-0.02993100000000004,0.9276893333333334,False,0.16667266240828832,False
163429,3,0.892866,-0.029219999999999913,0.9208206666666667,False,0.19379618226566359,False
278058,3,0.894056,-0.03078600000000009,0.9239236666666667,False,0.18239271685952774,False
221571,3,0.891923,-0.03107700000000002,0.922126,False,0.17171179473392817,False
78147,3,0.90382,-0.028445000000000054,0.9311863333333333,False,0.2062855913748488,False
173617,3,0.899073,-0.02861999999999998,0.9270316666666667,False,0.20160869686164046,False
138685,3,0.887136,-0.031474,0.918265,False,0.20759529355331233,False
290414,3,0.884008,-0.03377399999999997,0.9164340000000001,False,0.19500410399014578,False
358375,3,0.882102,-0.03266899999999995,0.9135126666666666,False,0.22495645498915715,False
35631,3,0.903161,-0.028266000000000013,0.930949,False,0.21217648135336897,False
337039,3,0.906682,-0.026136000000000048,0.9329646666666666,False,0.28895079083580766,False
267075,3,0.896801,-0.03102500000000008,0.9266416666666667,False,0.1696524055903862,False
29821,3,0.894941,-0.029830000000000023,0.9232046666666666,False,0.1797749013822797,False
294318,3,0.882239,-0.030730000000000035,0.9163326666666668,False,0.2185738055588853,False
39523,3,0.90434,-0.028490999999999933,0.9315700000000001,False,0.20857908124607152,False
77643,3,0.902655,-0.02823399999999998,0.9298556666666666,False,0.2002267003909719,False
237717,3,0.893494,-0.03990199999999999,0.9283040000000001,True,0.3707960379781263,False
5069,3,0.896294,-0.029209999999999958,0.924725,False,0.20052133334352246,False
11028,3,0.901591,-0.028868999999999923,0.9294933333333333,False,0.20443119751394878,False
303657,3,0.895195,-0.03215299999999999,0.9261106666666666,False,0.19020664437367218,False
311699,3,0.897193,-0.030637000000000025,0.9269356666666667,False,0.1647396575614145,False
242357,3,0.883562,-0.035327,0.9167643333333334,False,0.21785728222658124,False
120646,3,0.896385,-0.026799000000000017,0.9227986666666667,False,0.27361555084778927,False
312417,3,0.885259,-0.04104399999999997,0.9213676666666667,True,0.38521993607383226,False
224622,3,0.886301,-0.03256400000000004,0.9183263333333334,False,0.2252723180609263,False
357412,3,0.90429,-0.027765999999999957,0.9310710000000001,False,0.2157429732480656,False
198943,3,0.895815,-0.030630999999999964,0.9254416666666666,False,0.16661723224976357,False
252370,3,0.897446,-0.03022900000000006,0.9269686666666667,False,0.1629802868390482,False
332523,3,0.891902,-0.02962100000000001,0.9203876666666666,False,0.18647920033505144,False
145060,3,0.893775,-0.031244999999999967,0.9239143333333333,False,0.17470885068725817,False
37435,3,0.887385,-0.03755300000000006,0.9216473333333334,True,0.29249108909176486,False
282713,3,0.903051,-0.02789699999999995,0.9303626666666668,False,0.21038599811317021,False
289239,3,0.896991,-0.027823000000000042,0.9255366666666666,False,0.21084643229275823,False
360446,3,0.89866,-0.02959400000000001,0.9273016666666667,False,0.1686649491941257,False
189600,3,0.888362,-0.033069000000000015,0.9201166666666666,False,0.1984929599764014,False
299,3,0.897744,-0.029251000000000027,0.926282,False,0.1786195026738727,False
225332,3,0.895434,-0.03193800000000002,0.9256099999999999,False,0.1856652095412358,False
31778,3,0.89658,-0.029820999999999986,0.9256026666666667,False,0.16889893130626774,False
60517,3,0.8931,-0.03034199999999998,0.9227469999999999,False,0.16133942389681308,False
58654,3,0.908164,-0.027127000000000012,0.934305,False,0.2857578111278077,False
153709,3,0.903047,-0.027486999999999928,0.9300510000000001,False,0.22849865148427312,False
339757,3,0.892359,-0.02824199999999999,0.9228786666666666,False,0.23481577972474987,False
336321,3,0.891274,-0.03210000000000002,0.9219983333333334,False,0.17990426306954915,False
308512,3,0.901078,-0.029501,0.9293239999999999,False,0.18139266833227133,False
210260,3,0.896549,-0.029117999999999977,0.9251963333333334,False,0.20335989400476387,False
50819,3,0.900609,-0.028680999999999957,0.9286006666666666,False,0.21083445259040268,False
37149,3,0.899614,-0.028779,0.9278550000000001,False,0.19878349932160466,False
161225,3,0.901369,-0.02792899999999998,0.928855,False,0.21393585618011715,False
362293,3,0.901385,-0.02781699999999998,0.9286326666666667,False,0.21393585618011715,False
178389,3,0.857961,-0.044439000000000006,0.8983243333333334,True,0.3778958952615384,False
221208,3,0.878303,-0.035482000000000014,0.9126776666666666,False,0.19994138619323096,False
41291,3,0.884312,-0.031555,0.9149949999999999,False,0.2173347914607777,False
365214,3,0.898684,-0.029547999999999908,0.9272,False,0.1686649491941257,False
333281,3,0.897171,-0.02765699999999993,0.9258000000000001,False,0.2085460048150176,False
7737,3,0.882251,-0.032347000000000015,0.9168043333333333,False,0.22089883105325323,False
329588,3,0.885958,-0.03295300000000001,0.9179096666666666,False,0.22822339574405714,False
317105,3,0.883691,-0.033730999999999955,0.9165869999999999,False,0.20134508977776314,False
361689,3,0.88403,-0.03267300000000006,0.9151996666666666,False,0.2228803583461344,False
281131,3,0.881222,-0.039365000000000094,0.917008,True,0.32527518303749847,False
343638,3,0.893107,-0.03150700000000006,0.9232036666666668,False,0.16614584160671012,False
189790,3,0.89854,-0.029356999999999966,0.9273963333333333,False,0.18443820141930806,False
340726,3,0.877379,-0.03561499999999995,0.9116256666666667,False,0.19256365797303082,False
72525,3,0.899601,-0.02896299999999996,0.9279023333333333,False,0.20031470690669045,False
65444,3,0.906607,-0.027268999999999988,0.9328933333333334,False,0.2714644362961467,False
319360,3,0.891046,-0.03752,0.9248676666666666,True,0.29327343110335147,False
358935,3,0.890216,-0.03144199999999997,0.920743,False,0.1499609621210517,False
100448,3,0.902185,-0.02823399999999998,0.9296833333333333,False,0.20180417244508178,False
222075,3,0.895236,-0.03016299999999994,0.9242566666666666,False,0.1777110100213903,False
69369,3,0.895936,-0.030081000000000024,0.925122,False,0.16760248941923192,False
151722,3,0.869926,-0.03398500000000004,0.9027873333333334,False,0.1421488242224322,False
38033,3,0.892453,-0.03162299999999996,0.9226716666666667,False,0.17106939783310413,False
128351,3,0.89353,-0.031484999999999985,0.9238623333333335,False,0.17533541058797525,False
342871,3,0.888786,-0.04143300000000005,0.9252663333333334,True,0.40693418003143006,False
13912,3,0.883637,-0.03456400000000004,0.9170173333333334,False,0.21338212722604885,False
351129,3,0.89373,-0.03751199999999999,0.927293,True,0.29977576587918653,False
297365,3,0.896973,-0.029583999999999944,0.9255333333333334,False,0.16793443884981174,False
240570,3,0.891044,-0.03250200000000003,0.92219,False,0.1957990450943462,False
86317,3,0.896095,-0.030364000000000058,0.9256303333333333,False,0.17394243873215548,False
99561,3,0.899143,-0.029024999999999967,0.9273166666666667,False,0.19704004730483515,False
261740,3,0.890472,-0.030802999999999914,0.920938,False,0.1639894222986475,False
29971,3,0.902955,-0.027651000000000092,0.9297376666666667,False,0.20472110767878265,False
4101,3,0.898974,-0.02980399999999994,0.9272793333333333,False,0.16667266240828832,False
176472,3,0.887221,-0.029770999999999992,0.9197813333333333,False,0.2140726685087299,False
85669,3,0.891548,-0.03134400000000004,0.9219689999999999,False,0.16792902214912137,False
128393,3,0.904401,-0.029038000000000008,0.9318396666666667,False,0.22264347955501143,False
24702,3,0.881014,-0.03103200000000006,0.9112196666666667,False,0.21528946757958714,False
350152,3,0.905103,-0.02803,0.9320623333333332,False,0.22836690180861396,False
235514,3,0.903173,-0.027977999999999947,0.9299626666666666,False,0.2077341007284284,False
213078,3,0.899106,-0.028557000000000055,0.9266869999999999,False,0.19551979125588273,False
285706,3,0.897887,-0.031232999999999955,0.9274796666666667,False,0.16728998623044986,False
360795,3,0.896099,-0.036129999999999995,0.9286573333333333,True,0.2649686925393421,False
105461,3,0.890836,-0.02841500000000008,0.9188036666666667,False,0.27609353346160037,False
266248,3,0.889355,-0.03298500000000004,0.920725,False,0.1898793286231459,False
195779,3,0.895628,-0.030472000000000055,0.925268,False,0.18036100743217595,False
84715,3,0.888811,-0.029962999999999962,0.917849,False,0.22700784615665812,False
131659,3,0.886425,-0.030405999999999933,0.919223,False,0.1985606465778108,False
367955,3,0.897561,-0.029859999999999998,0.9268176666666667,False,0.16067817794804612,False
170017,3,0.887993,-0.032842999999999956,0.9195313333333334,False,0.21992164187505936,False
225994,3,0.891535,-0.03237699999999999,0.9225156666666666,False,0.18859064069415393,False
266161,3,0.893088,-0.03136899999999998,0.9233066666666666,False,0.164022503558574,False
83876,3,0.882863,-0.03213100000000002,0.916268,False,0.1940570798719332,False
29327,3,0.893427,-0.031671000000000005,0.9237486666666667,False,0.18178973800779832,False
247815,3,0.902745,-0.02910400000000002,0.9311853333333334,False,0.20341793023010862,False
149552,3,0.895681,-0.029556000000000027,0.9248280000000001,False,0.18103794528122405,False
68617,3,0.895989,-0.02908299999999997,0.9245623333333333,False,0.2087792295141731,False
65934,3,0.896398,-0.03450199999999992,0.9275636666666666,True,0.21427745150952673,False
289682,3,0.901615,-0.028104999999999936,0.9290073333333333,False,0.21425373372321002,False
353036,3,0.883962,-0.03159199999999995,0.9146360000000001,False,0.20945390627269284,False
36396,3,0.906122,-0.02864600000000006,0.9337103333333333,False,0.2366277711461101,False
138966,3,0.895767,-0.03101900000000002,0.9254570000000001,False,0.18341053552203387,False
63441,3,0.881645,-0.03152900000000003,0.9150429999999999,False,0.21351716015739045,False
129973,3,0.876797,-0.032001999999999975,0.9122713333333333,False,0.17894994502675493,False
185429,3,0.899234,-0.028657000000000044,0.9265763333333333,False,0.1940001379067431,False
308443,3,0.900734,-0.02762500000000001,0.9280726666666667,False,0.20722674710256112,False
227942,3,0.901614,-0.027729000000000004,0.9288303333333333,False,0.21425373372321002,False
117806,3,0.891934,-0.031000999999999945,0.9219133333333334,False,0.175277032714881,False
319275,3,0.892569,-0.031166000000000027,0.923042,False,0.16252415363563658,False
146037,3,0.887651,-0.02940799999999999,0.9168756666666665,False,0.2479370700862373,False
324282,3,0.893428,-0.031096000000000013,0.9234023333333333,False,0.16811002047751156,False
112065,3,0.892962,-0.027855999999999992,0.9199376666666668,False,0.24750125024333833,False
51332,3,0.897866,-0.028536999999999924,0.926348,False,0.19551979125588273,False
262451,3,0.892066,-0.030721,0.9223690000000001,False,0.17377107070694064,False
338784,3,0.898774,-0.02970700000000004,0.9272493333333333,False,0.16667266240828832,False
185753,3,0.88666,-0.03374900000000003,0.9192083333333333,False,0.20706443025879406,False
351224,3,0.897118,-0.02989300000000006,0.926005,False,0.16098858191165885,False
36066,3,0.878442,-0.03139000000000003,0.9090893333333333,False,0.20762218888713585,False
318029,3,0.892432,-0.030702000000000007,0.9222766666666667,False,0.1727961066161954,False
126286,3,0.904894,-0.026735000000000064,0.9317946666666667,False,0.2648753122519405,False
112886,3,0.889521,-0.03174500000000002,0.9206136666666667,False,0.162540485877621,False
296341,3,0.878532,-0.04574400000000001,0.9182866666666666,True,0.4355657679444607,False
68587,3,0.894258,-0.02918299999999996,0.923218,False,0.2199022834464498,False
81030,3,0.90027,-0.028133999999999992,0.927361,False,0.21174074859599995,False
147721,3,0.903956,-0.028245999999999993,0.931257,False,0.21064556212725388,False
42982,3,0.896463,-0.03064800000000001,0.9260793333333334,False,0.1618828481319854,False
37220,3,0.90475,-0.02709499999999998,0.9315366666666667,False,0.2539852545563481,False
222077,3,0.886442,-0.0322110000000001,0.9190526666666666,False,0.211517010387163,False
368857,3,0.88613,-0.03061999999999998,0.9178486666666666,False,0.21989560347201784,False
290049,3,0.892357,-0.03509200000000001,0.9243466666666666,True,0.22841684646428811,False
120031,3,0.896757,-0.031227000000000005,0.9266313333333334,False,0.16328808541256154,False
182981,3,0.889486,-0.03068000000000004,0.9188696666666667,False,0.1971423575817003,False
190306,3,0.891698,-0.029459000000000013,0.9202023333333335,False,0.1972181585287325,False
3407,3,0.892629,-0.03125699999999998,0.9224103333333332,False,0.16964867100132944,False
282746,3,0.888877,-0.038717,0.9236563333333333,True,0.3148976575226825,False
145852,3,0.896259,-0.03079199999999993,0.9256736666666666,False,0.17709379008095114,False
73495,3,0.891918,-0.03915999999999997,0.926628,True,0.3433314742657766,False
373790,3,0.89836,-0.029018999999999906,0.9266073333333334,False,0.18885562874154974,False
130825,3,0.906922,-0.027356000000000047,0.9335426666666667,False,0.27408714929693356,False
291382,3,0.895554,-0.03010299999999999,0.925037,False,0.16848123481253802,False
15622,3,0.87991,-0.035109999999999975,0.9135733333333333,False,0.20508423489252722,False
36287,3,0.90039,-0.028204999999999925,0.9278239999999999,False,0.20512515348633045,False
16663,3,0.890857,-0.031320000000000014,0.9214463333333334,False,0.1563688631578529,False
96200,3,0.896887,-0.029743999999999993,0.9258623333333333,False,0.16038923497482951,False
26522,3,0.892399,-0.028331999999999913,0.9228783333333334,False,0.23481577972474987,False
48390,3,0.903105,-0.028985999999999956,0.930737,False,0.20496609535109872,False
58650,3,0.894276,-0.029823000000000044,0.9236803333333333,False,0.1861708945223586,False
49453,3,0.891898,-0.03064,0.9214763333333332,False,0.15541171406068938,False
85277,3,0.878147,-0.044227000000000016,0.9168906666666666,True,0.4038158515729356,False
221777,3,0.898371,-0.02938799999999997,0.926845,False,0.1779437427704198,False
60058,3,0.866765,-0.04104399999999997,0.908381,True,0.3494602446211882,False
194081,3,0.896742,-0.029511999999999983,0.9257390000000001,False,0.177606143732857,False
53736,3,0.886778,-0.03310000000000002,0.9187416666666666,False,0.2165032508356976,False
231649,3,0.902302,-0.028984999999999927,0.9299213333333333,False,0.19948784237126568,False
367671,3,0.887912,-0.028478000000000003,0.9199166666666666,False,0.26196757383154046,False
39449,3,0.893801,-0.031102999999999992,0.9238183333333333,False,0.18032546165864688,False
187595,3,0.888022,-0.03854800000000003,0.9230596666666666,True,0.30814252213729393,False
137340,3,0.889735,-0.03205199999999997,0.920886,False,0.16330432232078154,False
57487,3,0.880896,-0.03545900000000002,0.9149853333333334,False,0.2175627202951506,False
239717,3,0.893417,-0.027907999999999933,0.9209816666666667,False,0.2181840219195249,False
73206,3,0.898673,-0.029840999999999895,0.927444,False,0.16667266240828832,False
356664,3,0.898748,-0.02843399999999996,0.926484,False,0.19713536270412607,False
198461,3,0.882387,-0.032277,0.9133713333333334,False,0.2027121520520065,False
54309,3,0.891848,-0.03180499999999997,0.9222453333333333,False,0.1695865635099083,False
241331,3,0.903386,-0.02780399999999994,0.9302426666666667,False,0.2077341007284284,False
69445,3,0.896519,-0.02960700000000005,0.9257596666666666,False,0.16232979498681188,False
266171,3,0.902844,-0.027634000000000047,0.929821,False,0.20382130886084787,False
26289,3,0.891573,-0.032745000000000024,0.922276,False,0.20548997069135658,False
80132,3,0.879716,-0.03164499999999992,0.9106936666666666,False,0.20018047226248684,False
3770,3,0.8919,-0.03232899999999994,0.9228913333333333,False,0.18351679907460886,False
107090,3,0.889887,-0.030117999999999978,0.919006,False,0.19810505709382847,False
97425,3,0.876868,-0.04564900000000005,0.9166533333333332,True,0.42849467695805216,False
116619,3,0.907081,-0.028027999999999942,0.9339446666666666,False,0.2504234947744521,False
56117,3,0.896843,-0.031176000000000093,0.926559,False,0.16051537552866246,False
240273,3,0.891608,-0.030206000000000066,0.9223816666666668,False,0.1667413999906043,False
342598,3,0.88832,-0.03292399999999995,0.9193896666666667,False,0.2142573429128997,False
237881,3,0.885239,-0.031074000000000046,0.9175230000000001,False,0.21892082611284647,False
177892,3,0.893525,-0.03241499999999997,0.924293,False,0.20155811277191582,False
44907,3,0.880489,-0.032725000000000004,0.9150506666666667,False,0.21193828993890912,False
346692,3,0.898033,-0.02942699999999998,0.9274803333333334,False,0.1779437427704198,False
282789,3,0.881507,-0.03297499999999998,0.9129273333333333,False,0.20811883475841775,False
47662,3,0.894614,-0.03197399999999995,0.9253013333333334,False,0.18214603571844065,False
325405,3,0.893888,-0.031127999999999934,0.923987,False,0.18032546165864688,False
82920,3,0.891252,-0.032180999999999904,0.922292,False,0.18827468623213645,False
81516,3,0.891523,-0.03217200000000009,0.9230870000000001,False,0.18562623509507475,False
20916,3,0.893858,-0.030684999999999962,0.9239413333333334,False,0.18239271685952774,False
49123,3,0.869639,-0.03509799999999996,0.9041496666666667,False,0.1755904028532572,False
89725,3,0.889722,-0.029318999999999984,0.9208353333333333,False,0.20199788882112654,False
201728,3,0.894594,-0.03107199999999999,0.9246273333333334,False,0.17578618262936954,False
172103,3,0.902006,-0.029391000000000056,0.930128,False,0.18429614846921177,False
141530,3,0.905047,-0.02794299999999994,0.9321363333333333,False,0.22836690180861396,False
122049,3,0.896383,-0.03221599999999991,0.926984,False,0.18400341790924027,False
229690,3,0.897178,-0.02994999999999992,0.9263223333333332,False,0.1624858925362345,False
247974,3,0.891794,-0.03172200000000003,0.922428,False,0.1695865635099083,False
30369,3,0.892384,-0.030506000000000033,0.9222843333333333,False,0.1688818111369078,False
191277,3,0.889969,-0.038161,0.9247256666666667,True,0.29900838671391256,False
306012,3,0.890446,-0.029532000000000003,0.9193123333333334,False,0.21931431021123962,False
209400,3,0.879486,-0.03338600000000003,0.9141423333333334,False,0.18840315824769022,False
31959,3,0.883668,-0.039632,0.9195000000000001,True,0.3340564184020449,False
85197,3,0.899338,-0.029366000000000003,0.9276369999999999,False,0.18443820141930806,False
117026,3,0.8713,-0.03611400000000009,0.9065166666666666,False,0.17925070231122284,False
357599,3,0.902472,-0.027602999999999933,0.92943,False,0.2193525227163842,False
193575,3,0.889043,-0.033506999999999953,0.9212706666666667,False,0.19301754483522154,False
177254,3,0.890001,-0.02790399999999993,0.919778,False,0.26804089398126535,False
279291,3,0.889286,-0.03186800000000001,0.9206386666666667,False,0.17837285579428738,False
347011,3,0.900415,-0.028079999999999994,0.9279926666666666,False,0.2102101240809954,False
55789,3,0.903777,-0.028358999999999912,0.9307116666666667,False,0.20723432826110866,False
277408,3,0.89892,-0.029881999999999964,0.9277373333333333,False,0.16667266240828832,False
140373,3,0.893893,-0.030876999999999932,0.9240086666666666,False,0.18390451412907527,False
240870,3,0.88906,-0.03228500000000001,0.91982,False,0.20363763022579046,False
188208,3,0.888461,-0.03168900000000008,0.9197583333333332,False,0.1929976113589603,False
120087,3,0.895508,-0.030619000000000063,0.9249463333333333,False,0.1741329998435695,False
312690,3,0.895556,-0.03003,0.924804,False,0.17269456947970915,False
207505,3,0.898031,-0.030399999999999983,0.9270243333333333,False,0.16570301072690585,False
80131,3,0.899384,-0.02803,0.9262513333333334,False,0.2065544128265245,False
114137,3,0.894267,-0.03132400000000002,0.9243023333333333,False,0.178021634062256,False
139893,3,0.902164,-0.028769000000000045,0.9292243333333333,False,0.2010564772096333,False
204693,3,0.890367,-0.030777999999999972,0.919654,False,0.19396795400034597,False
332547,3,0.895634,-0.031445999999999974,0.9257993333333333,False,0.16665341994774005,False
82540,3,0.89556,-0.031425999999999954,0.9259029999999999,False,0.1708905899955826,False
38409,3,0.897403,-0.029046000000000016,0.9258373333333333,False,0.186316740849394,False
124782,3,0.898759,-0.028989000000000043,0.926755,False,0.19239566319892715,False
51599,3,0.900581,-0.028842000000000034,0.9288646666666667,False,0.21529190728323525,False
302100,3,0.89464,-0.03527800000000003,0.9269076666666667,True,0.22971570370976788,False
184101,3,0.896198,-0.030842999999999954,0.925855,False,0.17151228731151766,False
303520,3,0.89582,-0.03154200000000007,0.9258663333333333,False,0.17264950517703687,False
33568,3,0.900101,-0.02904999999999991,0.9284886666666666,False,0.19535436892676575,False
334993,3,0.892107,-0.032016000000000044,0.922818,False,0.17245047618866996,False
216161,3,0.891687,-0.029789999999999983,0.922376,False,0.17802786576668195,False
48896,3,0.904416,-0.02695599999999998,0.930989,False,0.2586154168245983,False
292002,3,0.899095,-0.02824899999999997,0.9267953333333333,False,0.20147766204231743,False
306491,3,0.89968,-0.02863199999999999,0.9276136666666667,False,0.20344986146224373,False
6019,3,0.892689,-0.029194000000000053,0.9210563333333334,False,0.19531569757451453,False
73158,3,0.891065,-0.029901999999999984,0.9199113333333333,False,0.19049544765605306,False
264951,3,0.892998,-0.031532000000000004,0.923296,False,0.17257353130763936,False
347806,3,0.888945,-0.03698000000000001,0.9227933333333334,True,0.26808795733000534,False
199295,3,0.887284,-0.031347000000000014,0.919225,False,0.20008119495752427,False
249974,3,0.900912,-0.029816999999999982,0.9295083333333333,False,0.16979246720529173,False
1130,3,0.892336,-0.031459000000000015,0.922881,False,0.15417591771257866,False
138091,3,0.896201,-0.030886999999999998,0.9256160000000001,False,0.17860200095603937,False
324734,3,0.894211,-0.02846100000000007,0.921714,False,0.21024607034603585,False
14470,3,0.895396,-0.03091300000000008,0.9248886666666666,False,0.18589800352429323,False
254615,3,0.903673,-0.027299000000000073,0.9299513333333334,False,0.2402425738305036,False
371112,3,0.900112,-0.02878499999999995,0.9281066666666667,False,0.20096603861384107,False
52418,3,0.901551,-0.027939999999999965,0.928874,False,0.21425373372321002,False
156960,3,0.898795,-0.02892399999999995,0.926597,False,0.19422929854999788,False
139042,3,0.895629,-0.031054000000000026,0.9254920000000001,False,0.18189907235861347,False
346047,3,0.898555,-0.029183999999999988,0.9273423333333334,False,0.19545515477920733,False
111477,3,0.900246,-0.030059000000000058,0.9291,False,0.1679096413767775,False
369972,3,0.901671,-0.029313000000000033,0.9297496666666666,False,0.18648737821278713,False
21930,3,0.896179,-0.029844000000000093,0.9251943333333333,False,0.1767350441365055,False
352159,3,0.893045,-0.02999200000000002,0.9224493333333333,False,0.17177494727421055,False
111043,3,0.893942,-0.03173999999999999,0.9244089999999999,False,0.17370337474488723,False
145684,3,0.890117,-0.029013999999999984,0.9188096666666667,False,0.2610622324943229,False
282579,3,0.901374,-0.029225999999999974,0.9291546666666667,False,0.19087705958682394,False
70407,3,0.896836,-0.029160000000000075,0.925301,False,0.19681559847243674,False
316526,3,0.896767,-0.028661999999999965,0.9251656666666666,False,0.21219427631672966,False
83707,3,0.887405,-0.030618999999999952,0.9194279999999999,False,0.19860723064829527,False
138403,3,0.893112,-0.03126099999999998,0.923358,False,0.164022503558574,False
53893,3,0.882138,-0.031943000000000055,0.9132143333333334,False,0.20145014952876888,False
193738,3,0.89774,-0.030549999999999966,0.9267826666666666,False,0.16667710872699407,False
178349,3,0.88188,-0.033227000000000007,0.9145786666666668,False,0.21523247585154595,False
56673,3,0.902705,-0.027584000000000053,0.9299056666666666,False,0.2157803523103814,False
281137,3,0.905774,-0.029114000000000084,0.9332206666666667,False,0.24125184873434571,False
295170,3,0.896421,-0.028563999999999923,0.9260346666666667,False,0.19597708561953192,False
106743,3,0.883345,-0.029482000000000008,0.9142263333333333,False,0.24922352855458316,False
336048,3,0.879677,-0.03429299999999991,0.9127446666666666,False,0.19640479847216855,False
290048,3,0.903208,-0.027749000000000024,0.93009,False,0.20620618613968764,False
232328,3,0.892366,-0.029442999999999997,0.9226983333333333,False,0.19633540212014666,False
136716,3,0.897032,-0.03074499999999991,0.9265129999999999,False,0.16915424321379546,False
142788,3,0.905472,-0.027553999999999967,0.9319636666666667,False,0.2507039782304011,False
183321,3,0.894296,-0.03104499999999999,0.924389,False,0.18269191260801418,False
35924,3,0.896239,-0.031417999999999946,0.9262419999999999,False,0.16474081947882754,False
139258,3,0.891423,-0.028577000000000075,0.9189409999999999,False,0.2528953137891768,False
110140,3,0.896409,-0.03017599999999998,0.9259746666666667,False,0.15484212555842372,False
345899,3,0.903721,-0.027382000000000017,0.9302356666666668,False,0.2325035399316658,False
42001,3,0.89972,-0.03031499999999998,0.929093,False,0.1772640607190284,False
258744,3,0.895101,-0.030999,0.9246453333333333,False,0.17935795506181645,False
330879,3,0.90427,-0.025687000000000015,0.9295430000000001,False,0.2853917406982675,False
367696,3,0.869764,-0.033314000000000066,0.906574,False,0.17273528208608116,False
149415,3,0.903006,-0.02818200000000004,0.9306163333333334,False,0.20327546693097479,False
198691,3,0.884811,-0.032855999999999996,0.9162279999999999,False,0.22485670307496294,False
36466,3,0.899399,-0.028159000000000045,0.9274553333333332,False,0.2142055139525088,False
81158,3,0.905391,-0.028570000000000095,0.9324036666666666,False,0.22886443695349187,False
104248,3,0.891512,-0.03181299999999998,0.9222786666666667,False,0.17637185673828482,False
99829,3,0.890052,-0.031088000000000005,0.9203233333333333,False,0.1729259012609866,False
110615,3,0.900234,-0.029912999999999967,0.9289256666666666,False,0.17704346026952666,False
157284,3,0.879782,-0.042659,0.917874,True,0.3734381654479202,False
138656,3,0.894512,-0.030762000000000067,0.9244503333333333,False,0.17935795506181645,False
94036,3,0.884716,-0.03258700000000003,0.9167973333333332,False,0.2265581266067724,False
274088,3,0.891006,-0.029599000000000042,0.9201476666666667,False,0.19437736209806625,False
215856,3,0.891577,-0.035380999999999996,0.9239186666666667,True,0.2227671699148222,False
263638,3,0.895219,-0.03109700000000004,0.9249656666666667,False,0.18134233834245286,False
130970,3,0.89774,-0.02948099999999998,0.926673,False,0.17191879611446337,False
308944,3,0.865549,-0.03653899999999999,0.9012053333333334,False,0.17333860708010754,False
344652,3,0.89343,-0.030384000000000078,0.9231579999999999,False,0.16583510951229335,False
327837,3,0.894356,-0.03107799999999994,0.9243256666666667,False,0.18213498093766803,False
285929,3,0.889887,-0.03304099999999999,0.9215453333333333,False,0.18836349024311105,False
128075,3,0.8886,-0.036821000000000104,0.9220086666666667,True,0.2748809530360301,False
62855,3,0.890544,-0.03216399999999997,0.9213813333333333,False,0.16908441684291317,False
209186,3,0.90162,-0.028085000000000027,0.929053,False,0.21425373372321002,False
349665,3,0.905697,-0.027892000000000028,0.9326346666666666,False,0.24006282134785004,False
110430,3,0.89043,-0.039381,0.9254046666666667,True,0.3570037804233535,False
66818,3,0.897564,-0.02926200000000001,0.926162,False,0.1786195026738727,False
286046,3,0.896691,-0.030568999999999957,0.9261546666666667,False,0.1671285327505098,False
156471,3,0.898597,-0.029139000000000026,0.9269446666666666,False,0.18831185849438986,False
173239,3,0.896358,-0.030743999999999994,0.9256863333333333,False,0.17709379008095114,False
196038,3,0.891557,-0.032543999999999906,0.9226036666666667,False,0.19139854545350338,False
305402,3,0.905267,-0.027117999999999975,0.9316196666666667,False,0.26179708268541013,False
200562,3,0.89941,-0.028799999999999937,0.9274666666666667,False,0.20030639012270204,False
200078,3,0.903481,-0.028998999999999997,0.931415,False,0.21251578095522855,False
16829,3,0.893334,-0.030450000000000088,0.9228663333333333,False,0.16071856107639412,False
179768,3,0.895932,-0.029583000000000026,0.9249426666666666,False,0.17572078606318486,False
290771,3,0.895516,-0.02785700000000002,0.92233,False,0.23229288578809623,False
121981,3,0.881383,-0.02950599999999992,0.909897,False,0.28413384044582607,False
254798,3,0.881533,-0.03234400000000004,0.912775,False,0.20173297055283415,False
165388,3,0.880065,-0.03213200000000005,0.914144,False,0.17723058186599344,False
311969,3,0.902352,-0.028752,0.930216,False,0.1964358951875025,False
41833,3,0.884065,-0.031757000000000035,0.9177203333333334,False,0.2022353314169706,False
221187,3,0.901631,-0.026922,0.9283273333333333,False,0.2505361245923695,False
119484,3,0.890232,-0.03193400000000002,0.9209993333333334,False,0.1602741970130407,False
115574,3,0.901922,-0.029502000000000028,0.930055,False,0.18127304685503629,False
309588,3,0.887891,-0.03115100000000004,0.9180656666666667,False,0.20736607414580258,False
208910,3,0.878504,-0.031564000000000036,0.9132219999999999,False,0.20170430855617616,False
16469,3,0.899876,-0.028847999999999985,0.9277890000000001,False,0.20690367206607668,False
4883,3,0.880408,-0.031982000000000066,0.9116543333333333,False,0.17903119801413786,False
87194,3,0.884717,-0.030135000000000023,0.9143910000000001,False,0.22411207085245974,False
186264,3,0.877734,-0.04289399999999999,0.9160499999999999,True,0.3968342216449731,False
109842,3,0.883171,-0.032650999999999986,0.916099,False,0.21542745493312004,False
20836,3,0.905882,-0.026909000000000072,0.9323363333333333,False,0.2767585396116287,False
60472,3,0.889688,-0.028297000000000017,0.9215736666666667,False,0.23702571209949064,False
256170,3,0.890657,-0.031239000000000017,0.9214023333333333,False,0.1548756898318659,False
249184,3,0.889901,-0.033134999999999915,0.9216106666666667,False,0.18150120975130354,False
320695,3,0.890287,-0.03240799999999999,0.9213623333333333,False,0.17503748250879875,False
352157,3,0.885985,-0.03142899999999993,0.9158706666666667,False,0.20599400423753064,False
100814,3,0.868801,-0.036699999999999955,0.9039333333333334,False,0.18511084017117685,False
115141,3,0.891365,-0.030411000000000077,0.9210713333333334,False,0.1536950531745455,False
164981,3,0.897576,-0.029855999999999994,0.9265593333333334,False,0.16067817794804612,False
30662,3,0.889949,-0.030891000000000002,0.9206153333333335,False,0.17454011026758218,False
283423,3,0.884749,-0.031445999999999974,0.9148816666666667,False,0.21253392394422252,False
335243,3,0.89408,-0.030803000000000025,0.924159,False,0.18354747330859547,False
276653,3,0.886235,-0.034667,0.9190063333333334,False,0.21707198367221006,False
174879,3,0.904987,-0.029528,0.9328226666666666,False,0.21153575438135006,False
34701,3,0.862348,-0.04041899999999998,0.9015283333333333,False,0.3032043363345455,False
139973,3,0.90179,-0.027561000000000058,0.9291636666666667,False,0.2247750324354326,False
1858,3,0.889584,-0.03486599999999995,0.9235023333333334,True,0.22651474571416197,False
354785,3,0.880464,-0.035546999999999995,0.9144966666666666,False,0.21296214658375587,False
144194,3,0.861183,-0.04007099999999997,0.9000243333333334,False,0.26162884805481335,False
161616,4,0.863638,-0.03279399999999999,0.895247,False,0.12388431889181035,False
221846,4,0.875269,-0.029684000000000044,0.9041933333333333,False,0.24022873786353022,False
84698,4,0.867439,-0.030694,0.8976993333333333,False,0.18781663923374203,False
114629,4,0.844482,-0.0352340000000001,0.8786663333333333,False,0.04687285964299186,False
83465,4,0.861522,-0.03394799999999998,0.8934449999999999,False,0.08919682944321757,False
369398,4,0.857166,-0.035831999999999975,0.8918936666666667,False,0.09650988972344855,False
13112,4,0.852206,-0.03585499999999997,0.8864706666666667,False,0.10041283761474096,False
235202,4,0.867739,-0.028940999999999995,0.8987316666666668,False,0.2539286374411775,False
104286,4,0.860087,-0.03293399999999991,0.891474,False,0.0999892593136415,False
224231,4,0.873486,-0.03068700000000002,0.9031793333333334,False,0.1981031552390924,False
12995,4,0.857194,-0.032438999999999996,0.8893056666666667,False,0.15024613975542764,False
74905,4,0.847141,-0.03598099999999993,0.8822679999999999,False,0.07665362018970648,False
294254,4,0.829728,-0.03794999999999993,0.8666746666666666,False,0.08454933339092566,False
265229,4,0.861734,-0.030618000000000034,0.8919073333333333,False,0.1801726102905843,False
366026,4,0.830616,-0.04130400000000001,0.8702610000000001,False,0.20988628990370603,False
269565,4,0.853746,-0.04058499999999998,0.8908343333333333,True,0.2711313010016743,False
242550,4,0.871056,-0.031503999999999976,0.9018406666666667,False,0.15738499509781542,False
82704,4,0.855231,-0.03297500000000009,0.887356,False,0.12370304231471138,False
213416,4,0.861982,-0.033770999999999995,0.8951146666666667,False,0.10616712465754398,False
45580,4,0.836899,-0.03644100000000006,0.8726263333333333,False,0.07470974508784872,False
280043,4,0.834289,-0.038344000000000045,0.8710129999999999,False,0.11643516344613282,False
50707,4,0.81455,-0.05335500000000004,0.862546,True,0.448401015569092,False
28401,4,0.864283,-0.03088499999999994,0.8947593333333334,False,0.1777693004448829,False
33306,4,0.850868,-0.03581100000000004,0.8853536666666667,False,0.08563061108067387,False
23114,4,0.856729,-0.034636,0.8904353333333334,False,0.09113069759876845,False
114987,4,0.861023,-0.033935999999999966,0.8936336666666667,False,0.0909917357739805,False
325666,4,0.873579,-0.030344000000000038,0.9034513333333334,False,0.20743843013953434,False
92826,4,0.867714,-0.03284900000000002,0.8987753333333334,False,0.13998935545254335,False
165868,4,0.859606,-0.03433200000000003,0.892881,False,0.09485022083426992,False
306277,4,0.862336,-0.032652000000000014,0.8941103333333333,False,0.12210364813008302,False
219949,4,0.838569,-0.03783700000000001,0.8768753333333333,False,0.1416779808527011,False
81499,4,0.862686,-0.033249000000000084,0.89536,False,0.11418473937074108,False
278463,4,0.867836,-0.031015999999999933,0.8983193333333334,False,0.17980625395229036,False
180331,4,0.836687,-0.04045300000000007,0.8755326666666666,False,0.20855282371418402,False
294076,4,0.868638,-0.030610000000000026,0.8987566666666668,False,0.1850611192769838,False
160007,4,0.852477,-0.033055999999999974,0.888049,False,0.13071328636850535,False
288528,4,0.854376,-0.03398599999999996,0.8895569999999999,False,0.1143764279848481,False
125541,4,0.861484,-0.03331200000000001,0.893986,False,0.09924811822872599,False
271358,4,0.860574,-0.033440000000000025,0.8932013333333333,False,0.09654456814898726,False
165767,4,0.857854,-0.03200999999999998,0.8888906666666667,False,0.14607452091044418,False
52953,4,0.847175,-0.037727999999999984,0.8836123333333333,False,0.15850279373114629,False
57288,4,0.873176,-0.02991200000000005,0.9027053333333334,False,0.21278329284838549,False
116876,4,0.843567,-0.04175899999999999,0.8826996666666665,True,0.26625163514327876,False
356263,4,0.868116,-0.030555,0.8979836666666667,False,0.1899073460362112,False
129087,4,0.868538,-0.03108999999999995,0.8986139999999999,False,0.17513327776854978,False
174160,4,0.872477,-0.03217800000000004,0.9033083333333334,False,0.16862212178946406,False
155560,4,0.872086,-0.02954699999999999,0.9007246666666667,False,0.2216199174125704,False
93665,4,0.867819,-0.031935999999999964,0.8986096666666666,False,0.14394096514028734,False
58485,4,0.8581,-0.035493,0.8916466666666666,False,0.10501244708541724,False
10211,4,0.860464,-0.03132800000000002,0.890981,False,0.16459531606910832,False
18889,4,0.856554,-0.04210799999999992,0.894575,True,0.3149779004275832,False
245392,4,0.851745,-0.032484999999999986,0.8837383333333334,False,0.16259845555047628,False
354005,4,0.870873,-0.03255299999999994,0.9021256666666666,False,0.15657186951228275,False
315631,4,0.82889,-0.04046700000000003,0.8686133333333333,False,0.17238683313773986,False
131813,4,0.863686,-0.033304,0.896003,False,0.12362084830686006,False
99724,4,0.864438,-0.033518999999999965,0.8963530000000001,False,0.12123773126579328,False
215535,4,0.870774,-0.029814999999999925,0.8999863333333332,False,0.2002467071357632,False
351364,4,0.862566,-0.03288399999999991,0.8946523333333333,False,0.11107763896933365,False
26633,4,0.864625,-0.031331,0.8948143333333333,False,0.16447402459625576,False
146002,4,0.85572,-0.04386499999999993,0.894268,True,0.36485920100207525,False
124118,4,0.856635,-0.033506999999999953,0.8897723333333333,False,0.11827955098687964,False
209546,4,0.863527,-0.031927999999999956,0.8947546666666667,False,0.14043340223540723,False
293540,4,0.864122,-0.03231000000000006,0.8960583333333334,False,0.1344671351593699,False
130111,4,0.857355,-0.033443,0.8917756666666667,False,0.11417910514266949,False
1701,4,0.854805,-0.035223000000000004,0.8891273333333333,False,0.08678390332005552,False
24025,4,0.827149,-0.040973999999999955,0.8671376666666667,False,0.1983905107896364,False
211694,4,0.864951,-0.03820199999999996,0.8999443333333333,True,0.22483681401782685,False
101255,4,0.869682,-0.03263400000000005,0.9010980000000001,False,0.15657186951228275,False
299391,4,0.865111,-0.031223,0.8964743333333333,False,0.18343750776233483,False
139883,4,0.868484,-0.031167999999999974,0.8987533333333334,False,0.16952973461612933,False
238555,4,0.873515,-0.03181099999999992,0.9036376666666667,False,0.1798660791009435,False
221333,4,0.851547,-0.034936999999999996,0.8852120000000001,False,0.09057882309996018,False
30741,4,0.83979,-0.03484199999999993,0.873542,False,0.07552215699141582,False
123314,4,0.856327,-0.03451900000000008,0.890159,False,0.08898348022404394,False
119325,4,0.853721,-0.03388600000000008,0.8865816666666667,False,0.1163458354861407,False
86574,4,0.854599,-0.031716999999999995,0.885366,False,0.1733858881105216,False
341911,4,0.852234,-0.038555000000000006,0.8885273333333333,True,0.18668544272281307,False
30866,4,0.86886,-0.03139599999999998,0.8994066666666667,False,0.16390386846625782,False
340723,4,0.86318,-0.030651000000000095,0.8954356666666667,False,0.18700522575531167,False
332911,4,0.85652,-0.043129000000000084,0.8949356666666667,True,0.36131674997125424,False
211089,4,0.858178,-0.03148899999999999,0.8891906666666666,False,0.16407072092702601,False
281527,4,0.874363,-0.03126899999999999,0.9046853333333335,False,0.19055586154755227,False
164419,4,0.85856,-0.03471500000000005,0.8917813333333333,False,0.08479507192653801,False
334030,4,0.852132,-0.036022,0.8869463333333334,False,0.10041283761474096,False
213058,4,0.85932,-0.03871599999999997,0.8951283333333334,True,0.18732755562406003,False
350737,4,0.863022,-0.0317630000000001,0.8938043333333333,False,0.14236156446748854,False
22780,4,0.839188,-0.03890899999999997,0.8762963333333333,False,0.15555934279569153,False
112321,4,0.868366,-0.032196,0.899353,False,0.1521985244349658,False
281168,4,0.877967,-0.029488999999999987,0.9068273333333333,False,0.27037917724419774,False
53587,4,0.859142,-0.03564200000000006,0.89323,False,0.0933098907784788,False
139041,4,0.871361,-0.030040999999999984,0.9006696666666668,False,0.19706685820987185,False
199191,4,0.859321,-0.034401000000000015,0.8920643333333333,False,0.08696459006037267,False
338428,4,0.852699,-0.03049999999999997,0.8833853333333334,False,0.20639172068730355,False
48625,4,0.862488,-0.03405099999999994,0.8955856666666667,False,0.10178627148018689,False
297458,4,0.870186,-0.029390999999999945,0.9013716666666666,False,0.22259201917817678,False
137752,4,0.858538,-0.033745000000000025,0.8913423333333333,False,0.10322814305890292,False
229734,4,0.839427,-0.04464199999999996,0.8798776666666667,True,0.3326814426018762,False
244855,4,0.857048,-0.035428000000000015,0.891075,False,0.09650813385598854,False
264979,4,0.856915,-0.03400500000000006,0.8903516666666667,False,0.10225710700578526,False
314019,4,0.848183,-0.034524,0.8844003333333333,False,0.0833838907978079,False
104633,4,0.867326,-0.03798099999999993,0.9017766666666667,True,0.23084687749516702,False
284266,4,0.851651,-0.03465999999999991,0.8856216666666666,False,0.09458156905403117,False
277317,4,0.849761,-0.04124099999999997,0.8873313333333334,True,0.30425180918751155,False
289428,4,0.861255,-0.033401000000000014,0.8934486666666667,False,0.09654456814898726,False
288255,4,0.869992,-0.030773999999999968,0.8997493333333333,False,0.17813130905115374,False
67314,4,0.865357,-0.03245500000000001,0.8970363333333333,False,0.1466375921129844,False
219794,4,0.862139,-0.03222500000000006,0.893188,False,0.1335879290281056,False
130367,4,0.853664,-0.04413699999999998,0.8933256666666667,True,0.3581283173341868,False
335544,4,0.842305,-0.036812999999999985,0.8783690000000001,False,0.07540295045966895,False
123930,4,0.828817,-0.05160500000000001,0.8738653333333334,True,0.46745620479953043,False
236708,4,0.853944,-0.035685999999999996,0.8885853333333333,False,0.10437775558715504,False
146068,4,0.866144,-0.030191999999999997,0.895631,False,0.20305967727674032,False
298673,4,0.867699,-0.03235699999999997,0.8992523333333334,False,0.1568335828261688,False
207425,4,0.869803,-0.030770999999999993,0.9004093333333333,False,0.17954181786200676,False
328962,4,0.820691,-0.03908300000000009,0.8586833333333334,False,0.08553512177905279,False
145738,4,0.855653,-0.03303199999999995,0.888367,False,0.12266120297233779,False
146341,4,0.873198,-0.03134399999999993,0.9030543333333334,False,0.17520900756495597,False
138873,4,0.839768,-0.03979700000000008,0.8777940000000001,False,0.1877736533175979,False
191182,4,0.825663,-0.03705999999999998,0.8653886666666667,False,0.039375393273290274,False
256131,4,0.868946,-0.032160999999999995,0.900185,False,0.15193736047938047,False
158606,4,0.861604,-0.033220999999999945,0.8937783333333332,False,0.09634002345171812,False
115457,4,0.866898,-0.03072000000000008,0.8971386666666666,False,0.18774897604971758,False
281875,4,0.861729,-0.03397899999999998,0.8944826666666666,False,0.10399584099774847,False
129303,4,0.859501,-0.03409400000000007,0.8926656666666667,False,0.09298284473302466,False
267138,4,0.864735,-0.030517999999999934,0.89735,False,0.1713547020534733,False
169951,4,0.863522,-0.031498999999999944,0.8937886666666666,False,0.1562039419731207,False
164722,4,0.874762,-0.031457999999999986,0.9047026666666667,False,0.1896701591899363,False
356768,4,0.836291,-0.03935199999999994,0.8750503333333333,False,0.1789583039514234,False
254496,4,0.856863,-0.03294699999999995,0.8897753333333333,False,0.11968263178733286,False
35337,4,0.840189,-0.03341900000000009,0.8773513333333334,False,0.11149646786362635,False
58369,4,0.860603,-0.030683000000000016,0.8908913333333333,False,0.17890656630648258,False
12406,4,0.865465,-0.03888999999999998,0.9000456666666666,True,0.23938331095209203,False
345496,4,0.844514,-0.03943799999999997,0.881228,True,0.17695608696991957,False
153878,4,0.852154,-0.043856000000000006,0.8918143333333334,True,0.3644623577914685,False
210325,4,0.845296,-0.034022,0.881042,False,0.08147674465288303,False
125140,4,0.868774,-0.03179299999999996,0.8994173333333334,False,0.15402932758280993,False
41313,4,0.858463,-0.03529300000000002,0.8923166666666665,False,0.09349359926478701,False
255155,4,0.853546,-0.033478999999999925,0.886224,False,0.13135821410960496,False
127400,4,0.864244,-0.03290599999999999,0.8959046666666667,False,0.11349700560914329,False
246777,4,0.875213,-0.029617000000000004,0.9043336666666667,False,0.24913034478796275,False
302698,4,0.856557,-0.03279299999999996,0.8881800000000001,False,0.1344862505718094,False
111754,4,0.861821,-0.03321000000000007,0.894199,False,0.10524667072037532,False
20302,4,0.871013,-0.031039999999999957,0.901084,False,0.1745258044815857,False
284802,4,0.851729,-0.03345200000000004,0.8845816666666666,False,0.12676637800708654,False
305939,4,0.868446,-0.030683999999999934,0.898879,False,0.1813163006642955,False
163429,4,0.863291,-0.029575000000000018,0.8927476666666667,False,0.2072506525669479,False
278058,4,0.860072,-0.033984000000000014,0.8929900000000001,False,0.09256954599131226,False
221571,4,0.858561,-0.033362,0.8911613333333334,False,0.10065782611929941,False
78147,4,0.872286,-0.03153399999999995,0.9027903333333334,False,0.179271095079894,False
173617,4,0.867881,-0.031191999999999998,0.8982156666666666,False,0.1706274508119517,False
138685,4,0.851203,-0.03593299999999999,0.8856496666666667,False,0.08563061108067387,False
290414,4,0.845927,-0.03808100000000003,0.8825723333333334,False,0.13144020658771574,False
358375,4,0.846902,-0.03520000000000001,0.8812583333333334,False,0.07839551790405462,False
35631,4,0.863897,-0.039263999999999966,0.8994949999999999,True,0.23382617714528173,False
337039,4,0.87616,-0.030521999999999938,0.90522,False,0.21435408113693538,False
267075,4,0.864886,-0.031914999999999916,0.8965043333333332,False,0.14723863772718854,False
29821,4,0.863897,-0.03104399999999996,0.8945363333333334,False,0.17972074432438018,False
294318,4,0.849431,-0.03280799999999995,0.8815463333333334,False,0.1471195894247263,False
39523,4,0.873403,-0.030936999999999992,0.9035246666666668,False,0.19267427196561165,False
77643,4,0.873695,-0.028959999999999986,0.902413,False,0.28248089175257624,False
237717,4,0.862516,-0.03097800000000006,0.8964686666666667,False,0.18235976697426706,False
5069,4,0.862171,-0.034123000000000014,0.8946563333333334,False,0.10565386169925363,False
11028,4,0.869776,-0.03181500000000004,0.9006089999999999,False,0.15635103333002737,False
303657,4,0.847642,-0.047552999999999956,0.8900616666666666,True,0.46071018407333536,False
311699,4,0.863231,-0.03396200000000005,0.8960846666666668,False,0.1171254925779651,False
242357,4,0.845959,-0.03760299999999994,0.8828033333333334,False,0.1333993245450401,False
120646,4,0.864065,-0.032320000000000015,0.8945446666666667,False,0.1319569719094776,False
312417,4,0.852381,-0.03287799999999996,0.887981,False,0.12776264258173808,False
224622,4,0.849082,-0.037219,0.8847493333333333,False,0.12694240418485983,False
357412,4,0.873534,-0.030756000000000006,0.9032933333333334,False,0.1981031552390924,False
198943,4,0.861526,-0.034289000000000014,0.8945956666666667,False,0.10471784631869759,False
252370,4,0.866188,-0.03125800000000001,0.897103,False,0.16415336049399662,False
332523,4,0.858588,-0.033313999999999955,0.8906709999999999,False,0.10689568631342777,False
145060,4,0.860737,-0.03303800000000001,0.8931773333333334,False,0.10084384540954104,False
37435,4,0.853321,-0.03406399999999998,0.888548,False,0.11422080057972657,False
282713,4,0.872493,-0.030558000000000085,0.902164,False,0.195712478247199,False
289239,4,0.867375,-0.029615999999999976,0.8963933333333333,False,0.2267005510880785,False
360446,4,0.866401,-0.03225900000000004,0.8977716666666667,False,0.151932615681899,False
189600,4,0.852305,-0.036057000000000006,0.887366,False,0.10041283761474096,False
299,4,0.864377,-0.033367000000000036,0.896372,False,0.12123773126579328,False
225332,4,0.862336,-0.03309799999999996,0.8950473333333333,False,0.11355966800776413,False
31778,4,0.864628,-0.03195200000000009,0.8958696666666667,False,0.1338918050982856,False
60517,4,0.857335,-0.03576500000000005,0.8912923333333334,False,0.09650988972344855,False
58654,4,0.87652,-0.031644000000000005,0.9066583333333332,False,0.2081370726301182,False
153709,4,0.870572,-0.03247500000000003,0.9013843333333332,False,0.15657186951228275,False
339757,4,0.861412,-0.030947000000000058,0.8914573333333333,False,0.16945347528704688,False
336321,4,0.856821,-0.034452999999999956,0.8904896666666667,False,0.09288320622211284,False
308512,4,0.868808,-0.03227000000000002,0.9001550000000001,False,0.15191528604915724,False
210260,4,0.863376,-0.03317300000000001,0.8951973333333334,False,0.1163699066717509,False
50819,4,0.868832,-0.031776999999999944,0.899577,False,0.15104715450432674,False
37149,4,0.868103,-0.03151100000000007,0.8987033333333333,False,0.1581356044490318,False
161225,4,0.870284,-0.03108500000000003,0.9003169999999999,False,0.1774772011332147,False
362293,4,0.870691,-0.030694,0.900426,False,0.18256257523877145,False
178389,4,0.819001,-0.038959999999999995,0.8597873333333332,False,0.07015734030955688,False
221208,4,0.840051,-0.03825199999999995,0.8773796666666667,False,0.14070600899460506,False
41291,4,0.850782,-0.03352999999999995,0.8836536666666667,False,0.12529322654342215,False
365214,4,0.866053,-0.03263100000000008,0.8976563333333333,False,0.1354583187354597,False
333281,4,0.866833,-0.030338000000000087,0.8962773333333334,False,0.20732318135478445,False
7737,4,0.840371,-0.04188000000000003,0.8790733333333334,True,0.2714997178099243,False
329588,4,0.849753,-0.03620500000000004,0.8848739999999999,False,0.09420744576679001,False
317105,4,0.84791,-0.03578099999999995,0.8830076666666667,False,0.07665362018970648,False
361689,4,0.85071,-0.033320000000000016,0.8838143333333334,False,0.12676637800708654,False
281131,4,0.84594,-0.035281999999999925,0.882583,False,0.04797229287324349,False
343638,4,0.860964,-0.03214300000000003,0.8928949999999999,False,0.13046084619783188,False
189790,4,0.866381,-0.03215900000000005,0.897606,False,0.14829152502044968,False
340726,4,0.839351,-0.03802800000000006,0.8765746666666666,False,0.13343519945843568,False
72525,4,0.867113,-0.03248799999999996,0.8984260000000001,False,0.1523561496097488,False
65444,4,0.874785,-0.03182200000000002,0.9050893333333333,False,0.1891964722528526,False
319360,4,0.858797,-0.03224899999999997,0.8928030000000001,False,0.12821141613398354,False
358935,4,0.856186,-0.034030000000000005,0.8893533333333333,False,0.10155483781232928,False
100448,4,0.863307,-0.03887799999999997,0.898637,True,0.21381129076340896,False
222075,4,0.863642,-0.03159400000000001,0.894759,False,0.15695197511594908,False
69369,4,0.863272,-0.032663999999999915,0.895075,False,0.12984400696923912,False
151722,4,0.832223,-0.03770299999999993,0.8686866666666667,False,0.09628074356935305,False
38033,4,0.859605,-0.0328480000000001,0.8920446666666667,False,0.10846298769661017,False
128351,4,0.860398,-0.03313200000000005,0.8929810000000001,False,0.09763040146260016,False
342871,4,0.857915,-0.030870999999999982,0.8923066666666667,False,0.1796184638207449,False
13912,4,0.846887,-0.03675000000000006,0.8829083333333333,False,0.10004458225929738,False
351129,4,0.861865,-0.03186500000000003,0.8956123333333333,False,0.14310372160471105,False
297365,4,0.855975,-0.04099799999999998,0.8931683333333332,True,0.28717564089478637,False
240570,4,0.855714,-0.03532999999999997,0.8901013333333333,False,0.09286996606579251,False
86317,4,0.864004,-0.03209099999999998,0.8955193333333332,False,0.14075552889403598,False
99561,4,0.867722,-0.03142100000000003,0.8983443333333333,False,0.1649988038975737,False
261740,4,0.843631,-0.04684100000000002,0.885126,True,0.39321021823354296,False
29971,4,0.872405,-0.030549999999999966,0.9019886666666667,False,0.1906601053859285,False
4101,4,0.865914,-0.03306000000000009,0.8978886666666667,False,0.12577284204928735,False
176472,4,0.855797,-0.03142400000000001,0.8866700000000001,False,0.18953371394359397,False
85669,4,0.857453,-0.034094999999999986,0.890631,False,0.10766470935635943,False
128393,4,0.873022,-0.031379000000000046,0.9036206666666667,False,0.1777814191932065,False
24702,4,0.845781,-0.03523299999999996,0.8796136666666667,False,0.04545374475824918,False
350152,4,0.874644,-0.030459000000000014,0.9042933333333334,False,0.22920673642605874,False
235514,4,0.872035,-0.031138,0.9021196666666667,False,0.17155170877080406,False
213078,4,0.865867,-0.03323899999999991,0.8975453333333334,False,0.12449969669834426,False
285706,4,0.864242,-0.033645000000000036,0.897083,False,0.10903218229620192,False
360795,4,0.865278,-0.030820999999999987,0.8978686666666666,False,0.18049438949594873,False
105461,4,0.858881,-0.031954999999999956,0.889656,False,0.13352542321021793,False
266248,4,0.855273,-0.03408200000000006,0.8889893333333333,False,0.10696067675825566,False
195779,4,0.861726,-0.03390199999999999,0.8944846666666667,False,0.10138735640690728,False
84715,4,0.855795,-0.033016000000000045,0.8877933333333333,False,0.12664818904311184,False
131659,4,0.853245,-0.03317999999999999,0.8855003333333333,False,0.12155880264385457,False
367955,4,0.853339,-0.044222000000000095,0.8927736666666667,True,0.3581283173341868,False
170017,4,0.852559,-0.03543400000000008,0.8871293333333333,False,0.09631357252543075,False
225994,4,0.849762,-0.04177299999999995,0.8884029999999999,True,0.3072185999700783,False
266161,4,0.857197,-0.035891000000000006,0.8915806666666667,False,0.09650988972344855,False
83876,4,0.848024,-0.03483899999999995,0.8819603333333333,False,0.08712957854486114,False
29327,4,0.855589,-0.03783799999999993,0.8913713333333333,True,0.1800465532334887,False
247815,4,0.871539,-0.031206000000000067,0.9020443333333333,False,0.1668690003588785,False
149552,4,0.852965,-0.042715999999999976,0.8912943333333333,True,0.3358817564117838,False
68617,4,0.864952,-0.03103699999999998,0.8953376666666667,False,0.18660448434060872,False
65934,4,0.864179,-0.032219,0.8971589999999999,False,0.12766674040530063,False
289682,4,0.86818,-0.033435000000000104,0.8998383333333333,False,0.14090850313672573,False
353036,4,0.850611,-0.03335100000000002,0.8833756666666667,False,0.12351588242889257,False
36396,4,0.874713,-0.03140900000000002,0.9052009999999999,False,0.19511090971415568,False
138966,4,0.863769,-0.03199799999999997,0.8954406666666667,False,0.1358048363221963,False
63441,4,0.848076,-0.03356899999999996,0.8809650000000001,False,0.11859173575895837,False
129973,4,0.82989,-0.04690700000000003,0.8718286666666667,True,0.34694748863467934,False
185429,4,0.870014,-0.029220000000000024,0.8990463333333333,False,0.23840241252877106,False
308443,4,0.870064,-0.030670000000000086,0.899719,False,0.17964022213490488,False
227942,4,0.870766,-0.030847999999999987,0.9005743333333335,False,0.17954181786200676,False
117806,4,0.856641,-0.03529300000000002,0.8905033333333333,False,0.09356940222197828,False
319275,4,0.858968,-0.03360099999999999,0.8917573333333332,False,0.10035588710290326,False
146037,4,0.846281,-0.04137000000000002,0.8836636666666666,True,0.274143238050595,False
324282,4,0.858632,-0.03479600000000005,0.8921946666666667,False,0.08190652138986079,False
112065,4,0.864031,-0.02893100000000004,0.8926036666666667,False,0.2581854566490334,False
51332,4,0.865447,-0.03241900000000009,0.8965719999999999,False,0.15259402643511902,False
262451,4,0.857136,-0.03493000000000002,0.890663,False,0.09882270925581697,False
338784,4,0.866988,-0.03178599999999998,0.898081,False,0.14506739697180482,False
185753,4,0.851014,-0.035645999999999955,0.8860276666666667,False,0.09669852926325492,False
351224,4,0.864329,-0.03278899999999996,0.8961526666666666,False,0.12643974336661606,False
36066,4,0.831265,-0.04717699999999991,0.8731796666666667,True,0.37576280759148944,False
318029,4,0.859466,-0.03296600000000005,0.8916773333333333,False,0.0999892593136415,False
126286,4,0.873147,-0.03174699999999997,0.9032233333333334,False,0.17084993630991033,False
112886,4,0.852812,-0.03670899999999999,0.8878663333333333,False,0.11814945792052824,False
296341,4,0.844898,-0.03363399999999994,0.8825686666666667,False,0.09458411845393634,False
68587,4,0.864225,-0.030032999999999976,0.8939746666666667,False,0.20049270348933432,False
81030,4,0.861274,-0.03899600000000003,0.8966493333333334,True,0.22654568433540875,False
147721,4,0.874021,-0.029934999999999934,0.903393,False,0.21934617009930865,False
42982,4,0.862937,-0.033526000000000056,0.8955036666666666,False,0.11868841098655657,False
37220,4,0.872713,-0.03203700000000009,0.9031026666666667,False,0.15831823299940598,False
222077,4,0.850389,-0.036053,0.8851613333333334,False,0.08388565433031925,False
368857,4,0.851606,-0.034524,0.8848286666666666,False,0.08992988831965117,False
290049,4,0.860867,-0.03148999999999991,0.8935576666666667,False,0.1489350700927283,False
120031,4,0.862355,-0.034402000000000044,0.8956986666666666,False,0.11200062109042665,False
182981,4,0.857795,-0.031691000000000025,0.8891490000000001,False,0.15577002366069592,False
190306,4,0.858881,-0.032816999999999985,0.8905786666666667,False,0.11472347264065179,False
3407,4,0.85926,-0.03336899999999998,0.891925,False,0.10035588710290326,False
282746,4,0.855797,-0.03308,0.890756,False,0.1196040734796257,False
145852,4,0.863836,-0.03242299999999998,0.8957153333333334,False,0.1396495055846254,False
73495,4,0.860162,-0.031756000000000006,0.8943859999999999,False,0.14313175390532162,False
373790,4,0.866935,-0.031425000000000036,0.8975580000000001,False,0.1624674676076973,False
130825,4,0.876109,-0.03081299999999998,0.9057696666666667,False,0.21602043781432503,False
291382,4,0.861385,-0.034169000000000005,0.8941986666666666,False,0.08837254843241608,False
15622,4,0.828171,-0.05173899999999998,0.874367,True,0.46916093738528203,False
36287,4,0.869737,-0.03065300000000004,0.899574,False,0.18146343324330058,False
16663,4,0.856906,-0.033951000000000064,0.88998,False,0.10508520949660567,False
96200,4,0.864985,-0.031901999999999986,0.8961676666666666,False,0.14872664217983655,False
26522,4,0.854829,-0.0375700000000001,0.8893196666666666,True,0.16789037130085707,False
48390,4,0.871708,-0.03139700000000001,0.9023013333333334,False,0.1709173418800325,False
58650,4,0.862639,-0.031636999999999915,0.8936713333333334,False,0.14610470519188778,False
49453,4,0.859171,-0.03272699999999995,0.8912023333333333,False,0.11739229042923763,False
85277,4,0.843051,-0.035096000000000016,0.8811906666666666,False,0.05808753591422443,False
221777,4,0.865716,-0.03265499999999999,0.897282,False,0.1354583187354597,False
60058,4,0.831525,-0.03524000000000005,0.8686996666666666,False,0.03879488590432831,False
194081,4,0.86406,-0.03268199999999999,0.8956853333333333,False,0.12523780404727403,False
53736,4,0.849632,-0.0371459999999999,0.8854293333333333,False,0.1298919372961797,False
231649,4,0.871928,-0.030374000000000012,0.901839,False,0.19303243768652448,False
367671,4,0.857276,-0.030635999999999997,0.8871926666666666,False,0.19709093199009786,False
39449,4,0.858817,-0.034983999999999904,0.8925073333333332,False,0.09292202931454016,False
187595,4,0.855347,-0.03267500000000001,0.8899796666666666,False,0.13872621464836993,False
137340,4,0.853343,-0.03639200000000009,0.8882883333333332,False,0.1089657060627358,False
57487,4,0.842386,-0.038510000000000044,0.879879,False,0.1313258811317578,False
239717,4,0.863672,-0.02974500000000002,0.8928046666666667,False,0.20416039783175743,False
73206,4,0.866426,-0.032247000000000026,0.897871,False,0.151932615681899,False
356664,4,0.870074,-0.028673999999999977,0.8986679999999999,False,0.26970735259080614,False
198461,4,0.846795,-0.03559200000000007,0.881282,False,0.08586040637806834,False
54309,4,0.845879,-0.04596899999999993,0.8871266666666666,True,0.37987695868538524,False
241331,4,0.871381,-0.03200500000000006,0.9019856666666666,False,0.14721758615311223,False
69445,4,0.864635,-0.03188399999999991,0.89576,False,0.13537077621105464,False
266171,4,0.864142,-0.038702000000000014,0.8991546666666667,True,0.1938507576881676,False
26289,4,0.857759,-0.0338139999999999,0.8912166666666667,False,0.10478117847144143,False
80132,4,0.844454,-0.035262000000000016,0.8785103333333334,False,0.04687285964299186,False
3770,4,0.856438,-0.035461999999999994,0.8908556666666666,False,0.10169624564759026,False
107090,4,0.856422,-0.03346499999999997,0.8887713333333332,False,0.11827955098687964,False
97425,4,0.843194,-0.03367399999999998,0.8808596666666667,False,0.09504928125366184,False
116619,4,0.87643,-0.030650999999999984,0.9062066666666667,False,0.21796331988047546,False
56117,4,0.864371,-0.032471999999999945,0.896411,False,0.14366541456426463,False
240273,4,0.859374,-0.032233999999999985,0.890932,False,0.1334843433742085,False
342598,4,0.85319,-0.035129999999999995,0.8875846666666667,False,0.09746077848395455,False
237881,4,0.852004,-0.033235000000000015,0.8845186666666667,False,0.12803296333812647,False
177892,4,0.859506,-0.03401900000000002,0.8929903333333332,False,0.08761201634490211,False
44907,4,0.845845,-0.03464400000000001,0.8798493333333334,False,0.057122978279065276,False
346692,4,0.865027,-0.03300599999999998,0.89684,False,0.12849923182423054,False
282789,4,0.846179,-0.035328000000000026,0.8807226666666667,False,0.057065180098509596,False
47662,4,0.860861,-0.03375300000000003,0.894021,False,0.09380670558717441,False
325405,4,0.860084,-0.033804000000000056,0.892996,False,0.09204244570195425,False
82920,4,0.857878,-0.033374000000000015,0.8908543333333334,False,0.11898727584360176,False
81516,4,0.857176,-0.034346999999999905,0.8907980000000001,False,0.10662285270847924,False
20916,4,0.860847,-0.03301100000000001,0.8930826666666668,False,0.10084384540954104,False
49123,4,0.83076,-0.038879,0.8683786666666666,False,0.09656048309290506,False
89725,4,0.85816,-0.03156199999999998,0.8889743333333334,False,0.15852183730157474,False
201728,4,0.842878,-0.051715999999999984,0.8877126666666667,True,0.503264556762724,False
172103,4,0.871782,-0.03022400000000003,0.9017283333333334,False,0.18999752235968972,False
141530,4,0.870099,-0.03494800000000009,0.9027120000000001,True,0.15702555440522947,False
122049,4,0.855098,-0.041285000000000016,0.89336,True,0.2962220296762205,False
229690,4,0.866128,-0.031050000000000022,0.8968113333333333,False,0.18499917728770068,False
247974,4,0.85701,-0.034783999999999926,0.8907733333333333,False,0.09433279004411568,False
30369,4,0.856691,-0.035692999999999975,0.8906550000000001,False,0.10315342631470169,False
191277,4,0.85852,-0.03144900000000006,0.8922063333333333,False,0.1588184790301485,False
306012,4,0.858329,-0.03211699999999995,0.8895843333333332,False,0.14398360948071132,False
209400,4,0.834136,-0.04535,0.875498,True,0.31617766581245,False
31959,4,0.840824,-0.04284399999999999,0.8825973333333333,True,0.2969028305110906,False
85197,4,0.866577,-0.03276099999999993,0.8982063333333333,False,0.13109733629595335,False
117026,4,0.819212,-0.05208799999999991,0.8659753333333334,True,0.45734489250168947,False
357599,4,0.871531,-0.030941000000000107,0.9013593333333333,False,0.1745258044815857,False
193575,4,0.853105,-0.035938000000000025,0.8882326666666667,False,0.09311027709457115,False
177254,4,0.858047,-0.03195400000000004,0.888651,False,0.143475974372932,False
279291,4,0.852647,-0.03663899999999998,0.8876956666666667,False,0.12477007740984002,False
347011,4,0.868315,-0.03210000000000002,0.899075,False,0.14742194599406389,False
55789,4,0.873709,-0.030068000000000095,0.9032073333333334,False,0.21463358976356456,False
277408,4,0.865358,-0.03356200000000009,0.8976933333333333,False,0.12630687914607064,False
140373,4,0.860968,-0.03292500000000009,0.8932103333333333,False,0.09617858978302656,False
240870,4,0.85393,-0.035129999999999995,0.8881116666666666,False,0.10037039086255396,False
188208,4,0.852225,-0.036235999999999935,0.8869453333333333,False,0.10859530456008115,False
120087,4,0.861476,-0.03403199999999995,0.8943703333333334,False,0.09013099163984949,False
312690,4,0.856743,-0.038812999999999986,0.8926283333333332,True,0.19374886152628515,False
207505,4,0.864614,-0.03341700000000003,0.8970253333333332,False,0.11390060241455943,False
80131,4,0.867948,-0.03143599999999991,0.8982486666666666,False,0.16006152478689906,False
114137,4,0.860317,-0.033950000000000036,0.8933916666666667,False,0.09256954599131226,False
139893,4,0.870987,-0.03117700000000001,0.9013613333333333,False,0.1653687251865323,False
204693,4,0.855304,-0.035063000000000066,0.8889386666666667,False,0.08963212817987648,False
332547,4,0.863901,-0.03173300000000001,0.8955383333333334,False,0.14545502601539753,False
82540,4,0.862942,-0.032618000000000036,0.8951626666666667,False,0.126668601571795,False
38409,4,0.851615,-0.04578799999999994,0.8918223333333333,True,0.4139613215806061,False
124782,4,0.866669,-0.03208999999999995,0.8977253333333334,False,0.1481151295535257,False
51599,4,0.869655,-0.03092600000000001,0.8998863333333333,False,0.17954181786200676,False
302100,4,0.863386,-0.031254000000000004,0.8959813333333333,False,0.1721499974214609,False
184101,4,0.863475,-0.03272300000000006,0.8955713333333334,False,0.128142683910255,False
303520,4,0.862554,-0.03326599999999991,0.8952453333333333,False,0.11418473937074108,False
33568,4,0.868139,-0.031962000000000046,0.8991303333333334,False,0.14394096514028734,False
334993,4,0.857027,-0.03508,0.8910856666666667,False,0.09983638724249584,False
216161,4,0.859536,-0.03215100000000004,0.8908999999999999,False,0.13496303871066867,False
48896,4,0.873056,-0.031359999999999943,0.902948,False,0.17520900756495597,False
292002,4,0.867089,-0.03200599999999998,0.8978426666666666,False,0.14438216206003784,False
306491,4,0.868326,-0.03135399999999999,0.8987726666666668,False,0.16200179726241903,False
6019,4,0.860662,-0.03202699999999992,0.8917446666666667,False,0.12449290143722873,False
73158,4,0.853332,-0.037733000000000017,0.8884546666666666,True,0.1752799831235263,False
264951,4,0.858854,-0.03414399999999995,0.8921273333333333,False,0.0905082926271485,False
347806,4,0.856663,-0.03228200000000003,0.890511,False,0.14724215874502078,False
199295,4,0.85273,-0.034553999999999974,0.886215,False,0.09299277508925467,False
249974,4,0.868226,-0.03268599999999999,0.8999556666666667,False,0.1567361845285896,False
1130,4,0.859118,-0.03321799999999997,0.8917496666666667,False,0.09890059857236949,False
138091,4,0.862903,-0.03329800000000005,0.8953973333333334,False,0.11868841098655657,False
324734,4,0.862774,-0.03143699999999994,0.8932190000000001,False,0.15077084603291285,False
14470,4,0.864136,-0.031259999999999954,0.8952803333333333,False,0.1572001248422096,False
254615,4,0.872555,-0.03111799999999998,0.9024,False,0.18498217552414598,False
371112,4,0.8678,-0.03231200000000001,0.8989363333333333,False,0.15161056598020775,False
52418,4,0.867706,-0.033845000000000014,0.8995826666666668,False,0.11945868618177859,False
156960,4,0.866662,-0.03213299999999997,0.8977253333333334,False,0.1481151295535257,False
139042,4,0.863458,-0.03217100000000006,0.8952566666666666,False,0.14093295767189576,False
346047,4,0.868197,-0.030357999999999996,0.8981636666666667,False,0.18705499950809223,False
111477,4,0.869692,-0.03055399999999997,0.900081,False,0.1831360758330621,False
369972,4,0.869521,-0.03215000000000001,0.9007253333333334,False,0.1504471844333877,False
21930,4,0.864362,-0.031816999999999984,0.8955213333333333,False,0.14353355390002173,False
352159,4,0.859037,-0.03400799999999993,0.8917063333333334,False,0.08803659621181541,False
111043,4,0.860856,-0.03308600000000006,0.8934933333333334,False,0.09424972322142862,False
145684,4,0.856408,-0.0337090000000001,0.8885520000000001,False,0.11340128487009309,False
282579,4,0.870147,-0.031227000000000005,0.900707,False,0.17036410261555807,False
70407,4,0.864494,-0.03234199999999998,0.8957753333333334,False,0.13277447327647415,False
316526,4,0.863679,-0.033088000000000006,0.8952916666666666,False,0.11542522550024997,False
83707,4,0.854081,-0.03332400000000002,0.8865033333333333,False,0.13747961161327815,False
138403,4,0.859552,-0.033560000000000034,0.8923456666666666,False,0.09992886230843769,False
53893,4,0.848338,-0.03379999999999994,0.8815189999999999,False,0.10753362380181235,False
193738,4,0.86516,-0.03257999999999994,0.8970633333333332,False,0.1336577365891695,False
178349,4,0.844946,-0.03693400000000002,0.8806443333333333,False,0.08355658079459136,False
56673,4,0.870315,-0.03239000000000003,0.901103,False,0.15657186951228275,False
281137,4,0.874538,-0.03123599999999993,0.9050666666666668,False,0.19929279566027985,False
295170,4,0.866344,-0.03007700000000002,0.8959166666666666,False,0.21608781710198285,False
106743,4,0.840586,-0.04275899999999999,0.8789193333333335,True,0.28964176164832695,False
336048,4,0.839053,-0.04062399999999999,0.8775666666666666,False,0.21314715962348948,False
290048,4,0.871878,-0.03132999999999997,0.9020143333333334,False,0.1659207205010402,False
232328,4,0.8602,-0.03216600000000003,0.8914583333333334,False,0.12864405509260238,False
136716,4,0.863279,-0.03375300000000003,0.8960293333333333,False,0.11906362180262599,False
142788,4,0.873142,-0.03233000000000008,0.90388,False,0.16481123032778885,False
183321,4,0.860557,-0.03373899999999996,0.893398,False,0.0950918574325448,False
35924,4,0.863558,-0.03268099999999996,0.8958179999999999,False,0.12961776393012306,False
139258,4,0.859665,-0.03175799999999995,0.8903626666666667,False,0.1453671304056826,False
110140,4,0.863422,-0.03298699999999999,0.8954719999999999,False,0.11858837655981908,False
345899,4,0.866938,-0.03678300000000001,0.9005873333333333,True,0.18187791244720847,False
42001,4,0.866937,-0.03278300000000001,0.8988973333333332,False,0.1329599813539347,False
258744,4,0.861737,-0.03336400000000006,0.8943126666666666,False,0.10816682588674734,False
330879,4,0.871262,-0.03300800000000004,0.9018296666666666,False,0.14361240144633236,False
367696,4,0.830595,-0.03916900000000001,0.8678123333333333,False,0.11969702139637745,False
149415,4,0.873392,-0.02961400000000003,0.9025286666666666,False,0.22325334887343154,False
198691,4,0.850671,-0.03414000000000006,0.884383,False,0.10907326148217517,False
36466,4,0.86653,-0.032868999999999926,0.8978290000000001,False,0.12591585426825308,False
81158,4,0.875089,-0.03030199999999994,0.9048136666666666,False,0.213457176047305,False
104248,4,0.856203,-0.035308999999999924,0.8903466666666667,False,0.09502108251751494,False
99829,4,0.854357,-0.03569499999999992,0.8885163333333334,False,0.10031259658847087,False
110615,4,0.862608,-0.03762599999999994,0.897663,True,0.20306524018803626,False
157284,4,0.846595,-0.033186999999999967,0.8829393333333333,False,0.11873802234618809,False
138656,4,0.860286,-0.03422599999999998,0.8933573333333333,False,0.09485022083426992,False
94036,4,0.830879,-0.05383699999999991,0.8776326666666666,True,0.46554584619075606,False
274088,4,0.857144,-0.03386199999999995,0.889585,False,0.10054252087987307,False
215856,4,0.856895,-0.03468199999999999,0.89181,False,0.09433279004411568,False
263638,4,0.861461,-0.033757999999999955,0.894332,False,0.09525854649324778,False
130970,4,0.856275,-0.041464999999999974,0.8937453333333334,True,0.3038658195602572,False
308944,4,0.824086,-0.04146300000000003,0.8639076666666666,False,0.18205280988135802,False
344652,4,0.860739,-0.032690999999999915,0.892661,False,0.11355079417395539,False
327837,4,0.860183,-0.03417300000000001,0.8933243333333333,False,0.0890498499107598,False
285929,4,0.854261,-0.035625999999999935,0.8890253333333332,False,0.10437775558715504,False
128075,4,0.856443,-0.03215699999999999,0.8901546666666666,False,0.14859973984008565,False
62855,4,0.855299,-0.03524499999999997,0.889517,False,0.08295677860797189,False
209186,4,0.86985,-0.031769999999999965,0.9003916666666667,False,0.15635103333002737,False
349665,4,0.874656,-0.031040999999999985,0.9046473333333332,False,0.20859001561124593,False
110430,4,0.857849,-0.03258100000000008,0.8926966666666667,False,0.12941584535591094,False
66818,4,0.862277,-0.03528700000000007,0.8955556666666666,False,0.10597278217834578,False
286046,4,0.86218,-0.03451100000000007,0.895377,False,0.10627774710942801,False
156471,4,0.859045,-0.03955200000000003,0.895126,True,0.23482908548589507,False
173239,4,0.863134,-0.03322400000000003,0.8955313333333333,False,0.117220723116327,False
196038,4,0.857432,-0.03412500000000007,0.8910300000000001,False,0.10766470935635943,False
305402,4,0.875533,-0.029734000000000038,0.9043950000000001,False,0.24022873786353022,False
200562,4,0.868355,-0.031055000000000055,0.8986583333333332,False,0.17678922383167153,False
200078,4,0.872219,-0.03126200000000001,0.9027266666666667,False,0.17520900756495597,False
16829,4,0.861717,-0.031617000000000006,0.892945,False,0.14342409703720363,False
179768,4,0.863052,-0.03287999999999991,0.8948329999999999,False,0.11704142250342707,False
290771,4,0.865717,-0.02979900000000002,0.8948686666666666,False,0.21950221074423004,False
121981,4,0.847649,-0.03373400000000004,0.8799736666666668,False,0.11014810091006196,False
254798,4,0.847081,-0.03445200000000004,0.8808303333333334,False,0.08751263337560256,False
165388,4,0.827069,-0.05299599999999993,0.8731103333333333,True,0.4725738647047271,False
311969,4,0.871723,-0.030629000000000017,0.9017263333333334,False,0.1825584352854429,False
41833,4,0.851646,-0.032418999999999976,0.8838443333333333,False,0.16259845555047628,False
221187,4,0.86966,-0.03197099999999997,0.8999479999999999,False,0.1466529782452815,False
119484,4,0.857206,-0.033026,0.889868,False,0.12262233452374631,False
115574,4,0.869694,-0.032228000000000034,0.9010133333333333,False,0.15342854509924855,False
309588,4,0.852954,-0.034936999999999996,0.886629,False,0.09644821995318936,False
208910,4,0.844539,-0.03396499999999991,0.8777036666666667,False,0.0853516360619511,False
16469,4,0.859294,-0.04058200000000001,0.8959646666666666,True,0.27906165968115865,False
4883,4,0.844982,-0.03542599999999996,0.87926,False,0.04974761133987461,False
87194,4,0.851361,-0.03335599999999994,0.8836433333333332,False,0.12529322654342215,False
186264,4,0.841679,-0.03605500000000006,0.8800136666666667,False,0.04184399574931399,False
109842,4,0.846839,-0.03633200000000003,0.881944,False,0.08881974739141443,False
20836,4,0.877007,-0.028874999999999984,0.9052266666666666,False,0.2937830943439888,False
60472,4,0.85877,-0.030918,0.8888143333333334,False,0.1771643863934461,False
256170,4,0.856421,-0.034236000000000044,0.889658,False,0.10737919865689147,False
249184,4,0.855564,-0.03433700000000006,0.8895003333333333,False,0.10591915985703873,False
320695,4,0.856314,-0.03397300000000003,0.8897653333333334,False,0.10508520949660567,False
352157,4,0.852731,-0.033254000000000006,0.8853766666666667,False,0.12388285691711595,False
100814,4,0.828791,-0.04000999999999999,0.8676976666666668,False,0.15325721296442094,False
115141,4,0.856201,-0.03516399999999997,0.8897806666666667,False,0.0997590848756676,False
164981,4,0.865282,-0.032294000000000045,0.8967633333333334,False,0.1488691384706399,False
30662,4,0.854605,-0.03534400000000004,0.8884646666666667,False,0.09074120984530669,False
283423,4,0.850182,-0.034567000000000014,0.8837086666666667,False,0.08792258542879457,False
335243,4,0.860598,-0.03348200000000001,0.8931870000000001,False,0.09654456814898726,False
276653,4,0.850176,-0.03605899999999995,0.8857710000000001,False,0.09052470490206219,False
174879,4,0.87365,-0.03133699999999995,0.904384,False,0.19892717852082262,False
34701,4,0.819892,-0.04245600000000005,0.861669,False,0.17949607221464123,False
139973,4,0.869895,-0.03189500000000001,0.9003453333333334,False,0.14814058631465996,False
1858,4,0.859848,-0.029736000000000096,0.8912939999999999,False,0.20519145511707299,False
354785,4,0.842018,-0.03844599999999998,0.8794976666666666,False,0.128374408959125,False
144194,4,0.817275,-0.04390800000000006,0.8599039999999999,False,0.22647811957860994,False
161616,5,0.827231,-0.03640699999999997,0.8624336666666667,False,0.02242533990576131,False
221846,5,0.843481,-0.03178799999999993,0.8745676666666666,False,0.16647835393663984,False
84698,5,0.83463,-0.03280899999999998,0.866734,False,0.1362290427495029,False
114629,5,0.806355,-0.03812699999999991,0.8435176666666667,False,0.0714172702580352,False
83465,5,0.826538,-0.034984000000000015,0.8611766666666667,False,0.035016245896719825,False
369398,5,0.820239,-0.03692699999999993,0.8568009999999999,False,0.043190700778166655,False
13112,5,0.814652,-0.037553999999999976,0.8516396666666667,False,0.04968760824258726,False
235202,5,0.834775,-0.03296399999999999,0.8663980000000001,False,0.12875010645631976,False
104286,5,0.825454,-0.034633000000000025,0.8595206666666666,False,0.05461258772723686,False
224231,5,0.841163,-0.03232299999999999,0.8729406666666666,False,0.16156734830697786,False
12995,5,0.823847,-0.033347000000000016,0.8568913333333333,False,0.12278004970612168,False
74905,5,0.807009,-0.040132000000000057,0.8457573333333332,False,0.09615678037072432,False
294254,5,0.786828,-0.04290000000000005,0.828078,False,0.14474582084782625,False
265229,5,0.827881,-0.03385300000000002,0.8606556666666667,False,0.08431483924082783,False
366026,5,0.786726,-0.043889999999999985,0.829754,False,0.1637548058675888,False
269565,5,0.819598,-0.034147999999999956,0.8558916666666666,False,0.1350784084466171,False
242550,5,0.837635,-0.033421000000000034,0.8704170000000001,False,0.12883461113069977,False
82704,5,0.820107,-0.03512399999999993,0.8545146666666668,False,0.09017817879040577,False
213416,5,0.824552,-0.037430000000000074,0.8607623333333333,False,0.02441772822485369,False
45580,5,0.798299,-0.03859999999999997,0.8361793333333333,False,0.06278245064678487,False
280043,5,0.792991,-0.041297999999999946,0.8333043333333333,False,0.10895070395933656,False
50707,5,0.767697,-0.046853000000000034,0.8167173333333334,False,0.212690086587302,False
28401,5,0.829728,-0.034555,0.8630596666666667,False,0.05383445133792637,False
33306,5,0.810098,-0.04076999999999997,0.849215,False,0.11575309253509643,False
23114,5,0.808049,-0.048679999999999946,0.8520476666666666,True,0.35736905531036256,False
114987,5,0.823009,-0.03801399999999999,0.8596636666666666,False,0.03587044711396505,False
325666,5,0.840075,-0.03350399999999998,0.8725256666666666,False,0.12301365299590822,False
92826,5,0.832588,-0.03512599999999999,0.8669549999999999,False,0.05622392481915247,False
165868,5,0.822228,-0.03737800000000002,0.8585906666666666,False,0.022858176601028644,False
306277,5,0.826152,-0.036183999999999994,0.8611586666666667,False,0.02200529187221403,False
219949,5,0.795796,-0.04277300000000006,0.8369236666666667,False,0.1480235773994599,False
81499,5,0.827515,-0.03517099999999995,0.8620453333333332,False,0.049912534407757,False
278463,5,0.833339,-0.034497,0.8666756666666666,False,0.06962011021949681,False
180331,5,0.793982,-0.04270499999999999,0.8359363333333333,False,0.14012160043155164,False
294076,5,0.834862,-0.03377600000000003,0.8675826666666667,False,0.09986067790317928,False
160007,5,0.817513,-0.034963999999999995,0.851841,False,0.09858238465176179,False
288528,5,0.817606,-0.03676999999999997,0.8534480000000001,False,0.05792626935173466,False
125541,5,0.825727,-0.03575700000000004,0.860669,False,0.01780125003226802,False
271358,5,0.823392,-0.03718199999999994,0.8593266666666667,False,0.010914377862986371,False
165767,5,0.822504,-0.03534999999999999,0.8567406666666667,False,0.056023142093469105,False
52953,5,0.805941,-0.04123399999999999,0.8460063333333334,False,0.14316549508950632,False
57288,5,0.824646,-0.04852999999999996,0.8669699999999999,True,0.37851791548171454,False
116876,5,0.808322,-0.03524499999999997,0.8457383333333333,False,0.14249074061106404,False
356263,5,0.821929,-0.04618699999999998,0.8629053333333333,True,0.29716493770930186,False
129087,5,0.833967,-0.03457100000000002,0.8673776666666667,False,0.056820925368851916,False
174160,5,0.838026,-0.0344509999999999,0.8717193333333334,False,0.0774932756408551,False
155560,5,0.827836,-0.04425000000000001,0.8671850000000001,True,0.27357724848471837,False
93665,5,0.823042,-0.044776999999999956,0.8635386666666666,True,0.2579994361287758,False
58485,5,0.806806,-0.05129399999999995,0.852833,True,0.42738557735504135,False
10211,5,0.826327,-0.03413699999999997,0.8595276666666667,False,0.08977927250147974,False
18889,5,0.820664,-0.03589000000000009,0.8586266666666665,False,0.05262774522585077,False
245392,5,0.817127,-0.03461799999999993,0.851034,False,0.12213516790148211,False
354005,5,0.837363,-0.03351000000000004,0.8705539999999999,False,0.1169415352965191,False
315631,5,0.782414,-0.04647599999999996,0.826887,False,0.20678207346836674,False
131813,5,0.827414,-0.03627199999999997,0.8626966666666666,False,0.02059262898672529,False
99724,5,0.815885,-0.04855300000000007,0.8594266666666667,True,0.34728881085825175,False
215535,5,0.838692,-0.032082000000000055,0.8700183333333333,False,0.1740202303003295,False
351364,5,0.827675,-0.034891000000000005,0.861897,False,0.04665193931276643,False
26633,5,0.83011,-0.03451499999999996,0.8635636666666667,False,0.050692797671992994,False
146002,5,0.820334,-0.03538600000000003,0.8585463333333333,False,0.05674397656533281,False
124118,5,0.819563,-0.037071999999999994,0.8554466666666668,False,0.04663203469453962,False
209546,5,0.826274,-0.03725300000000009,0.8617520000000001,False,0.054191107644976824,False
293540,5,0.830154,-0.033968,0.8635693333333333,False,0.08558499816336025,False
130111,5,0.821635,-0.035719999999999974,0.856596,False,0.07052528474390195,False
1701,5,0.816639,-0.03816600000000003,0.853824,False,0.07007188399999838,False
24025,5,0.781178,-0.045970999999999984,0.8254833333333332,False,0.20208154130390504,False
211694,5,0.830967,-0.033984000000000014,0.8663569999999999,False,0.09130822746935138,False
101255,5,0.837045,-0.032636999999999916,0.8696809999999999,False,0.14680041964212112,False
299391,5,0.829593,-0.03551799999999994,0.8636793333333334,False,0.030128535517588585,False
139883,5,0.835262,-0.033222000000000085,0.8677993333333333,False,0.12114812493087768,False
238555,5,0.838326,-0.035189000000000026,0.8723890000000001,False,0.07944457927014666,False
221333,5,0.814946,-0.036601000000000106,0.8509923333333335,False,0.07211452498202836,False
30741,5,0.801717,-0.038073000000000023,0.8387129999999999,False,0.0693394270026559,False
123314,5,0.819962,-0.03636499999999998,0.8557116666666666,False,0.03807680328536697,False
119325,5,0.816846,-0.03687499999999999,0.8527246666666667,False,0.04445457242457362,False
86574,5,0.821666,-0.03293299999999999,0.8541936666666666,False,0.15854931477698256,False
341911,5,0.814955,-0.03727900000000006,0.8526593333333334,False,0.05950708988767233,False
30866,5,0.825711,-0.04314899999999999,0.8649423333333334,True,0.23054792216404735,False
340723,5,0.828954,-0.03422599999999998,0.8619883333333332,False,0.06596757694621655,False
332911,5,0.822356,-0.03416399999999997,0.8595083333333333,False,0.09791823734227245,False
211089,5,0.823795,-0.03438299999999994,0.8572133333333333,False,0.07951710825430573,False
281527,5,0.827958,-0.04640500000000003,0.8693176666666668,True,0.3099793109246588,False
164419,5,0.814574,-0.04398599999999997,0.8554696666666667,True,0.24491091491548161,False
334030,5,0.813713,-0.03841899999999998,0.851333,False,0.06633147695131156,False
213058,5,0.826674,-0.03264599999999995,0.8613433333333332,False,0.13402333890524798,False
350737,5,0.828948,-0.03407399999999994,0.8622516666666667,False,0.07793305556471394,False
22780,5,0.798109,-0.04107900000000009,0.8384646666666667,False,0.12222733807766467,False
112321,5,0.834311,-0.034054999999999946,0.8677463333333333,False,0.08988606425704505,False
281168,5,0.844448,-0.033519000000000077,0.8766236666666667,False,0.10381248991857708,False
53587,5,0.821434,-0.037707999999999964,0.8584533333333333,False,0.048837860243564214,False
139041,5,0.836886,-0.03447500000000003,0.8698830000000001,False,0.0734311518316747,False
199191,5,0.824624,-0.03469699999999998,0.8592223333333333,False,0.05478304394584469,False
338428,5,0.800681,-0.05201800000000001,0.8455263333333333,True,0.40983978472564164,False
48625,5,0.826476,-0.036012000000000044,0.8618343333333334,False,0.02860251665083215,False
297458,5,0.83659,-0.03359600000000007,0.8687843333333333,False,0.1264695726197723,False
137752,5,0.823174,-0.03536400000000006,0.8579983333333333,False,0.03583496964837474,False
229734,5,0.7999,-0.03952699999999998,0.841132,False,0.08563775427117638,False
244855,5,0.819291,-0.03775700000000004,0.8562716666666667,False,0.06731351712895307,False
264979,5,0.821243,-0.03567200000000004,0.8563593333333334,False,0.07564889516473336,False
314019,5,0.809614,-0.038569000000000075,0.8468346666666666,False,0.08126393094009078,False
104633,5,0.834574,-0.032752,0.869069,False,0.12775617873669937,False
284266,5,0.813377,-0.03827400000000003,0.8504463333333333,False,0.06964928388977429,False
277317,5,0.813813,-0.03594799999999998,0.8515253333333334,False,0.08277564756027762,False
289428,5,0.807438,-0.053817000000000004,0.8544496666666667,True,0.444603039809018,False
288255,5,0.834431,-0.035560999999999954,0.8683963333333334,False,0.0534300538221456,False
67314,5,0.830133,-0.03522400000000003,0.864434,False,0.035630989005536864,False
219794,5,0.830065,-0.032073999999999936,0.8621893333333334,False,0.16255725760696757,False
130367,5,0.81833,-0.03533399999999998,0.8565983333333334,False,0.08265800885259597,False
335544,5,0.803386,-0.038918999999999926,0.841603,False,0.07835639811230641,False
123930,5,0.788741,-0.040076,0.8326600000000001,False,0.06805708518110797,False
236708,5,0.816276,-0.037668000000000035,0.8532833333333333,False,0.06160669753887912,False
146068,5,0.83053,-0.035614000000000035,0.8643366666666666,False,0.033469582343906526,False
298673,5,0.818018,-0.049680999999999975,0.8619243333333334,True,0.373758967721944,False
207425,5,0.835899,-0.033904000000000045,0.8687586666666666,False,0.10841422702899335,False
328962,5,0.778548,-0.04214299999999993,0.819671,False,0.08062059800477989,False
145738,5,0.816542,-0.03911100000000001,0.8536266666666666,False,0.09917788790280446,False
146341,5,0.839831,-0.033367000000000036,0.8725236666666666,False,0.12448526160942956,False
138873,5,0.797105,-0.042663000000000006,0.8388126666666667,False,0.1487188113262369,False
191182,5,0.786244,-0.03941899999999998,0.8248766666666668,False,0.024899106795920244,False
256131,5,0.834544,-0.034402000000000044,0.868199,False,0.06501168128511337,False
158606,5,0.82431,-0.03729400000000005,0.8602463333333333,False,0.02441772822485369,False
115457,5,0.831837,-0.0350609999999999,0.8654510000000001,False,0.05812813695754922,False
281875,5,0.82565,-0.03607899999999997,0.8610289999999999,False,0.012004580810342207,False
129303,5,0.822999,-0.03650199999999992,0.8586983333333333,False,0.0,False
267138,5,0.83238,-0.03235500000000002,0.8641226666666667,False,0.15039294295251482,False
169951,5,0.828863,-0.034658999999999995,0.8624686666666667,False,0.05052267249822622,False
164722,5,0.842671,-0.03209100000000009,0.874551,False,0.16504149828718948,False
356768,5,0.793869,-0.04242199999999996,0.8352676666666667,False,0.1154595306749678,False
254496,5,0.819262,-0.037600999999999996,0.8553116666666667,False,0.06267713393383421,False
35337,5,0.804077,-0.03611199999999992,0.8392913333333333,False,0.12404537733422587,False
58369,5,0.827612,-0.03299099999999999,0.8598336666666667,False,0.11199160760222761,False
12406,5,0.832169,-0.03329599999999999,0.8673296666666667,False,0.10531661014499911,False
345496,5,0.807122,-0.03739199999999998,0.845196,False,0.0773770999823416,False
153878,5,0.815039,-0.03711500000000001,0.8544009999999999,False,0.05921168390011653,False
210325,5,0.807145,-0.038151000000000046,0.8439196666666667,False,0.07285395765281176,False
125140,5,0.833102,-0.03567200000000004,0.8674810000000001,False,0.047952314925036474,False
41313,5,0.820695,-0.037768000000000024,0.857638,False,0.056909568930384784,False
255155,5,0.811484,-0.042062000000000044,0.850685,True,0.153551731212402,False
127400,5,0.82848,-0.03576400000000002,0.8632913333333333,False,0.02618648864724882,False
246777,5,0.842941,-0.03227199999999997,0.8743280000000001,False,0.16361763716954686,False
302698,5,0.805335,-0.05122199999999999,0.8504140000000001,True,0.4048136900457593,False
111754,5,0.811847,-0.04997399999999996,0.856233,True,0.38655329010657996,False
20302,5,0.837661,-0.03335200000000005,0.8702423333333332,False,0.12883461113069977,False
284802,5,0.813728,-0.03800099999999995,0.8502126666666667,False,0.07413069374168013,False
305939,5,0.83366,-0.034786000000000095,0.8670786666666667,False,0.06059588236423834,False
163429,5,0.830503,-0.03278800000000004,0.8622200000000001,False,0.1289320702965016,False
278058,5,0.822708,-0.03736399999999995,0.8589453333333333,False,0.015820199586796677,False
221571,5,0.8214,-0.037161,0.8572946666666666,False,0.047074830988148034,False
78147,5,0.838026,-0.03425999999999996,0.8713773333333333,False,0.09288518608633817,False
173617,5,0.833175,-0.034706000000000015,0.8667096666666666,False,0.06334342608087819,False
138685,5,0.812101,-0.03910200000000008,0.8501466666666667,False,0.08917914269143383,False
290414,5,0.795932,-0.04999500000000001,0.8419556666666667,True,0.3608987106187393,False
358375,5,0.80807,-0.03883200000000009,0.8456913333333334,False,0.0740616926262535,False
35631,5,0.828551,-0.03534599999999999,0.865203,False,0.04011120769676969,False
337039,5,0.843308,-0.0328520000000001,0.8753833333333333,False,0.12517494412290758,False
267075,5,0.829567,-0.03531899999999999,0.8637513333333334,False,0.0302509889653814,False
29821,5,0.8311,-0.032797000000000076,0.8633126666666667,False,0.12563199513512732,False
294318,5,0.813192,-0.03623900000000002,0.8482873333333334,False,0.08142158393761734,False
39523,5,0.839509,-0.03389400000000009,0.8724173333333334,False,0.11130896029872445,False
77643,5,0.839119,-0.03457600000000005,0.871823,False,0.06751175738941095,False
237717,5,0.830812,-0.031703999999999954,0.8622739999999999,False,0.1624691979442829,False
5069,5,0.827172,-0.034999,0.8618790000000001,False,0.041191841035247985,False
11028,5,0.83061,-0.039166000000000034,0.8673256666666666,True,0.11969702139637745,False
303657,5,0.812059,-0.03558300000000003,0.851632,False,0.10325295119189372,False
311699,5,0.826354,-0.03687699999999994,0.8622593333333333,False,0.03318291379162038,False
242357,5,0.804854,-0.04110500000000006,0.8447916666666666,False,0.1263872004525233,False
120646,5,0.830535,-0.03352999999999995,0.8636616666666667,False,0.10224304069303275,False
312417,5,0.817743,-0.03463800000000006,0.8517943333333333,False,0.10436033858579292,False
224622,5,0.80751,-0.04157200000000005,0.8476309999999999,False,0.15306224357118173,False
357412,5,0.839417,-0.034117000000000064,0.8724136666666666,False,0.10630809723030772,False
198943,5,0.824999,-0.036526999999999976,0.8607800000000001,False,0.008643021901690563,False
252370,5,0.831968,-0.03421999999999992,0.8652006666666666,False,0.07379464750668145,False
332523,5,0.823614,-0.03497400000000006,0.8580346666666667,False,0.04624829233635301,False
145060,5,0.814883,-0.04585399999999995,0.856465,True,0.28297151977259843,False
37435,5,0.816999,-0.036321999999999965,0.8525683333333333,False,0.042631743908772946,False
282713,5,0.839041,-0.033451999999999926,0.8715283333333333,False,0.11762308679364508,False
289239,5,0.833921,-0.033453999999999984,0.8660956666666667,False,0.11198915592362092,False
360446,5,0.831661,-0.03473999999999999,0.865574,False,0.05829264665738017,False
189600,5,0.805436,-0.04686899999999994,0.848701,True,0.27185956087771246,False
299,5,0.829441,-0.03493599999999997,0.8638539999999999,False,0.04034506213096703,False
225332,5,0.825331,-0.037004999999999955,0.8610336666666667,False,0.015746119074607635,False
31778,5,0.82808,-0.036547999999999914,0.863096,False,0.03127828523459605,False
60517,5,0.819359,-0.03797600000000001,0.856598,False,0.06415174761851652,False
58654,5,0.842874,-0.033645999999999954,0.8758526666666667,False,0.10511114448985463,False
153709,5,0.835048,-0.035524,0.8695556666666667,False,0.055429852125906974,False
339757,5,0.826201,-0.03521099999999999,0.8599906666666666,False,0.033780124718670784,False
336321,5,0.819347,-0.03747400000000001,0.8558140000000001,False,0.05656329098665738,False
308512,5,0.835084,-0.033723999999999976,0.8683233333333334,False,0.11408045546721464,False
210260,5,0.828916,-0.034460000000000046,0.862947,False,0.057227777607797806,False
50819,5,0.832849,-0.0359830000000001,0.86743,False,0.04431280621310673,False
37149,5,0.82537,-0.04273299999999991,0.8643623333333333,True,0.19781914134328693,False
161225,5,0.823981,-0.04630299999999998,0.8652113333333333,True,0.30187460886421225,False
362293,5,0.837402,-0.03328900000000001,0.8698260000000001,False,0.1213470123806482,False
178389,5,0.778073,-0.040927999999999964,0.818345,False,0.05468582322823546,False
221208,5,0.798156,-0.041895000000000016,0.8388366666666666,False,0.1272064462868726,False
41291,5,0.814304,-0.03647800000000001,0.8497993333333334,False,0.06475756498404892,False
365214,5,0.830312,-0.03574099999999991,0.8650163333333333,False,0.034476122748487936,False
333281,5,0.834149,-0.032683999999999935,0.866051,False,0.14452906418531195,False
7737,5,0.803632,-0.036738999999999966,0.8420846666666666,False,0.112112877985251,False
329588,5,0.809853,-0.039899999999999936,0.8485213333333333,False,0.1013443425576782,False
317105,5,0.806738,-0.0411720000000001,0.846113,False,0.14316549508950632,False
361689,5,0.814215,-0.036494999999999944,0.8496516666666666,False,0.06562788932513117,False
281131,5,0.807896,-0.03804400000000008,0.8450193333333332,False,0.06675134897318775,False
343638,5,0.824287,-0.03667699999999996,0.8594526666666665,False,0.013917818239506741,False
189790,5,0.832143,-0.03423799999999999,0.865688,False,0.07553135749368008,False
340726,5,0.796691,-0.04265999999999992,0.8378070000000001,False,0.1487188113262369,False
72525,5,0.833281,-0.03383199999999997,0.8666649999999999,False,0.10148277496605523,False
65444,5,0.84205,-0.03273500000000007,0.8744806666666666,False,0.1271274270349317,False
319360,5,0.823338,-0.03545900000000002,0.857727,False,0.030071648341154163,False
358935,5,0.818166,-0.038020000000000054,0.854856,False,0.07409667874051261,False
100448,5,0.829852,-0.03345500000000001,0.8651146666666666,False,0.11069589663772791,False
222075,5,0.827418,-0.036224000000000034,0.8620986666666667,False,0.017790896685345454,False
69369,5,0.829342,-0.033930000000000016,0.86285,False,0.08952009448086562,False
151722,5,0.791625,-0.04059800000000002,0.831258,False,0.05473821343787858,False
38033,5,0.822062,-0.03754299999999999,0.8580399999999999,False,0.04569083652773469,False
128351,5,0.821399,-0.038999000000000006,0.8584423333333334,False,0.08121246950268983,False
342871,5,0.823148,-0.03476699999999999,0.8566163333333333,False,0.07790834506158259,False
13912,5,0.80698,-0.039906999999999915,0.8458346666666667,False,0.09615678037072432,False
351129,5,0.827706,-0.03415899999999994,0.8611003333333334,False,0.07191092561794264,False
297365,5,0.820977,-0.034998000000000085,0.857975,False,0.08095629875372772,False
240570,5,0.818208,-0.03750599999999993,0.8549886666666667,False,0.07308511645591571,False
86317,5,0.829643,-0.034360999999999975,0.8632473333333334,False,0.06930369185831721,False
99561,5,0.831945,-0.03577699999999995,0.8662700000000001,False,0.04431280621310673,False
261740,5,0.80568,-0.03795100000000007,0.8465943333333333,False,0.07469737846548487,False
29971,5,0.836592,-0.035812999999999984,0.8706506666666667,False,0.052257436263741575,False
4101,5,0.829329,-0.03658499999999998,0.864739,False,0.027016026523705345,False
176472,5,0.819788,-0.03600900000000007,0.8542686666666667,False,0.05430569647147725,False
85669,5,0.819884,-0.037569000000000075,0.8562949999999999,False,0.06267713393383421,False
128393,5,0.837908,-0.03511399999999998,0.8717769999999999,False,0.07490352446675604,False
24702,5,0.796692,-0.04908900000000005,0.8411623333333332,True,0.34209456034934493,False
350152,5,0.844244,-0.030399999999999983,0.8746636666666667,False,0.21525593771653712,False
235514,5,0.838357,-0.033677999999999986,0.8711883333333333,False,0.11841891322497657,False
213078,5,0.830254,-0.035613000000000006,0.8650756666666667,False,0.043345047415889924,False
285706,5,0.828934,-0.035308000000000006,0.8636876666666667,False,0.0302509889653814,False
360795,5,0.831215,-0.034062999999999954,0.8641973333333333,False,0.06936700072494162,False
105461,5,0.824634,-0.03424700000000003,0.858117,False,0.07211498031792424,False
266248,5,0.817042,-0.038230999999999904,0.8538899999999999,False,0.08035736502971468,False
195779,5,0.825702,-0.036023999999999945,0.8610186666666667,False,0.009214461761560839,False
84715,5,0.813361,-0.04243399999999997,0.8526556666666667,True,0.16945801347258377,False
131659,5,0.816922,-0.036322999999999994,0.8521973333333334,False,0.04404894882030183,False
367955,5,0.817388,-0.035950999999999955,0.856096,False,0.06648726478338066,False
170017,5,0.81362,-0.038938999999999946,0.8513906666666666,False,0.08004040739952753,False
225994,5,0.79876,-0.05100199999999999,0.8466856666666667,True,0.39952123343463175,False
266161,5,0.820336,-0.03686100000000003,0.8568736666666666,False,0.03987720567329398,False
83876,5,0.810175,-0.03784900000000002,0.8470206666666668,False,0.07731154789914864,False
29327,5,0.820214,-0.035375000000000045,0.85641,False,0.07220312593665332,False
247815,5,0.838815,-0.032723999999999975,0.8710330000000001,False,0.14897953229134045,False
149552,5,0.816585,-0.03637999999999997,0.855077,False,0.04265540904243342,False
68617,5,0.829329,-0.03562300000000007,0.8634233333333334,False,0.028095154298328914,False
65934,5,0.83162,-0.032559000000000005,0.8640656666666667,False,0.13280487547061318,False
289682,5,0.833819,-0.034360999999999975,0.8678713333333333,False,0.07231211151174838,False
353036,5,0.815515,-0.035096000000000016,0.8500293333333334,False,0.11617154523935448,False
36396,5,0.841304,-0.03340899999999991,0.8740463333333333,False,0.11962162583679356,False
138966,5,0.828659,-0.035109999999999975,0.8627316666666666,False,0.041161803269951176,False
63441,5,0.810388,-0.037688000000000055,0.8467030000000001,False,0.07348505542613769,False
129973,5,0.792351,-0.03753899999999999,0.8330126666666667,False,0.06452239951398667,False
185429,5,0.837552,-0.03246199999999999,0.8689333333333332,False,0.19566755975041583,False
308443,5,0.83733,-0.03273399999999993,0.8693759999999999,False,0.14828812750208586,False
227942,5,0.83801,-0.03275600000000001,0.8701300000000001,False,0.15459712798291692,False
117806,5,0.818913,-0.037727999999999984,0.8558293333333333,False,0.07014386361379102,False
319275,5,0.821182,-0.037785999999999986,0.8575729999999999,False,0.055188064966508014,False
146037,5,0.798779,-0.04750199999999993,0.844237,True,0.28563928389389326,False
324282,5,0.821557,-0.03707499999999997,0.8578723333333333,False,0.039156483176915544,False
112065,5,0.831584,-0.032447000000000004,0.8628589999999999,False,0.14708874012668602,False
51332,5,0.830541,-0.03490599999999999,0.864618,False,0.04575115142639137,False
262451,5,0.819242,-0.03789399999999998,0.856148,False,0.06701625661876576,False
338784,5,0.832332,-0.03465600000000002,0.8660313333333333,False,0.06048388369328781,False
185753,5,0.812006,-0.03900800000000004,0.8498933333333333,False,0.0843005279682777,False
351224,5,0.827113,-0.03721600000000003,0.8628533333333334,False,0.04460737009731942,False
36066,5,0.793018,-0.03824700000000003,0.8342416666666667,False,0.05396552187537339,False
318029,5,0.823371,-0.03609499999999999,0.858423,False,0.012582566543465937,False
126286,5,0.83904,-0.034107,0.8723603333333333,False,0.10536648119479873,False
112886,5,0.812499,-0.04031300000000004,0.8516106666666667,False,0.11478976305091326,False
296341,5,0.807617,-0.03728100000000001,0.8436823333333333,False,0.09152075256408393,False
68587,5,0.830173,-0.03405199999999997,0.8628853333333334,False,0.08343629521160227,False
81030,5,0.82825,-0.03302399999999994,0.8632646666666667,False,0.11856963746376581,False
147721,5,0.841137,-0.032884000000000024,0.8730380000000001,False,0.12669398908637475,False
42982,5,0.824467,-0.038470000000000004,0.8612889999999999,False,0.054263576260737446,False
37220,5,0.839516,-0.03319699999999992,0.8723263333333334,False,0.12527617783276335,False
222077,5,0.814009,-0.03637999999999997,0.85028,False,0.06716017393868534,False
368857,5,0.808215,-0.04339099999999996,0.8486503333333334,True,0.21474744080223496,False
290049,5,0.827043,-0.033824000000000076,0.860089,False,0.09026058529946394,False
120031,5,0.826255,-0.03610000000000002,0.8617889999999999,False,0.03141888884335305,False
182981,5,0.823472,-0.03432299999999999,0.8569176666666666,False,0.07951710825430573,False
190306,5,0.825981,-0.03290000000000004,0.8588533333333332,False,0.11942366919183998,False
3407,5,0.816327,-0.042933,0.856072,True,0.21679652323116302,False
282746,5,0.819125,-0.03667200000000004,0.8545996666666666,False,0.050319582406402316,False
145852,5,0.828086,-0.03575000000000006,0.862727,False,0.024070196808964776,False
73495,5,0.825012,-0.035150000000000015,0.8590306666666666,False,0.044298069375977814,False
373790,5,0.831962,-0.03497300000000003,0.8657523333333333,False,0.0617483791706592,False
130825,5,0.844352,-0.031757000000000035,0.8757943333333333,False,0.16203966643293388,False
291382,5,0.82372,-0.03766499999999995,0.8602196666666666,False,0.03652752785477479,False
15622,5,0.78722,-0.04095099999999996,0.831767,False,0.08831616031769693,False
36287,5,0.823521,-0.046216000000000035,0.8645493333333333,True,0.28919619044837885,False
16663,5,0.820358,-0.036547999999999914,0.8560403333333334,False,0.05098247622144796,False
96200,5,0.829788,-0.035197000000000034,0.8638866666666667,False,0.03868469879850261,False
26522,5,0.82058,-0.034248999999999974,0.8559359999999999,False,0.12073477524969049,False
48390,5,0.837052,-0.03465600000000002,0.8706216666666666,False,0.0724626202045565,False
58650,5,0.826512,-0.03612700000000002,0.8611423333333333,False,0.02200529187221403,False
49453,5,0.82361,-0.035561000000000065,0.8582263333333332,False,0.02284575144957636,False
85277,5,0.805475,-0.03757599999999994,0.8422243333333334,False,0.07635087072530197,False
221777,5,0.830968,-0.034748,0.8650183333333334,False,0.04813491475822225,False
60058,5,0.793377,-0.03814799999999996,0.8305556666666667,False,0.050790015532476154,False
194081,5,0.816028,-0.048032000000000075,0.8589433333333334,True,0.3420181063593597,False
53736,5,0.810191,-0.03944100000000006,0.8488669999999999,False,0.094272141169722,False
231649,5,0.838735,-0.03319300000000003,0.8709883333333334,False,0.11970787411762725,False
367671,5,0.825032,-0.03224400000000005,0.85674,False,0.1772599444804964,False
39449,5,0.821179,-0.03763800000000006,0.8579323333333333,False,0.05188639452974072,False
187595,5,0.819063,-0.03628399999999998,0.8541439999999999,False,0.04666096140060514,False
137340,5,0.814655,-0.038687999999999945,0.8525776666666666,False,0.06097683217774881,False
57487,5,0.799968,-0.042417999999999956,0.8410833333333333,False,0.13411178888559358,False
239717,5,0.829266,-0.03440600000000005,0.8621183333333334,False,0.053197531950472436,False
73206,5,0.830769,-0.03565700000000005,0.8652893333333335,False,0.040005245879308926,False
356664,5,0.837388,-0.03268599999999999,0.8687366666666666,False,0.16593084785413303,False
198461,5,0.809447,-0.03734799999999994,0.8462096666666667,False,0.08751250845202002,False
54309,5,0.809509,-0.03637000000000001,0.8490786666666666,False,0.07280853129806168,False
241331,5,0.824213,-0.04716799999999999,0.8663266666666667,True,0.33068348283704985,False
69445,5,0.829754,-0.03488100000000005,0.863636,False,0.04580295084377576,False
266171,5,0.830049,-0.03409299999999993,0.8656783333333333,False,0.09284020837395622,False
26289,5,0.820639,-0.03712000000000004,0.8566569999999999,False,0.050792164566822944,False
80132,5,0.8062,-0.03825400000000001,0.8434566666666666,False,0.07027923120405193,False
3770,5,0.817922,-0.038515999999999995,0.8554200000000001,False,0.08151365544444898,False
107090,5,0.820895,-0.035526999999999975,0.8557346666666668,False,0.077728777831922,False
97425,5,0.789736,-0.053458000000000006,0.8365993333333334,True,0.41064789328661155,False
116619,5,0.843684,-0.03274600000000005,0.8757316666666667,False,0.13453537926508943,False
56117,5,0.829455,-0.03491599999999995,0.8635563333333334,False,0.04034506213096703,False
240273,5,0.823371,-0.03600300000000001,0.8581176666666667,False,0.014420916312296741,False
342598,5,0.81612,-0.03707000000000005,0.8525433333333333,False,0.044315643228665116,False
237881,5,0.815765,-0.03623900000000002,0.8510026666666667,False,0.058154128441428435,False
177892,5,0.823075,-0.03643099999999999,0.8587020000000001,False,0.0013883510970652234,False
44907,5,0.809487,-0.036358,0.8452736666666666,False,0.08806879667132532,False
346692,5,0.83033,-0.03469699999999998,0.8644633333333333,False,0.049964949717506264,False
282789,5,0.807446,-0.03873300000000002,0.845044,False,0.06316412134357458,False
47662,5,0.82284,-0.03802099999999997,0.8594383333333333,False,0.03587044711396505,False
325405,5,0.821761,-0.038322999999999996,0.8585776666666667,False,0.05088457152907421,False
82920,5,0.821563,-0.036314999999999986,0.8568976666666668,False,0.04118112856383786,False
81516,5,0.819167,-0.03800900000000007,0.8559553333333333,False,0.06701625661876576,False
20916,5,0.823979,-0.03686800000000001,0.8595613333333333,False,0.006912414654130605,False
49123,5,0.79005,-0.040710000000000024,0.8301496666666667,False,0.06162648343136472,False
89725,5,0.821341,-0.036819000000000046,0.8564076666666667,False,0.04876440084170777,False
201728,5,0.794039,-0.048838999999999966,0.8438370000000001,True,0.3421592416913113,False
172103,5,0.839241,-0.03254099999999993,0.8710096666666667,False,0.16782587148793643,False
141530,5,0.821343,-0.04875599999999991,0.8654963333333333,True,0.3853408210168768,False
122049,5,0.819589,-0.03550900000000001,0.8570233333333334,False,0.06625253454560225,False
229690,5,0.817366,-0.04876199999999997,0.860224,True,0.3533306281763306,False
247974,5,0.81992,-0.03709000000000007,0.8562413333333333,False,0.04663203469453962,False
30369,5,0.819476,-0.037215,0.8561836666666666,False,0.051822193219531555,False
191277,5,0.825039,-0.03348099999999998,0.8578426666666666,False,0.11229792982673582,False
306012,5,0.822086,-0.036243000000000025,0.8569536666666666,False,0.01972625786618397,False
209400,5,0.794266,-0.03986999999999996,0.8359626666666666,False,0.07038642635312456,False
31959,5,0.804184,-0.036640000000000006,0.842892,False,0.10676038369270789,False
85197,5,0.829575,-0.03700200000000009,0.8651633333333333,False,0.042350307084591324,False
117026,5,0.772841,-0.04637100000000005,0.8211176666666667,False,0.20933407940537826,False
357599,5,0.838662,-0.032868999999999926,0.8708883333333333,False,0.1276354209828529,False
193575,5,0.814881,-0.038224000000000036,0.852343,False,0.06196260138797367,False
177254,5,0.812608,-0.04543900000000001,0.853552,True,0.27762019588752795,False
279291,5,0.814428,-0.038219,0.8521203333333333,False,0.05754945755626475,False
347011,5,0.821153,-0.047161999999999926,0.8632943333333333,True,0.3279727131793355,False
55789,5,0.839328,-0.034380999999999995,0.8722713333333333,False,0.09209872511484,False
277408,5,0.829615,-0.03574299999999997,0.864631,False,0.023086096158234575,False
140373,5,0.824135,-0.036833000000000005,0.8596653333333334,False,0.006912414654130605,False
240870,5,0.815117,-0.038812999999999986,0.8527023333333332,False,0.07399913373830275,False
188208,5,0.811405,-0.04081999999999997,0.8506969999999999,False,0.11916765298992839,False
120087,5,0.826183,-0.03529300000000002,0.8610556666666667,False,0.02494788907420933,False
312690,5,0.820874,-0.03586900000000004,0.8577243333333334,False,0.05735320626566906,False
207505,5,0.8171,-0.047513999999999945,0.859915,True,0.2988632414654811,False
80131,5,0.833471,-0.03447700000000009,0.8669343333333334,False,0.06164817390058679,False
114137,5,0.823108,-0.03720900000000005,0.8592306666666666,False,0.013996578413288437,False
139893,5,0.838487,-0.03249999999999997,0.870546,False,0.17349158430022138,False
204693,5,0.818594,-0.03670999999999991,0.8547549999999999,False,0.05346360045594654,False
332547,5,0.827825,-0.036076,0.8624533333333334,False,0.03095812308692877,False
82540,5,0.825822,-0.03712000000000004,0.8614413333333334,False,0.024360126741519373,False
38409,5,0.815043,-0.03657200000000005,0.8546869999999999,False,0.06197701235679041,False
124782,5,0.829643,-0.037026,0.8650236666666666,False,0.03851976424093056,False
51599,5,0.835559,-0.034095999999999904,0.8685983333333334,False,0.1034200578036346,False
302100,5,0.829993,-0.033393000000000006,0.862673,False,0.1057315012305957,False
184101,5,0.827256,-0.036219,0.8623096666666666,False,0.02059262898672529,False
303520,5,0.827855,-0.034699000000000035,0.8620763333333333,False,0.05154376574034091,False
33568,5,0.833353,-0.034785999999999984,0.8671976666666668,False,0.06059588236423834,False
334993,5,0.819678,-0.037348999999999966,0.8562706666666666,False,0.05656329098665738,False
216161,5,0.823459,-0.036076999999999915,0.8582273333333333,False,0.012052534660243646,False
48896,5,0.838509,-0.034547000000000105,0.8719936666666667,False,0.07406733540738511,False
292002,5,0.832244,-0.034845000000000015,0.8661426666666667,False,0.06178221169800658,False
306491,5,0.834431,-0.03389500000000001,0.867479,False,0.09524471255332746,False
6019,5,0.825973,-0.03468900000000008,0.8597746666666666,False,0.05461258772723686,False
73158,5,0.817666,-0.035665999999999976,0.854021,False,0.08247658282744738,False
264951,5,0.815305,-0.04354900000000006,0.855719,True,0.24016023922230917,False
347806,5,0.821202,-0.035460999999999965,0.8556033333333333,False,0.077728777831922,False
199295,5,0.813552,-0.039177999999999935,0.8511886666666667,False,0.08778087465925762,False
249974,5,0.833156,-0.035070000000000046,0.8674313333333333,False,0.05622392481915247,False
1130,5,0.822758,-0.03636000000000006,0.8580706666666668,False,0.002293111151882351,False
138091,5,0.82808,-0.03482299999999994,0.8623946666666668,False,0.054030844276459385,False
324734,5,0.827728,-0.03504600000000002,0.861571,False,0.041191841035247985,False
14470,5,0.82908,-0.035055999999999976,0.8628706666666667,False,0.043471249996082074,False
254615,5,0.840748,-0.03180699999999992,0.8723253333333334,False,0.1850806630486237,False
371112,5,0.833031,-0.03476900000000005,0.866981,False,0.05774005536325887,False
52418,5,0.831987,-0.035718999999999945,0.8670813333333333,False,0.04289542283965599,False
156960,5,0.831113,-0.03554900000000005,0.8655233333333333,False,0.03950195769840904,False
139042,5,0.82886,-0.03459799999999991,0.8626489999999999,False,0.05052267249822622,False
346047,5,0.824211,-0.04398599999999997,0.8636543333333333,True,0.24646327311917104,False
111477,5,0.833998,-0.035694000000000004,0.8679786666666667,False,0.05079488845845122,False
369972,5,0.836378,-0.033143000000000034,0.86919,False,0.11268110836936404,False
21930,5,0.827425,-0.036937,0.8626553333333332,False,0.031312214093875045,False
352159,5,0.816405,-0.042632,0.8561623333333334,True,0.19003250264742944,False
111043,5,0.825244,-0.03561199999999998,0.860014,False,0.022388024238126754,False
145684,5,0.822199,-0.034208999999999934,0.8562413333333333,False,0.10137518696170555,False
282579,5,0.835803,-0.03434400000000004,0.8691080000000001,False,0.07863942078623691,False
70407,5,0.831079,-0.03341499999999997,0.8641363333333333,False,0.09560055626848159,False
316526,5,0.828271,-0.035407999999999995,0.8629056666666667,False,0.033362090155309616,False
83707,5,0.817846,-0.03623500000000002,0.8531106666666667,False,0.042631743908772946,False
138403,5,0.822284,-0.03726799999999997,0.858316,False,0.021455304226843042,False
53893,5,0.798566,-0.04977200000000004,0.843014,True,0.3569835926741531,False
193738,5,0.828664,-0.036496000000000084,0.8638546666666667,False,0.017426028620798974,False
178349,5,0.804804,-0.04014200000000001,0.8438766666666666,False,0.08877185596001032,False
56673,5,0.836083,-0.03423199999999993,0.8697010000000001,False,0.07935302091554695,False
281137,5,0.841182,-0.03335600000000005,0.8738313333333334,False,0.11962162583679356,False
295170,5,0.832806,-0.03353799999999996,0.8651903333333334,False,0.10390385037085824,False
106743,5,0.805618,-0.03496800000000011,0.8431830000000001,False,0.17040389334052458,False
336048,5,0.795959,-0.04309400000000008,0.8382296666666668,False,0.18923558453000258,False
290048,5,0.837729,-0.034149000000000096,0.8709383333333333,False,0.11032440899448374,False
232328,5,0.826819,-0.033380999999999994,0.859795,False,0.10889580313780146,False
136716,5,0.827252,-0.03602700000000003,0.8625210000000001,False,0.02814237396836012,False
142788,5,0.840368,-0.03277399999999997,0.8729939999999999,False,0.14716135689599616,False
183321,5,0.824933,-0.03562399999999999,0.8599286666666667,False,0.023959489399942538,False
35924,5,0.827864,-0.035694000000000004,0.8625536666666668,False,0.03175379904288867,False
139258,5,0.824489,-0.035175999999999985,0.8585256666666666,False,0.033944080595961774,False
110140,5,0.826456,-0.036966000000000054,0.8620956666666667,False,0.03177305820418455,False
345899,5,0.835359,-0.031579000000000024,0.8686726666666665,False,0.1944427879593969,False
42001,5,0.831438,-0.03549899999999995,0.8660316666666666,False,0.0451382777739891,False
258744,5,0.82668,-0.035057000000000005,0.8611726666666666,False,0.035016245896719825,False
330879,5,0.837462,-0.03379999999999994,0.870998,False,0.10435329436434967,False
367696,5,0.77913,-0.05146499999999998,0.8264963333333334,True,0.36355065922184604,False
149415,5,0.839454,-0.03393799999999991,0.8719506666666667,False,0.10303025846525272,False
198691,5,0.812794,-0.03787699999999994,0.8494253333333334,False,0.07513273064715771,False
36466,5,0.832332,-0.03419800000000006,0.8660869999999999,False,0.07888254176775734,False
81158,5,0.841992,-0.03309700000000004,0.8741573333333333,False,0.10878355123955169,False
104248,5,0.81978,-0.036423000000000094,0.8558316666666667,False,0.041846989694484305,False
99829,5,0.815273,-0.03908400000000001,0.8532273333333333,False,0.0918186421850647,False
110615,5,0.829559,-0.033048999999999995,0.8641336666666667,False,0.11386595719715713,False
157284,5,0.809186,-0.037409000000000026,0.8451876666666666,False,0.07600777641460416,False
138656,5,0.824743,-0.03554299999999999,0.8598469999999999,False,0.026221117529406607,False
94036,5,0.790597,-0.04028200000000004,0.8353973333333333,False,0.06227989686876636,False
274088,5,0.822693,-0.03445100000000001,0.8569476666666667,False,0.07312468666300956,False
215856,5,0.819644,-0.03725099999999992,0.8560386666666666,False,0.056859084646015454,False
263638,5,0.824369,-0.037092000000000014,0.8603496666666667,False,0.014637926645202677,False
130970,5,0.819389,-0.036885999999999974,0.8578013333333333,False,0.03018831265790818,False
308944,5,0.781066,-0.04301999999999995,0.823567,False,0.13121624809038612,False
344652,5,0.824008,-0.03673100000000007,0.8593923333333334,False,0.013753536517061639,False
327837,5,0.823814,-0.036368999999999985,0.859451,False,0.0018870940358989617,False
285929,5,0.815733,-0.03852800000000001,0.8532936666666666,False,0.07018984074569595,False
128075,5,0.820075,-0.036367999999999956,0.8550393333333334,False,0.03807680328536697,False
62855,5,0.81677,-0.038529000000000035,0.8542043333333332,False,0.07921453297888023,False
209186,5,0.836838,-0.03301200000000004,0.869436,False,0.12422350850264714,False
349665,5,0.839155,-0.035501000000000005,0.8731693333333332,False,0.07324387966489268,False
110430,5,0.822669,-0.03517999999999999,0.8569826666666667,False,0.05732907267412143,False
66818,5,0.826841,-0.03543599999999991,0.8622273333333333,False,0.03864602506350846,False
286046,5,0.82496,-0.03721999999999992,0.861277,False,0.020859867687962413,False
156471,5,0.824422,-0.03462299999999996,0.860688,False,0.04935067505172997,False
173239,5,0.828341,-0.03479299999999996,0.8626109999999999,False,0.05286222232138623,False
196038,5,0.81937,-0.03806199999999993,0.8561196666666667,False,0.06701625661876576,False
305402,5,0.841677,-0.033856,0.874159,False,0.0950923309833131,False
200562,5,0.825445,-0.042910000000000004,0.8644033333333333,True,0.2152607506652539,False
200078,5,0.838005,-0.03421399999999997,0.871235,False,0.09578860270751911,False
16829,5,0.824882,-0.03683499999999995,0.8599776666666666,False,0.011947987972598011,False
179768,5,0.828346,-0.034706000000000015,0.8624433333333333,False,0.05052267249822622,False
290771,5,0.834637,-0.031079999999999997,0.8652899999999999,False,0.21707777623448776,False
121981,5,0.81171,-0.03593899999999994,0.846914,False,0.11106163499229077,False
254798,5,0.80879,-0.038290999999999964,0.8458013333333333,False,0.07562480737091731,False
165388,5,0.789131,-0.03793800000000003,0.8320883333333334,False,0.07079000380682207,False
311969,5,0.838815,-0.03290800000000005,0.8709633333333334,False,0.12490734896977654,False
41833,5,0.809052,-0.04259400000000002,0.8482543333333333,True,0.168768896535903,False
221187,5,0.834787,-0.03487300000000004,0.8686926666666667,False,0.06770199763466088,False
119484,5,0.821208,-0.035997999999999974,0.8562153333333334,False,0.06171969126401743,False
115574,5,0.83552,-0.03417399999999993,0.8690453333333333,False,0.0856407597911211,False
309588,5,0.815557,-0.037397000000000014,0.852134,False,0.062365309609924355,False
208910,5,0.793986,-0.05055300000000007,0.8390096666666667,True,0.37083955795803475,False
16469,5,0.822366,-0.03692799999999996,0.8605119999999999,False,0.01827148771547883,False
4883,5,0.806205,-0.03877700000000006,0.843865,False,0.07212781551285437,False
87194,5,0.814669,-0.03669200000000006,0.8502489999999999,False,0.071885890038845,False
186264,5,0.803272,-0.03840699999999997,0.8408950000000001,False,0.0821807888708123,False
109842,5,0.806778,-0.04006100000000001,0.845596,False,0.09615678037072432,False
20836,5,0.844711,-0.03229599999999999,0.8758666666666667,False,0.14799078681525535,False
60472,5,0.825124,-0.033646000000000065,0.8578606666666667,False,0.10787623047920078,False
256170,5,0.818375,-0.038046000000000024,0.8551509999999999,False,0.06701625661876576,False
249184,5,0.817283,-0.03828100000000001,0.8542493333333333,False,0.08035736502971468,False
320695,5,0.814241,-0.04207300000000003,0.853614,True,0.1791149132314193,False
352157,5,0.81706,-0.03567100000000001,0.8519253333333333,False,0.07991807398166602,False
100814,5,0.784542,-0.044249000000000094,0.8273780000000001,False,0.15302640160440867,False
115141,5,0.818573,-0.037627999999999995,0.8553796666666665,False,0.06559583526436664,False
164981,5,0.829961,-0.03532100000000005,0.864273,False,0.0302509889653814,False
30662,5,0.816621,-0.03798399999999991,0.853725,False,0.07007188399999838,False
283423,5,0.814612,-0.03556999999999999,0.8498476666666667,False,0.10194603078452519,False
335243,5,0.822396,-0.03820199999999996,0.8590246666666667,False,0.04569583367791343,False
276653,5,0.80963,-0.04054600000000008,0.8486803333333333,False,0.11741448779468382,False
174879,5,0.840084,-0.033565999999999985,0.872907,False,0.12301365299590822,False
34701,5,0.771673,-0.0482189999999999,0.817971,False,0.2872682874254083,False
139973,5,0.835759,-0.034135999999999944,0.869148,False,0.0896428541669335,False
1858,5,0.826514,-0.033333999999999975,0.8586486666666667,False,0.10478357454076323,False
354785,5,0.800416,-0.04160200000000003,0.840966,False,0.14237853371618517,False
144194,5,0.768553,-0.04872199999999993,0.8156703333333333,False,0.2966670112546112,False
161616,6,0.787942,-0.03928900000000002,0.8262703333333334,False,0.04732163477099712,False
221846,6,0.808655,-0.034826000000000024,0.8424683333333333,False,0.1717580424580284,False
84698,6,0.798216,-0.036413999999999946,0.8334283333333333,False,0.10575598300833407,False
114629,6,0.763553,-0.04280200000000001,0.8047966666666667,False,0.07021698731789854,False
83465,6,0.787709,-0.038829,0.8252563333333334,False,0.03472624926994612,False
369398,6,0.78061,-0.039629000000000025,0.8193383333333334,False,0.03721676059687592,False
13112,6,0.773249,-0.04140300000000008,0.8133690000000001,False,0.09980702056084238,False
235202,6,0.800516,-0.03425900000000004,0.8343433333333333,False,0.2118541715993694,False
104286,6,0.780822,-0.044632000000000005,0.8221210000000001,True,0.16255898849282355,False
224231,6,0.805138,-0.036024999999999974,0.839929,False,0.1266853538189636,False
12995,6,0.786382,-0.03746499999999997,0.8224743333333334,False,0.07105443421647183,False
74905,6,0.764122,-0.04288700000000001,0.8060906666666666,False,0.09266899299492894,False
294254,6,0.743136,-0.04369199999999995,0.7865639999999999,False,0.029619343117074797,False
265229,6,0.792631,-0.035250000000000004,0.8274153333333333,False,0.14333407705978543,False
366026,6,0.737117,-0.049609000000000014,0.7848196666666668,False,0.17522554899022247,False
269565,6,0.780889,-0.03870899999999999,0.8180776666666668,False,0.0401907073458084,False
242550,6,0.802058,-0.03557699999999997,0.8369163333333334,False,0.14923588850274014,False
82704,6,0.780841,-0.03926600000000002,0.8187263333333333,False,0.03621246391511558,False
213416,6,0.7854,-0.039151999999999965,0.823978,False,0.012397651225209206,False
45580,6,0.753974,-0.04432499999999995,0.7963906666666666,False,0.07911802054765592,False
280043,6,0.746296,-0.04669500000000004,0.791192,False,0.11418577341694519,False
50707,6,0.718986,-0.04871099999999995,0.7670776666666667,False,0.1916602197627289,False
28401,6,0.793533,-0.03619499999999998,0.8291813333333334,False,0.1084963530910795,False
33306,6,0.767239,-0.04285899999999998,0.8094016666666667,False,0.10585217147670038,False
23114,6,0.76725,-0.04079900000000003,0.810676,False,0.05009154288260134,False
114987,6,0.782732,-0.04027700000000001,0.8222546666666667,False,0.02553878096094868,False
325666,6,0.804136,-0.035939000000000054,0.8392633333333333,False,0.13585177177014401,False
92826,6,0.786716,-0.045872000000000024,0.829006,True,0.20988627160520354,False
165868,6,0.782068,-0.040159999999999973,0.8213006666666667,False,0.021003585842084494,False
306277,6,0.787925,-0.03822700000000001,0.825471,False,0.04882081955013698,False
219949,6,0.752384,-0.043411999999999895,0.795583,False,0.07430194135730239,False
81499,6,0.788926,-0.038588999999999984,0.8263756666666667,False,0.047474093611442766,False
278463,6,0.795,-0.03833900000000001,0.8320583333333333,False,0.06254698554202762,False
180331,6,0.749096,-0.04488599999999998,0.7932549999999999,False,0.08474524564276238,False
294076,6,0.797547,-0.03731499999999999,0.8336823333333333,False,0.08847453344405568,False
160007,6,0.778446,-0.039067000000000074,0.8161453333333334,False,0.029673179028849906,False
288528,6,0.778871,-0.038735000000000075,0.816951,False,0.04302383699324146,False
125541,6,0.786442,-0.039285000000000014,0.824551,False,0.027338242625112405,False
271358,6,0.784232,-0.03915999999999997,0.8227326666666667,False,0.01623365660832887,False
165767,6,0.784609,-0.03789500000000001,0.8216556666666667,False,0.03222859362416384,False
52953,6,0.76247,-0.04347100000000004,0.8051953333333334,False,0.09027491783798919,False
57288,6,0.789664,-0.03498199999999996,0.8291620000000001,False,0.17350052388917594,False
116876,6,0.771819,-0.03650299999999995,0.8079026666666667,False,0.1342060220344857,False
356263,6,0.785093,-0.03683599999999998,0.8250460000000001,False,0.0817223973312081,False
129087,6,0.796155,-0.03781200000000007,0.8328866666666667,False,0.06961813425540211,False
174160,6,0.80183,-0.036196000000000006,0.8374443333333333,False,0.12008367336248837,False
155560,6,0.792777,-0.03505900000000006,0.8308996666666667,False,0.1716361227576054,False
93665,6,0.786989,-0.036053,0.8259500000000001,False,0.1390209118044902,False
58485,6,0.756049,-0.05075700000000005,0.8069850000000001,True,0.3240513853995015,False
10211,6,0.790114,-0.03621300000000005,0.825635,False,0.11277046773488023,False
18889,6,0.783051,-0.037612999999999897,0.8200896666666667,False,0.0678972653594224,False
245392,6,0.78024,-0.036887,0.8163706666666667,False,0.10122983033711895,False
354005,6,0.802527,-0.03483599999999998,0.8369209999999999,False,0.18991450745092112,False
315631,6,0.734401,-0.04801300000000008,0.7819016666666667,False,0.16559712445229172,False
131813,6,0.789531,-0.037883,0.826877,False,0.04172784223403884,False
99724,6,0.776332,-0.03955299999999995,0.818885,False,0.05711890320453007,False
215535,6,0.802377,-0.036314999999999986,0.8372809999999999,False,0.10733552430878898,False
351364,6,0.774984,-0.05269100000000004,0.8217416666666667,True,0.39427326817499697,False
26633,6,0.787168,-0.042942000000000036,0.827301,True,0.14326050885347139,False
146002,6,0.777774,-0.04256000000000004,0.8179426666666667,True,0.09748797397561039,False
124118,6,0.777824,-0.04173900000000008,0.8180073333333334,False,0.07976379954687902,False
209546,6,0.788762,-0.03751199999999999,0.8261876666666667,False,0.07630582079045105,False
293540,6,0.792501,-0.037652999999999937,0.8289256666666667,False,0.04619949658093213,False
130111,6,0.782635,-0.039000000000000035,0.8205416666666666,False,0.027325109041400113,False
1701,6,0.775557,-0.04108199999999995,0.815667,False,0.09301669239434339,False
24025,6,0.734048,-0.047130000000000005,0.7807916666666667,False,0.11288935873181406,False
211694,6,0.79634,-0.03462699999999996,0.8307526666666667,False,0.19750335356786636,False
101255,6,0.801523,-0.035522000000000054,0.8360833333333333,False,0.1498979254943456,False
299391,6,0.790119,-0.03947400000000001,0.8282743333333333,False,0.038696558160617775,False
139883,6,0.798654,-0.036607999999999974,0.8341333333333333,False,0.10319367348158884,False
238555,6,0.802291,-0.03603500000000004,0.838044,False,0.12744175453982584,False
221333,6,0.775414,-0.0395319999999999,0.813969,False,0.06852084384883483,False
30741,6,0.761525,-0.040192000000000005,0.8010106666666666,False,0.01999733896270132,False
123314,6,0.779389,-0.04057299999999997,0.8185593333333333,False,0.033973361278767766,False
119325,6,0.777823,-0.03902299999999992,0.8161299999999999,False,0.03325456571419754,False
86574,6,0.783963,-0.03770300000000004,0.8200759999999999,False,0.060233686699104685,False
341911,6,0.77512,-0.039834999999999954,0.8141029999999999,False,0.06676574406331813,False
30866,6,0.789048,-0.036663,0.827873,False,0.10803030891027648,False
340723,6,0.792015,-0.036938999999999944,0.8280496666666667,False,0.07723054944000755,False
332911,6,0.786684,-0.035671999999999926,0.8218533333333333,False,0.15457095905008666,False
211089,6,0.786127,-0.037668000000000035,0.8227000000000001,False,0.05343749657892529,False
281527,6,0.79257,-0.035387999999999975,0.8316303333333334,False,0.1497229594392049,False
164419,6,0.77631,-0.038264000000000076,0.8164813333333333,False,0.07357915922772129,False
334030,6,0.772469,-0.04124400000000006,0.8127713333333334,False,0.09174421007681588,False
213058,6,0.790734,-0.03593999999999997,0.825576,False,0.1384495493159221,False
350737,6,0.791271,-0.03767700000000007,0.827747,False,0.05420054502914752,False
22780,6,0.753822,-0.044286999999999965,0.7970396666666666,False,0.0885205009005991,False
112321,6,0.797463,-0.03684799999999999,0.83338,False,0.10104990859501324,False
281168,6,0.809213,-0.035235000000000016,0.843876,False,0.13666559131280842,False
53587,6,0.781746,-0.039687999999999946,0.820774,False,0.02520071509408372,False
139041,6,0.799567,-0.03731899999999999,0.8359380000000001,False,0.08164821307939035,False
199191,6,0.78607,-0.03855399999999998,0.8233383333333334,False,0.032563878234574344,False
338428,6,0.76109,-0.03959099999999993,0.8048233333333333,False,0.048509640309024646,False
48625,6,0.785872,-0.04060399999999997,0.8249453333333333,False,0.02261390161825874,False
297458,6,0.801927,-0.034663,0.8362343333333332,False,0.1991173424819842,False
137752,6,0.783614,-0.03955999999999993,0.8217753333333334,False,0.033635957338691506,False
229734,6,0.757445,-0.04245500000000002,0.7989240000000001,False,0.06278913186542277,False
244855,6,0.76803,-0.051261,0.8147896666666666,True,0.3628028533972977,False
264979,6,0.780754,-0.040489,0.8196373333333332,False,0.04269144780205949,False
314019,6,0.766318,-0.04329599999999989,0.8080383333333333,False,0.1089120378539315,False
104633,6,0.787696,-0.046878000000000086,0.8298653333333333,True,0.23817500939286748,False
284266,6,0.770903,-0.04247400000000001,0.8119770000000001,False,0.10502252498260778,False
277317,6,0.775797,-0.03801600000000005,0.8131236666666667,False,0.07974235658441102,False
289428,6,0.767428,-0.04000999999999999,0.8120403333333334,False,0.05617161776709455,False
288255,6,0.797607,-0.03682400000000008,0.83401,False,0.09770858732383236,False
67314,6,0.791495,-0.03863800000000006,0.8289949999999999,False,0.03818096059369209,False
219794,6,0.792459,-0.03760600000000003,0.8282210000000001,False,0.04937915768205519,False
130367,6,0.78024,-0.03808999999999996,0.8174113333333333,False,0.05461697394690475,False
335544,6,0.759775,-0.043611000000000066,0.801822,False,0.0988268572610346,False
123930,6,0.747115,-0.04162600000000005,0.7882243333333333,False,0.04291862608473277,False
236708,6,0.77537,-0.040906,0.8151966666666667,False,0.07554255096997377,False
146068,6,0.794403,-0.03612700000000002,0.830359,False,0.1191849110413712,False
298673,6,0.778636,-0.03938200000000003,0.821451,False,0.029223492567354528,False
207425,6,0.798261,-0.03763799999999995,0.8346543333333333,False,0.07015608536144266,False
328962,6,0.732043,-0.04650500000000002,0.777094,False,0.07219667400961918,False
145738,6,0.774746,-0.041795999999999944,0.8156469999999999,False,0.1048831850579069,False
146341,6,0.803616,-0.036215,0.8388816666666666,False,0.10751024801344146,False
138873,6,0.736291,-0.060813999999999924,0.7910546666666667,True,0.5268343163113853,False
191182,6,0.73232,-0.05392400000000008,0.781409,True,0.33374700204041957,False
256131,6,0.797803,-0.03674099999999991,0.8337643333333333,False,0.10820392628743827,False
158606,6,0.784475,-0.039834999999999954,0.823463,False,0.017573364787685748,False
115457,6,0.793331,-0.03850600000000004,0.8306886666666666,False,0.05113501888009777,False
281875,6,0.776809,-0.04884100000000002,0.821396,True,0.29804223001310676,False
129303,6,0.782602,-0.040397000000000016,0.8217006666666666,False,0.03415180280904778,False
267138,6,0.79509,-0.037290000000000045,0.8307350000000001,False,0.07250924158130596,False
169951,6,0.791513,-0.037349999999999994,0.827966,False,0.0718238694855943,False
164722,6,0.807735,-0.03493599999999997,0.8417226666666666,False,0.17040389334052458,False
356768,6,0.747156,-0.046713000000000005,0.7924386666666666,False,0.12652286712685948,False
254496,6,0.777718,-0.041544000000000025,0.8179476666666666,False,0.0786556882529432,False
35337,6,0.763143,-0.040934000000000026,0.8024696666666666,False,0.027445662155372242,False
58369,6,0.791729,-0.035883,0.826648,False,0.12884213392137642,False
12406,6,0.797433,-0.0347360000000001,0.831689,False,0.1979649592239572,False
345496,6,0.767954,-0.03916799999999998,0.80653,False,0.0422450775547135,False
153878,6,0.773949,-0.04108999999999996,0.813714,False,0.09393899335488337,False
210325,6,0.754834,-0.052310999999999996,0.802425,True,0.355567818422866,False
125140,6,0.796559,-0.03654299999999999,0.8328116666666667,False,0.10610067939277004,False
41313,6,0.782102,-0.03859299999999999,0.8204199999999999,False,0.03403221075961719,False
255155,6,0.772,-0.039483999999999964,0.8123433333333333,False,0.07059306844237662,False
127400,6,0.789668,-0.03881199999999996,0.827464,False,0.036988610760239814,False
246777,6,0.806728,-0.03621300000000005,0.8416273333333333,False,0.10190840066904307,False
302698,6,0.766695,-0.03864000000000001,0.809529,False,0.06688855424761508,False
111754,6,0.773217,-0.03862999999999994,0.8156283333333333,False,0.08512881812901195,False
20302,6,0.80145,-0.03621099999999999,0.8367080000000001,False,0.10781319099183247,False
284802,6,0.7692,-0.04452800000000001,0.8115523333333333,True,0.17585011068417264,False
305939,6,0.78706,-0.046599999999999975,0.829722,True,0.22590652158087202,False
163429,6,0.793524,-0.036978999999999984,0.829106,False,0.08250378288496973,False
278058,6,0.782288,-0.04042000000000001,0.8216893333333334,False,0.03415180280904778,False
221571,6,0.780952,-0.04044800000000004,0.8203043333333334,False,0.03541012210779365,False
78147,6,0.802504,-0.035522000000000054,0.8376053333333333,False,0.1528785424149488,False
173617,6,0.796555,-0.036619999999999986,0.832537,False,0.10610067939277004,False
138685,6,0.771398,-0.040702999999999934,0.8115673333333334,False,0.07068122442749183,False
290414,6,0.753071,-0.04286099999999993,0.79831,False,0.07412336492893828,False
358375,6,0.767408,-0.040661999999999976,0.80746,False,0.034588596843602167,False
35631,6,0.789917,-0.03863400000000006,0.827455,False,0.03959515314719332,False
337039,6,0.808289,-0.03501899999999991,0.8425856666666668,False,0.17040389334052458,False
267075,6,0.790034,-0.03953300000000004,0.8281623333333333,False,0.045162982298051754,False
29821,6,0.794295,-0.03680499999999998,0.829764,False,0.08188822663073415,False
294318,6,0.775143,-0.038049,0.8125886666666666,False,0.09717174691957557,False
39523,6,0.80306,-0.036448999999999954,0.8386573333333334,False,0.09850503232574481,False
77643,6,0.800994,-0.038124999999999964,0.837936,False,0.0693394270026559,False
237717,6,0.795176,-0.035636,0.8295013333333333,False,0.13512771754666442,False
5069,6,0.789209,-0.03796299999999997,0.826184,False,0.05367598093248919,False
11028,6,0.791674,-0.03893599999999997,0.8306866666666667,False,0.04298489896690077,False
303657,6,0.761603,-0.050455999999999945,0.8071013333333333,True,0.30916539140120886,False
311699,6,0.785226,-0.04112800000000005,0.8249369999999999,False,0.05922698163625753,False
242357,6,0.761092,-0.04376199999999997,0.8039683333333333,False,0.0930012364622395,False
120646,6,0.786554,-0.04398100000000005,0.8270513333333334,True,0.15402174213740283,False
312417,6,0.778864,-0.038879,0.8163293333333334,False,0.03371742518306443,False
224622,6,0.765043,-0.04246699999999992,0.8072116666666668,False,0.06660600678983171,False
357412,6,0.801849,-0.037567999999999935,0.8382666666666667,False,0.07408544966264993,False
198943,6,0.784789,-0.04021000000000008,0.8237713333333333,False,0.017990393349724385,False
252370,6,0.794147,-0.037820999999999994,0.8307676666666667,False,0.059147327529004264,False
332523,6,0.78518,-0.03843399999999997,0.8224606666666666,False,0.028900792313383473,False
145060,6,0.775839,-0.03904400000000008,0.8171529999999999,False,0.05666460009131533,False
37435,6,0.77727,-0.039729000000000014,0.8158633333333333,False,0.04190270373265907,False
282713,6,0.802714,-0.036327,0.8380826666666668,False,0.10733552430878898,False
289239,6,0.783471,-0.050449999999999995,0.8282556666666667,True,0.3238191292721974,False
360446,6,0.793413,-0.03824799999999995,0.8304916666666666,False,0.048242033198112516,False
189600,6,0.763422,-0.042013999999999996,0.8070543333333333,False,0.04771675750458717,False
299,6,0.790546,-0.03889500000000001,0.8281213333333333,False,0.03275418723892635,False
225332,6,0.7866,-0.03873100000000007,0.8247556666666668,False,0.03787310845198794,False
31778,6,0.789037,-0.03904300000000005,0.8272483333333334,False,0.045140165520190706,False
60517,6,0.779414,-0.0399449999999999,0.8187026666666667,False,0.029785241882009483,False
58654,6,0.807525,-0.035348999999999964,0.8423063333333333,False,0.14850287704006274,False
153709,6,0.797584,-0.03746400000000005,0.8344013333333334,False,0.08515273426318089,False
339757,6,0.790161,-0.03603999999999996,0.8259246666666668,False,0.13745271977139906,False
336321,6,0.77728,-0.04206700000000008,0.817816,False,0.08478447571424956,False
308512,6,0.797051,-0.038033000000000095,0.8336476666666667,False,0.0733607691102958,False
210260,6,0.788915,-0.04000099999999995,0.8270689999999999,False,0.043445187493744944,False
50819,6,0.795146,-0.03770299999999993,0.8322756666666667,False,0.06104516851496719,False
37149,6,0.788407,-0.03696300000000008,0.8272933333333333,False,0.10070566733128639,False
161225,6,0.787417,-0.03656399999999993,0.8272273333333334,False,0.10190898288270954,False
362293,6,0.801039,-0.036363000000000034,0.8363773333333334,False,0.0995693980312003,False
178389,6,0.733446,-0.04462699999999997,0.77684,False,0.020117190956137978,False
221208,6,0.752539,-0.04561700000000002,0.7969153333333333,False,0.1220660555881653,False
41291,6,0.774836,-0.03946800000000006,0.8133073333333334,False,0.07159343753003877,False
365214,6,0.786001,-0.0443110000000001,0.8274553333333333,True,0.15996656930516007,False
333281,6,0.797582,-0.036567000000000016,0.8328546666666666,False,0.10654352307392671,False
7737,6,0.764339,-0.03929300000000002,0.8027806666666667,False,0.05009014374602429,False
329588,6,0.767081,-0.04277200000000003,0.8088956666666668,False,0.08942016860768381,False
317105,6,0.76178,-0.04495799999999994,0.805476,False,0.11529657136246123,False
361689,6,0.764391,-0.04982399999999998,0.809772,True,0.2882757762994497,False
281131,6,0.765539,-0.04235699999999998,0.8064583333333334,False,0.05989964777375624,False
343638,6,0.78483,-0.039456999999999964,0.8233603333333334,False,0.015594714972860997,False
189790,6,0.79457,-0.03757299999999997,0.8310313333333333,False,0.06387054011795362,False
340726,6,0.751257,-0.045434000000000085,0.7957663333333334,False,0.10946022685432749,False
72525,6,0.796616,-0.03666500000000006,0.8323366666666666,False,0.10793250215123813,False
65444,6,0.807217,-0.034833,0.8413506666666667,False,0.18378518463481394,False
319360,6,0.78536,-0.03797800000000007,0.8224983333333333,False,0.030358750372145568,False
358935,6,0.776926,-0.04123999999999994,0.8170926666666666,False,0.07901824563990144,False
100448,6,0.791652,-0.03820000000000001,0.8282703333333333,False,0.03939970040016769,False
222075,6,0.787154,-0.040263999999999966,0.8260713333333333,False,0.04327425563124771,False
69369,6,0.791696,-0.03764600000000007,0.8281033333333333,False,0.05692078142232508,False
151722,6,0.748322,-0.04330299999999998,0.7907233333333333,False,0.06072834169112752,False
38033,6,0.781657,-0.04040499999999991,0.8211080000000001,False,0.03415180280904778,False
128351,6,0.779776,-0.041622999999999966,0.8205243333333333,False,0.07607392941867341,False
342871,6,0.785153,-0.037995,0.822072,False,0.03363875752491935,False
13912,6,0.761793,-0.04518699999999998,0.8052199999999999,False,0.11529657136246123,False
351129,6,0.779014,-0.04869200000000007,0.8228616666666667,True,0.2927597702808611,False
297365,6,0.782411,-0.03856599999999999,0.8197876666666666,False,0.05192975625226094,False
240570,6,0.777953,-0.04025500000000004,0.8172916666666667,False,0.0343396554805728,False
86317,6,0.790753,-0.03888999999999998,0.8281333333333333,False,0.03192297626975904,False
99561,6,0.793306,-0.03863900000000009,0.830991,False,0.047018138895669546,False
261740,6,0.764887,-0.04079299999999997,0.8047326666666667,False,0.023446694308952125,False
29971,6,0.799767,-0.036825,0.8362546666666667,False,0.09593684272542574,False
4101,6,0.79147,-0.037858999999999976,0.8289043333333334,False,0.041936951771375,False
176472,6,0.781577,-0.038210999999999995,0.819054,False,0.04943089740713885,False
85669,6,0.781796,-0.0380879999999999,0.819711,False,0.051980322534746694,False
128393,6,0.800951,-0.03695700000000002,0.8372936666666666,False,0.09843014533613809,False
24702,6,0.74507,-0.051621999999999946,0.7958476666666666,True,0.3022257622906714,False
350152,6,0.80855,-0.035694000000000004,0.8424793333333334,False,0.13292123024273036,False
235514,6,0.803038,-0.03531899999999999,0.83781,False,0.1542259458828608,False
213078,6,0.792554,-0.03770000000000007,0.8295583333333334,False,0.043493093857373794,False
285706,6,0.791193,-0.037740999999999914,0.828123,False,0.054317710431666645,False
360795,6,0.794153,-0.03706200000000004,0.8302153333333333,False,0.09161335049291076,False
105461,6,0.786393,-0.03824099999999997,0.8233026666666667,False,0.03290641180272872,False
266248,6,0.774935,-0.042107000000000006,0.81575,False,0.09889199336187281,False
195779,6,0.786242,-0.03946000000000005,0.8245566666666667,False,0.024899106795920244,False
84715,6,0.775455,-0.037905999999999995,0.8148703333333334,False,0.08659185733547271,False
131659,6,0.777758,-0.03916400000000009,0.815975,False,0.02751391191135813,False
367955,6,0.778553,-0.03883499999999995,0.8164266666666666,False,0.033181965593184044,False
170017,6,0.771785,-0.041834999999999956,0.8126546666666666,False,0.10170423449393533,False
225994,6,0.757432,-0.04132800000000003,0.8019846666666667,False,0.06675024548646333,False
266161,6,0.763637,-0.056698999999999944,0.8137233333333334,True,0.4862509782333747,False
83876,6,0.769801,-0.04037400000000002,0.8093333333333333,False,0.05687729217119679,False
29327,6,0.780576,-0.03963799999999995,0.818793,False,0.03721676059687592,False
247815,6,0.802398,-0.03641700000000003,0.837584,False,0.10167332652893972,False
149552,6,0.777081,-0.039503999999999984,0.8155436666666667,False,0.04462307481419236,False
68617,6,0.79208,-0.03724899999999998,0.828787,False,0.07212180464173022,False
65934,6,0.786405,-0.045215000000000005,0.8274013333333334,True,0.17580952976010428,False
289682,6,0.796206,-0.03761300000000001,0.832735,False,0.07436478066639585,False
353036,6,0.775356,-0.040158999999999945,0.8138273333333333,False,0.05303003008874305,False
36396,6,0.806595,-0.0347090000000001,0.8408706666666667,False,0.19350308012790646,False
138966,6,0.789298,-0.03936099999999998,0.827242,False,0.045945675504230205,False
63441,6,0.770141,-0.04024700000000003,0.809535,False,0.04817041289615007,False
129973,6,0.752427,-0.03992400000000007,0.7915559999999999,False,0.06275288938838386,False
185429,6,0.800913,-0.03663899999999998,0.8361596666666666,False,0.10107115746154677,False
308443,6,0.799944,-0.03738600000000003,0.8357793333333333,False,0.07918674140142194,False
227942,6,0.801552,-0.03645799999999999,0.8367760000000001,False,0.09880671161414091,False
117806,6,0.777781,-0.04113200000000006,0.8177783333333334,False,0.06910490862386998,False
319275,6,0.78117,-0.040011999999999937,0.82044,False,0.02365738469792869,False
146037,6,0.759402,-0.039376999999999995,0.8014873333333333,False,0.06623822900325367,False
324282,6,0.781646,-0.03991100000000003,0.8206116666666666,False,0.022253971773366955,False
112065,6,0.795938,-0.035645999999999955,0.8305176666666667,False,0.14913668562970706,False
51332,6,0.780876,-0.04966499999999996,0.8256213333333333,True,0.29568038359192383,False
262451,6,0.777522,-0.04171999999999998,0.8179666666666666,False,0.09073635889994751,False
338784,6,0.793257,-0.03907499999999997,0.8308589999999999,False,0.04333548137562528,False
185753,6,0.771406,-0.04059999999999997,0.8114753333333334,False,0.06907437979591713,False
351224,6,0.787815,-0.039297999999999944,0.826419,False,0.04348199638544952,False
36066,6,0.751555,-0.04146300000000003,0.7919459999999999,False,0.05456830924876042,False
318029,6,0.783398,-0.039972999999999925,0.8220783333333334,False,0.023407841966921594,False
126286,6,0.801491,-0.037549000000000055,0.8378926666666667,False,0.07408544966264993,False
112886,6,0.769829,-0.042669999999999986,0.8117133333333334,False,0.12350931263683534,False
296341,6,0.766801,-0.040816000000000074,0.8064386666666667,False,0.03488003010998473,False
68587,6,0.792333,-0.037840000000000096,0.8289103333333333,False,0.04052117532485246,False
81030,6,0.779846,-0.048404,0.8231233333333333,True,0.2824175615925292,False
147721,6,0.805688,-0.035449000000000064,0.8402820000000001,False,0.1453637708597391,False
42982,6,0.784368,-0.040098999999999996,0.8239239999999999,False,0.020090485949693,False
37220,6,0.803255,-0.03626099999999999,0.8384946666666666,False,0.10751024801344146,False
222077,6,0.77288,-0.04112899999999997,0.812426,False,0.09539092379533555,False
368857,6,0.750099,-0.058116000000000057,0.8033066666666667,True,0.46989264080988846,False
290049,6,0.79069,-0.03635299999999997,0.8262,False,0.10881108415463576,False
120031,6,0.786009,-0.040246000000000004,0.8248729999999999,False,0.027338850681874634,False
182981,6,0.785539,-0.037932999999999995,0.8222686666666666,False,0.03363875752491935,False
190306,6,0.787486,-0.038494999999999946,0.8241160000000001,False,0.04593049341924644,False
3407,6,0.768496,-0.04783100000000007,0.8146943333333333,True,0.28414796321566205,False
282746,6,0.778459,-0.04066599999999998,0.8177936666666668,False,0.035553605945357,False
145852,6,0.788639,-0.03944700000000001,0.8268536666666666,False,0.041317530035487215,False
73495,6,0.787553,-0.03745900000000002,0.8242423333333333,False,0.081724528091921,False
373790,6,0.792591,-0.039370999999999934,0.830496,False,0.049167249481719986,False
130825,6,0.808183,-0.03616900000000001,0.8428813333333333,False,0.1141453254535392,False
291382,6,0.783089,-0.04063099999999997,0.8227313333333334,False,0.024312646555774718,False
15622,6,0.742986,-0.044233999999999996,0.7861256666666666,False,0.022515252209837987,False
36287,6,0.786549,-0.036971999999999894,0.8266023333333333,False,0.08537471037088983,False
16663,6,0.78051,-0.039847999999999995,0.819258,False,0.033885945601169344,False
96200,6,0.792505,-0.037282999999999955,0.8290926666666666,False,0.0660857315689324,False
26522,6,0.783638,-0.03694200000000003,0.8196823333333333,False,0.1039434694908693,False
48390,6,0.800396,-0.03665600000000002,0.8363853333333333,False,0.10221540403192159,False
58650,6,0.78785,-0.038661999999999974,0.825667,False,0.05328461999249722,False
49453,6,0.783728,-0.03988199999999997,0.8221696666666666,False,0.027495979248369416,False
85277,6,0.764335,-0.041140000000000065,0.804287,False,0.04740331651341925,False
221777,6,0.792675,-0.03829300000000002,0.8297863333333334,False,0.042147718265530654,False
60058,6,0.749323,-0.04405400000000004,0.7914083333333334,False,0.06674914234713042,False
194081,6,0.778499,-0.037528999999999924,0.8195290000000001,False,0.07603076903357206,False
53736,6,0.769476,-0.040714999999999946,0.8097663333333335,False,0.049392413579330295,False
231649,6,0.802382,-0.03635299999999997,0.8376816666666667,False,0.10733552430878898,False
367671,6,0.788173,-0.036858999999999975,0.8234936666666667,False,0.09633192694804685,False
39449,6,0.781188,-0.039991,0.8203946666666667,False,0.02365738469792869,False
187595,6,0.779439,-0.03962399999999999,0.8179496666666667,False,0.03863030056511421,False
137340,6,0.772582,-0.04207300000000003,0.8135266666666666,False,0.0969079575624661,False
57487,6,0.756635,-0.043333000000000066,0.7996629999999999,False,0.09934846634724935,False
239717,6,0.79206,-0.03720599999999996,0.8283326666666667,False,0.07242833320133284,False
73206,6,0.792076,-0.03869299999999998,0.829757,False,0.040927376546151695,False
356664,6,0.802764,-0.03462399999999999,0.8367420000000001,False,0.20064045923322393,False
198461,6,0.769848,-0.03959900000000005,0.8086966666666666,False,0.060902664573870856,False
54309,6,0.768887,-0.04062200000000005,0.8080916666666668,False,0.043511799900224864,False
241331,6,0.787939,-0.03627400000000003,0.8278443333333333,False,0.11821469004114747,False
69445,6,0.790291,-0.039463000000000026,0.8282266666666667,False,0.038696558160617775,False
266171,6,0.781957,-0.048092000000000024,0.8253826666666667,True,0.27628805412815877,False
26289,6,0.779154,-0.041484999999999994,0.819184,False,0.07490500536237259,False
80132,6,0.747251,-0.05894900000000003,0.7993016666666667,True,0.49509729001997593,False
3770,6,0.776978,-0.04094400000000009,0.8171126666666666,False,0.07520866436575709,False
107090,6,0.781034,-0.039861000000000035,0.8194503333333333,False,0.032475614512909,False
97425,6,0.750366,-0.039370000000000016,0.794432,False,0.07937541688452793,False
116619,6,0.795359,-0.04832499999999995,0.838491,True,0.32810118670621496,False
56117,6,0.77709,-0.052365000000000106,0.8236386666666666,True,0.37767674449196,False
240273,6,0.785426,-0.037945000000000007,0.8227236666666666,False,0.030358750372145568,False
342598,6,0.776705,-0.03941499999999998,0.8153383333333334,False,0.046335944657096756,False
237881,6,0.775731,-0.040034000000000014,0.8144999999999999,False,0.050382157623871306,False
177892,6,0.783643,-0.03943200000000002,0.8220746666666666,False,0.02720508767301166,False
44907,6,0.754698,-0.05478899999999998,0.8033433333333333,True,0.41841135132113916,False
346692,6,0.794557,-0.035773000000000055,0.8299713333333333,False,0.13970715444281429,False
282789,6,0.767137,-0.04030900000000004,0.8069206666666666,False,0.031056050522040093,False
47662,6,0.782708,-0.040132000000000057,0.8221363333333334,False,0.021003585842084494,False
325405,6,0.782464,-0.039296999999999915,0.8214363333333333,False,0.028518726742333328,False
82920,6,0.781285,-0.040278000000000036,0.820242,False,0.026791903336989137,False
81516,6,0.777872,-0.04129499999999997,0.8180716666666666,False,0.06924258535720518,False
20916,6,0.783579,-0.04039999999999999,0.8228016666666668,False,0.03328669267843478,False
49123,6,0.746029,-0.04402099999999998,0.7889463333333334,False,0.05016982195836351,False
89725,6,0.783451,-0.03788999999999998,0.820984,False,0.03933657595355871,False
201728,6,0.753636,-0.04040300000000008,0.7968510000000001,False,0.0520818742206853,False
172103,6,0.797815,-0.04142599999999996,0.8362793333333333,True,0.12140070017891026,False
141530,6,0.786254,-0.03508900000000004,0.8258986666666667,False,0.1788906766173711,False
122049,6,0.782011,-0.037578,0.8188993333333334,False,0.07459193297864875,False
229690,6,0.761281,-0.05608500000000005,0.814925,True,0.48468879083565725,False
247974,6,0.780029,-0.03989100000000001,0.8189863333333333,False,0.033885945601169344,False
30369,6,0.779177,-0.040298999999999974,0.8184480000000001,False,0.0343396554805728,False
191277,6,0.787543,-0.037495999999999974,0.8237006666666667,False,0.06996276035260272,False
306012,6,0.78281,-0.03927599999999998,0.821075,False,0.028810584945118223,False
209400,6,0.751904,-0.04236200000000001,0.7934353333333334,False,0.030224995067893213,False
31959,6,0.76369,-0.04049400000000003,0.8028993333333334,False,0.03274390990182756,False
85197,6,0.791213,-0.038361999999999896,0.8291216666666666,False,0.042147718265530654,False
117026,6,0.725793,-0.04704799999999998,0.7726153333333334,False,0.09531546856074767,False
357599,6,0.802676,-0.035986000000000073,0.8376229999999999,False,0.13482476975360205,False
193575,6,0.773178,-0.041702999999999935,0.8137213333333334,False,0.10472272072038773,False
177254,6,0.774557,-0.038050999999999946,0.8150706666666667,False,0.09717174691957557,False
279291,6,0.772862,-0.04156599999999999,0.8133123333333333,False,0.10068764943000927,False
347011,6,0.782571,-0.038582000000000005,0.824013,False,0.038706407808081475,False
55789,6,0.803355,-0.03597299999999992,0.8387973333333333,False,0.13303964245187017,False
277408,6,0.791078,-0.03853700000000004,0.8286836666666666,False,0.04228050211904371,False
140373,6,0.783795,-0.04033999999999993,0.822966,False,0.03328669267843478,False
240870,6,0.773143,-0.041973999999999956,0.8140633333333334,False,0.1002480339985549,False
188208,6,0.769353,-0.04205200000000009,0.8109943333333334,False,0.09025915228243675,False
120087,6,0.785613,-0.040569999999999995,0.824424,False,0.02046165179173527,False
312690,6,0.781155,-0.03971899999999995,0.8195906666666667,False,0.032589748679583606,False
207505,6,0.77871,-0.038390000000000035,0.8201413333333334,False,0.044638653704763664,False
80131,6,0.796218,-0.03725299999999998,0.8325456666666667,False,0.09127006370079943,False
114137,6,0.7849,-0.03820799999999991,0.822775,False,0.02924272376451433,False
139893,6,0.801796,-0.03669100000000003,0.8370899999999999,False,0.1055305551390058,False
204693,6,0.778967,-0.03962700000000008,0.8176216666666667,False,0.03863030056511421,False
332547,6,0.788522,-0.03930300000000009,0.8267493333333333,False,0.04348199638544952,False
82540,6,0.789242,-0.036579999999999946,0.8260019999999999,False,0.11001667048704948,False
38409,6,0.776884,-0.03815899999999994,0.814514,False,0.06979489247972148,False
124782,6,0.790554,-0.03908900000000004,0.8289553333333334,False,0.031524668012778735,False
51599,6,0.798584,-0.03697500000000009,0.8345993333333332,False,0.10123949636012525,False
302100,6,0.794777,-0.035216000000000025,0.8293853333333333,False,0.15792887879890868,False
184101,6,0.78948,-0.03777600000000003,0.8267369999999999,False,0.04172784223403884,False
303520,6,0.789737,-0.038117999999999985,0.8267153333333334,False,0.04172784223403884,False
33568,6,0.796971,-0.036382000000000025,0.832821,False,0.10364806485713669,False
334993,6,0.770329,-0.049348999999999976,0.815678,True,0.29276887599356405,False
216161,6,0.784253,-0.039206000000000074,0.822416,False,0.01623365660832887,False
48896,6,0.802603,-0.035905999999999993,0.8380559999999999,False,0.14393501425858302,False
292002,6,0.796137,-0.036107,0.8318233333333334,False,0.12020372234648634,False
306491,6,0.796243,-0.038188,0.8330000000000001,False,0.06991575988363347,False
6019,6,0.787754,-0.038219,0.8247963333333334,False,0.04598091546621856,False
73158,6,0.779334,-0.03833200000000003,0.8167773333333334,False,0.05206435288510689,False
264951,6,0.775202,-0.040103,0.8164536666666665,False,0.0628249842450555,False
347806,6,0.773597,-0.04760500000000001,0.8171539999999999,True,0.2686288517364705,False
199295,6,0.757447,-0.05610500000000007,0.8079096666666666,True,0.5014705972426055,False
249974,6,0.794699,-0.03845699999999996,0.8320270000000001,False,0.06567214691165209,False
1130,6,0.781742,-0.04101599999999994,0.8212060000000001,False,0.06015733348135933,False
138091,6,0.789266,-0.038814000000000015,0.8267496666666667,False,0.040650898201510896,False
324734,6,0.790313,-0.037414999999999976,0.8269383333333334,False,0.06735124994226004,False
14470,6,0.791944,-0.03713600000000006,0.8283866666666667,False,0.07693189748106515,False
254615,6,0.805961,-0.03478700000000001,0.8397546666666668,False,0.20106619280063354,False
371112,6,0.794472,-0.03855900000000001,0.8317676666666666,False,0.05949370251183266,False
52418,6,0.795998,-0.03598900000000005,0.831897,False,0.13472621655159567,False
156960,6,0.774934,-0.05617899999999998,0.8242363333333333,True,0.4675434242812409,False
139042,6,0.789804,-0.03905600000000009,0.8273739999999999,False,0.038708302357144314,False
346047,6,0.786199,-0.038012000000000046,0.8262023333333334,False,0.043386060920988866,False
111477,6,0.796208,-0.03778999999999999,0.8332993333333333,False,0.07105360396749248,False
369972,6,0.800507,-0.035870999999999986,0.8354686666666667,False,0.14456847483482735,False
21930,6,0.789024,-0.03840100000000002,0.826937,False,0.05159186817465037,False
352159,6,0.77609,-0.0403150000000001,0.8171773333333334,False,0.05633539591709756,False
111043,6,0.786182,-0.03906199999999993,0.824094,False,0.021034741671891025,False
145684,6,0.78352,-0.03867900000000002,0.8207089999999999,False,0.03503951612768129,False
282579,6,0.797983,-0.037819999999999965,0.8346443333333333,False,0.06862763330488227,False
70407,6,0.792975,-0.03810400000000003,0.8295159999999999,False,0.04468830460265023,False
316526,6,0.790307,-0.037964,0.8274189999999999,False,0.041936951771375,False
83707,6,0.778204,-0.039641999999999955,0.8167103333333333,False,0.03721676059687592,False
138403,6,0.782995,-0.03928900000000002,0.8216103333333334,False,0.031795834625097046,False
53893,6,0.759347,-0.039219000000000004,0.8020836666666668,False,0.05493063172244784,False
193738,6,0.78947,-0.03919399999999995,0.8277646666666666,False,0.03683264395100489,False
178349,6,0.760056,-0.04474800000000001,0.8032686666666665,False,0.11722365111702636,False
56673,6,0.797979,-0.03810400000000003,0.8347923333333332,False,0.06862763330488227,False
281137,6,0.803365,-0.03781699999999999,0.839695,False,0.08038793212881977,False
295170,6,0.795881,-0.0369250000000001,0.831677,False,0.08499078930545807,False
106743,6,0.76708,-0.03853799999999996,0.804428,False,0.08516074688160899,False
336048,6,0.749601,-0.04635800000000001,0.794871,False,0.12113408360927204,False
290048,6,0.801253,-0.03647599999999995,0.8369533333333333,False,0.09880671161414091,False
232328,6,0.788554,-0.03826499999999999,0.8251909999999999,False,0.04598091546621856,False
136716,6,0.788662,-0.03859000000000001,0.8263976666666667,False,0.047474093611442766,False
142788,6,0.804803,-0.03556499999999996,0.8394376666666666,False,0.149960760600643,False
183321,6,0.785804,-0.03912900000000008,0.8237646666666666,False,0.011051226279342977,False
35924,6,0.789026,-0.03883800000000004,0.826816,False,0.040650898201510896,False
139258,6,0.787517,-0.036972000000000005,0.8238903333333334,False,0.09924001076167117,False
110140,6,0.787712,-0.038744,0.8258633333333334,False,0.05538756106124433,False
345899,6,0.794722,-0.04063699999999992,0.8323396666666666,True,0.07582626337602828,False
42001,6,0.792734,-0.03870399999999996,0.8303696666666666,False,0.047018138895669546,False
258744,6,0.787466,-0.03921399999999997,0.8252943333333334,False,0.0293459297399557,False
330879,6,0.800207,-0.03725500000000004,0.8363103333333334,False,0.0860344563190509,False
367696,6,0.735542,-0.04358799999999996,0.7817556666666666,False,0.03350155729318177,False
149415,6,0.80378,-0.035673999999999984,0.8388753333333333,False,0.14892713354763223,False
198691,6,0.773343,-0.039451000000000014,0.8122693333333334,False,0.07159343753003877,False
36466,6,0.793564,-0.038767999999999914,0.8308086666666666,False,0.05242873021118848,False
81158,6,0.806485,-0.035506999999999955,0.8411886666666666,False,0.1453637708597391,False
104248,6,0.779028,-0.0407519999999999,0.818337,False,0.042209676073660794,False
99829,6,0.773646,-0.04162700000000008,0.8144253333333333,False,0.10588585699977004,False
110615,6,0.779592,-0.049967000000000095,0.8239196666666667,True,0.3084465519815275,False
157284,6,0.768317,-0.04086899999999993,0.8080326666666666,False,0.05300877192280472,False
138656,6,0.787424,-0.03731899999999999,0.824151,False,0.07748376541935557,False
94036,6,0.74708,-0.04351700000000003,0.7895186666666666,False,0.06219713148929442,False
274088,6,0.783146,-0.039547,0.8209943333333333,False,0.033635957338691506,False
215856,6,0.778263,-0.041381,0.8182673333333333,False,0.07490500536237259,False
263638,6,0.784435,-0.039934000000000025,0.8234216666666666,False,0.013504741210955802,False
130970,6,0.778977,-0.040412000000000003,0.8182136666666667,False,0.04298917612998105,False
308944,6,0.733419,-0.047646999999999995,0.7795236666666666,False,0.13779294878320825,False
344652,6,0.785057,-0.03895099999999996,0.823268,False,0.01658183756312871,False
327837,6,0.78403,-0.03978400000000004,0.8226756666666667,False,0.025912262027840156,False
285929,6,0.774886,-0.04084700000000008,0.81496,False,0.07842248412697354,False
128075,6,0.779916,-0.040158999999999945,0.8188113333333332,False,0.029785241882009483,False
62855,6,0.775635,-0.04113500000000003,0.8159013333333333,False,0.08789341187638117,False
209186,6,0.798197,-0.038640999999999925,0.8349616666666666,False,0.06625597461040841,False
349665,6,0.801296,-0.037858999999999976,0.838369,False,0.0693394270026559,False
110430,6,0.784954,-0.03771499999999994,0.821824,False,0.05157071238402934,False
66818,6,0.787815,-0.039026000000000005,0.8256443333333333,False,0.04651559630860028,False
286046,6,0.777918,-0.04704200000000003,0.821686,True,0.21358185376237154,False
156471,6,0.785768,-0.038653999999999966,0.8230783333333332,False,0.02482745024726682,False
173239,6,0.78905,-0.039290999999999965,0.8268416666666667,False,0.04348199638544952,False
196038,6,0.778521,-0.040849000000000024,0.818441,False,0.04868696975574898,False
305402,6,0.804618,-0.03705899999999995,0.8406093333333334,False,0.10297380371380499,False
200562,6,0.788657,-0.03678799999999993,0.8274856666666667,False,0.10024412422625031,False
200078,6,0.801845,-0.03615999999999997,0.8373563333333333,False,0.12008367336248837,False
16829,6,0.787141,-0.037741000000000025,0.82458,False,0.057042252848196216,False
179768,6,0.790691,-0.037654999999999994,0.8273630000000001,False,0.05692078142232508,False
290771,6,0.79968,-0.034957000000000016,0.8333446666666666,False,0.18036287804792006,False
121981,6,0.774108,-0.037602000000000024,0.8111556666666667,False,0.11937325721129163,False
254798,6,0.767096,-0.04169400000000001,0.8076556666666667,False,0.06935418541136551,False
165388,6,0.746957,-0.042174000000000045,0.7877190000000001,False,0.022242034312768173,False
311969,6,0.803053,-0.03576199999999996,0.8378636666666667,False,0.14214244779019342,False
41833,6,0.769874,-0.039178000000000046,0.8101906666666666,False,0.055065870328708084,False
221187,6,0.79709,-0.03769699999999998,0.8338456666666666,False,0.07214920825549458,False
119484,6,0.775179,-0.0460290000000001,0.8178643333333334,True,0.2197544263588154,False
115574,6,0.799112,-0.036407999999999996,0.8347753333333333,False,0.10095067994120302,False
309588,6,0.773826,-0.04173099999999996,0.8141123333333334,False,0.10472272072038773,False
208910,6,0.754533,-0.03945299999999996,0.797686,False,0.08113606526991625,False
16469,6,0.783674,-0.03869200000000006,0.821778,False,0.03519263518776241,False
4883,6,0.764496,-0.041708999999999996,0.8052276666666667,False,0.05894752743370712,False
87194,6,0.77334,-0.04132899999999995,0.8131233333333334,False,0.09553030726532143,False
186264,6,0.750934,-0.052337999999999996,0.7986283333333333,True,0.317490969412614,False
109842,6,0.763598,-0.043179999999999996,0.8057383333333333,False,0.09561990059453106,False
20836,6,0.809917,-0.03479399999999999,0.8438783333333334,False,0.18390890169186797,False
60472,6,0.789291,-0.035833000000000004,0.824395,False,0.143116239995759,False
256170,6,0.776319,-0.04205599999999998,0.8170383333333332,False,0.0893748193604393,False
249184,6,0.776054,-0.04122899999999996,0.8163003333333334,False,0.08756135126889064,False
320695,6,0.774892,-0.03934899999999997,0.815149,False,0.07303024415751166,False
352157,6,0.777532,-0.03952800000000001,0.8157743333333333,False,0.04149516799248976,False
100814,6,0.738097,-0.04644499999999996,0.78381,False,0.06535491157536236,False
115141,6,0.777651,-0.040922000000000014,0.817475,False,0.05468582322823546,False
164981,6,0.791159,-0.038802,0.8288006666666666,False,0.0360379688096788,False
30662,6,0.776347,-0.04027400000000003,0.8158576666666667,False,0.04852383624292905,False
283423,6,0.775208,-0.039403999999999995,0.8133339999999999,False,0.07159343753003877,False
335243,6,0.782265,-0.04013100000000003,0.8217530000000001,False,0.021003585842084494,False
276653,6,0.767102,-0.04252800000000001,0.8089693333333333,False,0.08429688161693925,False
174879,6,0.802639,-0.03744500000000006,0.8387910000000001,False,0.0858700764819324,False
34701,6,0.719597,-0.05207600000000001,0.7703873333333333,False,0.29884892275206926,False
139973,6,0.798577,-0.03718200000000005,0.8347436666666667,False,0.09668449462365859,False
1858,6,0.790778,-0.03573599999999999,0.8257133333333333,False,0.1475748993762517,False
354785,6,0.75532,-0.045096000000000025,0.7992513333333333,False,0.12233699147162065,False
144194,6,0.717967,-0.05058600000000002,0.7679316666666667,False,0.21949428704208726,False
161616,7,0.746713,-0.04122900000000007,0.7872953333333333,False,0.03796198961096161,False
221846,7,0.757112,-0.051543000000000005,0.8030826666666666,True,0.3667443402722583,False
84698,7,0.75974,-0.038476000000000066,0.7975286666666667,False,0.09990242697692908,False
114629,7,0.720212,-0.043341000000000074,0.7633733333333333,False,0.021919152198878893,False
83465,7,0.744816,-0.04289299999999996,0.7863543333333333,False,0.033347760919838904,False
369398,7,0.737545,-0.04306500000000002,0.7794646666666667,False,0.023389535768357707,False
13112,7,0.729491,-0.043757999999999964,0.7724639999999999,False,0.024901662965340545,False
235202,7,0.761742,-0.038773999999999975,0.799011,False,0.07277849614248134,False
104286,7,0.7413,-0.03952200000000006,0.7825253333333334,False,0.07461138952756209,False
224231,7,0.765449,-0.039688999999999974,0.8039166666666667,False,0.02496521656506586,False
12995,7,0.730582,-0.05580000000000007,0.7802703333333333,True,0.4094987045465087,False
74905,7,0.716269,-0.04785299999999992,0.7624666666666666,False,0.15108470098875304,False
294254,7,0.696202,-0.04693400000000003,0.7420553333333334,False,0.09229651691351796,False
265229,7,0.753692,-0.038938999999999946,0.7914013333333333,False,0.10084401726614695,False
366026,7,0.685917,-0.05120000000000002,0.7365866666666667,False,0.23566327549916521,False
269565,7,0.739175,-0.04171400000000003,0.7798873333333334,False,0.039836388553600076,False
242550,7,0.762291,-0.039767,0.8006613333333333,False,0.018717421519656045,False
82704,7,0.739806,-0.041035000000000044,0.7802513333333333,False,0.04335073147526886,False
213416,7,0.743573,-0.04182699999999995,0.7845083333333333,False,0.03059885122045155,False
45580,7,0.706482,-0.04749199999999998,0.7529183333333332,False,0.11289956576107407,False
280043,7,0.700013,-0.04628299999999996,0.7464333333333334,False,0.07292046239372534,False
50707,7,0.665712,-0.053274000000000044,0.7174649999999999,False,0.2290245343361329,False
28401,7,0.753921,-0.03961200000000009,0.7923939999999999,False,0.07536890235093444,False
33306,7,0.705484,-0.061755000000000004,0.7609403333333334,True,0.5842273890520036,False
23114,7,0.723362,-0.04388800000000004,0.7662203333333334,False,0.020678620083358867,False
114987,7,0.738209,-0.04452299999999998,0.7813166666666667,False,0.019676784770672806,False
325666,7,0.766479,-0.03765699999999994,0.8035633333333333,False,0.10345394967687527,False
92826,7,0.746069,-0.04064699999999999,0.7884576666666666,False,0.04479873001779088,False
165868,7,0.73905,-0.043018,0.7811153333333333,False,0.024793717259949895,False
306277,7,0.748234,-0.03969100000000003,0.787437,False,0.059703354999477945,False
219949,7,0.696937,-0.055447000000000024,0.7483723333333333,True,0.38743467730591974,False
81499,7,0.747393,-0.04153300000000004,0.7879446666666666,False,0.04211697403412403,False
278463,7,0.753933,-0.041067000000000076,0.7940906666666666,False,0.052675623415075326,False
180331,7,0.687948,-0.06114799999999998,0.7436753333333334,True,0.545276983365356,False
294076,7,0.756261,-0.041286000000000045,0.7962233333333333,False,0.04974372370030248,False
160007,7,0.735905,-0.04254099999999994,0.777288,False,0.030098347837544167,False
288528,7,0.735401,-0.04347000000000001,0.7772926666666667,False,0.023375198264928062,False
125541,7,0.743725,-0.042717000000000005,0.785298,False,0.027010434960769183,False
271358,7,0.741471,-0.04276100000000005,0.7830316666666667,False,0.02716818159694672,False
165767,7,0.733677,-0.05093199999999998,0.7802633333333334,True,0.23439000014113545,False
52953,7,0.714528,-0.04794199999999993,0.7609796666666666,False,0.15385544111233135,False
57288,7,0.75028,-0.039384000000000086,0.7881966666666665,False,0.09591767493403495,False
116876,7,0.731808,-0.04001100000000002,0.7706496666666668,False,0.07484398284852324,False
356263,7,0.744436,-0.040657000000000054,0.7838193333333333,False,0.04409708761575504,False
129087,7,0.755414,-0.040740999999999916,0.7951786666666667,False,0.03588068539876961,False
174160,7,0.764165,-0.03766500000000006,0.8013403333333334,False,0.0888942272700903,False
155560,7,0.755385,-0.03739199999999998,0.7919993333333334,False,0.14538472825921395,False
93665,7,0.74905,-0.037939000000000056,0.7863603333333334,False,0.11461231404124399,False
58485,7,0.711629,-0.044420000000000015,0.7581613333333334,False,0.025141206371876737,False
10211,7,0.750152,-0.03996199999999994,0.7888643333333333,False,0.05661671474884199,False
18889,7,0.743412,-0.03963900000000009,0.7823756666666667,False,0.05800549353257805,False
245392,7,0.738975,-0.041264999999999996,0.7787806666666667,False,0.05093190169325316,False
354005,7,0.763173,-0.039354,0.801021,False,0.047398387916834005,False
315631,7,0.68253,-0.051871,0.7331150000000001,False,0.2680747583000995,False
131813,7,0.749451,-0.040080000000000005,0.7887986666666666,False,0.05715819423317398,False
99724,7,0.737213,-0.039119000000000015,0.7764766666666666,False,0.091454318835173,False
215535,7,0.761378,-0.04099900000000001,0.8008156666666667,False,0.04297546675308178,False
351364,7,0.732504,-0.04247999999999996,0.7783876666666667,False,0.030353854661407085,False
26633,7,0.74738,-0.039787999999999935,0.7882193333333333,False,0.061132114237755504,False
146002,7,0.737849,-0.03992499999999999,0.7786523333333334,False,0.060107448700738864,False
124118,7,0.733824,-0.04399999999999993,0.7770703333333334,False,0.010922001696915836,False
209546,7,0.74652,-0.042242,0.7871853333333333,False,0.016637900548180953,False
293540,7,0.752891,-0.039610000000000034,0.7918486666666666,False,0.08549814738767741,False
130111,7,0.741333,-0.04130199999999995,0.7818676666666667,False,0.04161629820407608,False
1701,7,0.730934,-0.04462300000000008,0.7743766666666666,False,0.0245387787183213,False
24025,7,0.681152,-0.052896000000000054,0.732126,False,0.27137964547190735,False
211694,7,0.755943,-0.040397000000000016,0.7944166666666668,False,0.045687248053348874,False
101255,7,0.761375,-0.04014799999999996,0.7999809999999999,False,0.02286133559836075,False
299391,7,0.73656,-0.05355900000000002,0.785424,True,0.3356618661252235,False
139883,7,0.74901,-0.04964400000000002,0.7943086666666667,True,0.2245797350648335,False
238555,7,0.763678,-0.03861300000000001,0.8014316666666667,False,0.062320791342714614,False
221333,7,0.732203,-0.043211,0.7741876666666667,False,0.018323016722590096,False
30741,7,0.717697,-0.04382799999999998,0.760313,False,0.015533737165994259,False
123314,7,0.736259,-0.04313,0.7785366666666667,False,0.03201131341378463,False
119325,7,0.737593,-0.04022999999999999,0.7774206666666666,False,0.05089745305133364,False
86574,7,0.744831,-0.039131999999999945,0.7834866666666667,False,0.09119668458542238,False
341911,7,0.732335,-0.04278500000000007,0.7741366666666667,False,0.02748652303897537,False
30866,7,0.747852,-0.04119600000000001,0.7875369999999999,False,0.050268430178403614,False
340723,7,0.752856,-0.039159000000000055,0.7912750000000001,False,0.0959898403657397,False
332911,7,0.746696,-0.039988000000000024,0.7852453333333335,False,0.04578364327093867,False
211089,7,0.735124,-0.05100300000000002,0.781682,True,0.25298229582243376,False
281527,7,0.754552,-0.038017999999999996,0.7916933333333334,False,0.11960402287908825,False
164419,7,0.736402,-0.039907999999999944,0.775762,False,0.06707635765074324,False
334030,7,0.72751,-0.04495899999999997,0.7712306666666667,False,0.03827780866442142,False
213058,7,0.750171,-0.040563000000000016,0.789193,False,0.061613211330780175,False
350737,7,0.743131,-0.04813999999999996,0.7877833333333334,True,0.17714522099229807,False
22780,7,0.705922,-0.04789999999999994,0.7526176666666666,False,0.1470683452130449,False
112321,7,0.757327,-0.04013600000000006,0.796367,False,0.04280798683017312,False
281168,7,0.771892,-0.03732099999999994,0.8085176666666666,False,0.10937963772155472,False
53587,7,0.739242,-0.0425040000000001,0.7808073333333333,False,0.024147676246705926,False
139041,7,0.760575,-0.03899200000000003,0.7990093333333333,False,0.0727197522450419,False
199191,7,0.744502,-0.04156800000000005,0.7850653333333334,False,0.035640717536567244,False
338428,7,0.718585,-0.042505000000000015,0.7601186666666667,False,0.034734149211283066,False
48625,7,0.743585,-0.042286999999999964,0.7853110000000001,False,0.014811315813599424,False
297458,7,0.764129,-0.037798,0.800882,False,0.07208016504936961,False
137752,7,0.741286,-0.04232800000000003,0.7826913333333333,False,0.007989903034571092,False
229734,7,0.710717,-0.04672799999999999,0.7560206666666667,False,0.0674913686582685,False
244855,7,0.726471,-0.04155900000000001,0.771264,False,0.0539021303456513,False
264979,7,0.73733,-0.04342399999999991,0.7797756666666666,False,0.01533025922579843,False
314019,7,0.722489,-0.04382900000000001,0.7661403333333334,False,0.01841667342086279,False
104633,7,0.744577,-0.04311899999999991,0.788949,True,0.05313438997371751,False
284266,7,0.71442,-0.05648299999999995,0.7662333333333334,True,0.43752991745506914,False
277317,7,0.734119,-0.04167799999999999,0.7745763333333334,False,0.03826351613666979,False
289428,7,0.724511,-0.04291699999999998,0.7664589999999999,False,0.03621925257448617,False
288255,7,0.758875,-0.03873199999999999,0.796971,False,0.07986701144622453,False
67314,7,0.751856,-0.03963899999999998,0.7911613333333333,False,0.0700486158566127,False
219794,7,0.752136,-0.040323,0.7915533333333333,False,0.06060326205481693,False
130367,7,0.740576,-0.03966400000000003,0.7797153333333333,False,0.06487423245087318,False
335544,7,0.715498,-0.04427700000000001,0.759553,False,0.02698119949941668,False
123930,7,0.701522,-0.045592999999999995,0.7457926666666667,False,0.05856826349042763,False
236708,7,0.731611,-0.04375899999999999,0.774419,False,0.020666957159987166,False
146068,7,0.755328,-0.03907499999999997,0.7934203333333333,False,0.07946202422197142,False
298673,7,0.738718,-0.03991800000000001,0.7784573333333333,False,0.060107448700738864,False
207425,7,0.75695,-0.04131099999999999,0.7970366666666666,False,0.06515972286923431,False
328962,7,0.683093,-0.04895000000000005,0.7312280000000001,False,0.1475024379806551,False
145738,7,0.73107,-0.04367600000000005,0.7741193333333333,False,0.024222907755517085,False
146341,7,0.746526,-0.057089999999999974,0.7966576666666666,True,0.4306578670669141,False
138873,7,0.686585,-0.04970600000000003,0.7399936666666665,False,0.18114564911693878,False
191182,7,0.687591,-0.04472900000000002,0.735385,False,0.03665723827320176,False
256131,7,0.757705,-0.04009800000000008,0.796684,False,0.04422531102559919,False
158606,7,0.741964,-0.042511000000000077,0.783583,False,0.026868185666367318,False
115457,7,0.75309,-0.04024099999999997,0.7927526666666668,False,0.05528489628739646,False
281875,7,0.734245,-0.042563999999999935,0.7789013333333333,False,0.03023674883676282,False
129303,7,0.739668,-0.04293400000000003,0.7817563333333334,False,0.024704867820864836,False
267138,7,0.756661,-0.038428999999999935,0.7947103333333333,False,0.10539538879217754,False
169951,7,0.739009,-0.052503999999999995,0.7864616666666667,True,0.30788620309685977,False
164722,7,0.756175,-0.05155999999999994,0.8021936666666667,True,0.35972581085478644,False
356768,7,0.696764,-0.05039199999999999,0.7459296666666667,False,0.23242345683606497,False
254496,7,0.735866,-0.041852,0.7776153333333333,False,0.03690127726376327,False
35337,7,0.718564,-0.044579000000000035,0.761928,False,0.016561248081138614,False
58369,7,0.750964,-0.04076500000000005,0.7901016666666667,False,0.05248238525445071,False
12406,7,0.759398,-0.03803499999999993,0.7963333333333334,False,0.09631954210721058,False
345496,7,0.724323,-0.043630999999999975,0.7664663333333334,False,0.025847811972419813,False
153878,7,0.728639,-0.04530999999999996,0.7725423333333333,False,0.04198721150250512,False
210325,7,0.710079,-0.04475499999999999,0.7573526666666667,False,0.028842079154433597,False
125140,7,0.75599,-0.040568999999999966,0.7952170000000001,False,0.03598838630898759,False
41313,7,0.738279,-0.043822999999999945,0.7803586666666668,False,0.013018761319124892,False
255155,7,0.729837,-0.04216300000000006,0.7711070000000001,False,0.022186670911652936,False
127400,7,0.746295,-0.043372999999999995,0.7881476666666667,False,0.04938143011430463,False
246777,7,0.769509,-0.037219,0.8063926666666666,False,0.1239222874327109,False
302698,7,0.724953,-0.04174200000000006,0.765661,False,0.04665883430502703,False
111754,7,0.731114,-0.042103,0.7720593333333333,False,0.019648580415203808,False
20302,7,0.76147,-0.039980000000000016,0.8001936666666666,False,0.014809318842981837,False
284802,7,0.72623,-0.04296999999999995,0.7697193333333333,False,0.039145929636533856,False
305939,7,0.737721,-0.04933900000000002,0.786147,True,0.18024313928105437,False
163429,7,0.755049,-0.03847500000000004,0.7930253333333334,False,0.11074317844117201,False
278058,7,0.739644,-0.042644000000000015,0.7815466666666667,False,0.025968696441990145,False
221571,7,0.737656,-0.043296,0.7800026666666667,False,0.01533025922579843,False
78147,7,0.764588,-0.03791599999999995,0.8017059999999999,False,0.07208016504936961,False
173617,7,0.756003,-0.04055200000000003,0.7952443333333333,False,0.0473471672037427,False
138685,7,0.727116,-0.044282000000000044,0.7702049999999999,False,0.022288686098431734,False
290414,7,0.707067,-0.046004000000000045,0.7520233333333334,False,0.0333347860488961,False
358375,7,0.723978,-0.04342999999999997,0.7664853333333334,False,0.028862139084642805,False
35631,7,0.748848,-0.04106900000000002,0.7891053333333332,False,0.0569909309082609,False
337039,7,0.770163,-0.03812599999999999,0.8072533333333333,False,0.07396508174258273,False
267075,7,0.74878,-0.04125400000000001,0.7894603333333334,False,0.050420898438541036,False
29821,7,0.754792,-0.039502999999999955,0.7933956666666666,False,0.07583345598632778,False
294318,7,0.733151,-0.04199200000000003,0.7738286666666667,False,0.02257750795417327,False
39523,7,0.763965,-0.03909499999999999,0.802178,False,0.035594655763800664,False
77643,7,0.762184,-0.03881000000000001,0.8007656666666666,False,0.04973438047881493,False
237717,7,0.758024,-0.03715199999999996,0.7946706666666667,False,0.1370277723777608,False
5069,7,0.748698,-0.040511000000000075,0.7883596666666667,False,0.06358639351848898,False
11028,7,0.750403,-0.04127099999999995,0.7908956666666667,False,0.051303260598997834,False
303657,7,0.718224,-0.043379000000000056,0.7639619999999999,False,0.019323439133593977,False
311699,7,0.741868,-0.04335800000000001,0.7844826666666668,False,0.029141164583179526,False
242357,7,0.714512,-0.046579999999999955,0.7601526666666666,False,0.07489114103014971,False
120646,7,0.748544,-0.03800999999999999,0.7885443333333333,False,0.11861960336760619,False
312417,7,0.73714,-0.04172399999999998,0.7779156666666666,False,0.036372495167703536,False
224622,7,0.719232,-0.045811000000000046,0.7639283333333333,False,0.042210648291773574,False
357412,7,0.761375,-0.04047400000000001,0.8008803333333333,False,0.02969919786971849,False
198943,7,0.740825,-0.043964,0.7835376666666667,False,0.01819453153122368,False
252370,7,0.753361,-0.0407860000000001,0.7931586666666667,False,0.04815438743974888,False
332523,7,0.742364,-0.042815999999999965,0.7837193333333333,False,0.02716818159694672,False
145060,7,0.733266,-0.04257299999999997,0.7746626666666666,False,0.02548924822511383,False
37435,7,0.733862,-0.043408,0.7760436666666667,False,0.015981704065986254,False
282713,7,0.764815,-0.037899000000000016,0.8021900000000001,False,0.07469111630434887,False
289239,7,0.744727,-0.038744,0.787373,False,0.1046854178715397,False
360446,7,0.75155,-0.041862999999999984,0.792208,False,0.052452557511579144,False
189600,7,0.717024,-0.04639800000000005,0.7619606666666666,False,0.058756743727957736,False
299,7,0.749648,-0.04089799999999999,0.7898783333333332,False,0.05017721646924998,False
225332,7,0.726387,-0.06021299999999996,0.7794393333333334,True,0.5157049192989114,False
31778,7,0.746534,-0.04250299999999996,0.7878836666666666,False,0.03216169154634809,False
60517,7,0.736423,-0.042991,0.7783986666666666,False,0.03431819877597882,False
58654,7,0.770575,-0.03695000000000004,0.8069913333333334,False,0.12411499718424834,False
153709,7,0.757128,-0.040455999999999936,0.7965866666666667,False,0.052450307672225145,False
339757,7,0.750923,-0.039237999999999995,0.789095,False,0.08789080948861698,False
336321,7,0.733945,-0.04333500000000001,0.7768573333333334,False,0.011502371546562931,False
308512,7,0.757106,-0.03994500000000001,0.7964136666666667,False,0.04422531102559919,False
210260,7,0.747729,-0.041186000000000056,0.78852,False,0.0531141399370364,False
50819,7,0.747892,-0.04725400000000002,0.7919623333333333,True,0.17694656044651266,False
37149,7,0.749257,-0.03915000000000002,0.787678,False,0.09465854678293671,False
161225,7,0.74695,-0.04046700000000003,0.7861159999999999,False,0.04832864212884449,False
362293,7,0.762669,-0.038369999999999904,0.80037,False,0.06889076690832394,False
178389,7,0.683071,-0.05037500000000006,0.7315299999999999,False,0.17574410430631568,False
221208,7,0.703711,-0.04882799999999998,0.7514686666666667,False,0.20089343928542674,False
41291,7,0.731684,-0.04315199999999997,0.773608,False,0.022401134538336788,False
365214,7,0.744836,-0.041164999999999896,0.7870496666666668,False,0.04741194317386903,False
333281,7,0.747672,-0.04991000000000001,0.7931343333333333,True,0.23777154640636206,False
7737,7,0.721068,-0.04327099999999995,0.7630129999999999,False,0.021919152198878893,False
329588,7,0.72087,-0.046211,0.7659346666666668,False,0.05429224651219103,False
317105,7,0.714818,-0.04696200000000006,0.7611119999999999,False,0.08370876296539012,False
361689,7,0.719977,-0.044414000000000065,0.7661943333333333,False,0.01872006619315074,False
281131,7,0.721473,-0.04406599999999994,0.7649693333333333,False,0.013079480754477337,False
343638,7,0.744051,-0.04077900000000001,0.7843893333333334,False,0.04739874185420297,False
189790,7,0.754261,-0.04030900000000004,0.7936580000000001,False,0.05065923617995814,False
340726,7,0.683625,-0.06763199999999991,0.7438576666666666,True,0.6780353401883841,True
72525,7,0.755049,-0.04156700000000002,0.7949820000000001,False,0.051766886833838,False
65444,7,0.769235,-0.03798199999999996,0.8061673333333333,False,0.0771415183335923,False
319360,7,0.746062,-0.039297999999999944,0.78492,False,0.08632842768239384,False
358935,7,0.733087,-0.04383899999999996,0.7760596666666667,False,0.01926556683346574,False
100448,7,0.753273,-0.03837900000000005,0.7915923333333333,False,0.11990866296089604,False
222075,7,0.744634,-0.04252,0.7864019999999999,False,0.02891785093304027,False
69369,7,0.733298,-0.05839799999999995,0.7847786666666666,True,0.4846246425022604,False
151722,7,0.702053,-0.046269000000000005,0.7473333333333333,False,0.07770750288516189,False
38033,7,0.738096,-0.04356100000000007,0.780605,False,0.017961146160713176,False
128351,7,0.734471,-0.04530500000000004,0.7785486666666667,False,0.0421585828134757,False
342871,7,0.744657,-0.040495999999999976,0.7843193333333334,False,0.0554270387893049,False
13912,7,0.714861,-0.046932000000000085,0.7612113333333334,False,0.08370876296539012,False
351129,7,0.724179,-0.05483499999999997,0.7769663333333333,True,0.35843927859323443,False
297365,7,0.720875,-0.061535999999999924,0.7747543333333334,True,0.5549350836218812,False
240570,7,0.73535,-0.04260300000000006,0.7771703333333333,False,0.030098347837544167,False
86317,7,0.748995,-0.04175800000000007,0.7897970000000001,False,0.04908762409145722,False
99561,7,0.74664,-0.046665999999999985,0.7906303333333332,True,0.11901387421404169,False
261740,7,0.715246,-0.049640999999999935,0.7619376666666667,True,0.17826789017167025,False
29971,7,0.762381,-0.03738600000000003,0.7995800000000001,False,0.11212240246670128,False
4101,7,0.749893,-0.041576999999999975,0.7902306666666666,False,0.0460368279059226,False
176472,7,0.740376,-0.04120099999999993,0.7805803333333333,False,0.03905750710405578,False
85669,7,0.73988,-0.041916000000000064,0.78052,False,0.015445502737970735,False
128393,7,0.760764,-0.04018699999999997,0.7998743333333334,False,0.031895327412690376,False
24702,7,0.699423,-0.04564699999999999,0.7470616666666666,False,0.05856826349042763,False
350152,7,0.761708,-0.04684199999999994,0.804834,True,0.1829171455876338,False
235514,7,0.750602,-0.05243600000000004,0.7973323333333333,True,0.3119157996882834,False
213078,7,0.751588,-0.04096599999999995,0.7914653333333334,False,0.059591892976519505,False
285706,7,0.749882,-0.04131099999999999,0.790003,False,0.0498811491794194,False
360795,7,0.754712,-0.03944099999999995,0.79336,False,0.07973239310022,False
105461,7,0.746007,-0.04038600000000003,0.785678,False,0.04974970278797336,False
266248,7,0.730854,-0.04408100000000004,0.774277,False,0.015323961671282247,False
195779,7,0.746476,-0.03976599999999997,0.7861400000000001,False,0.051623373988337856,False
84715,7,0.735886,-0.039568999999999965,0.7749006666666668,False,0.09606072598449365,False
131659,7,0.736262,-0.04149599999999998,0.7769806666666667,False,0.04269077074717925,False
367955,7,0.737419,-0.041134000000000004,0.7777866666666666,False,0.046654518259875565,False
170017,7,0.72672,-0.04506500000000002,0.7707083333333333,False,0.03827780866442142,False
225994,7,0.715117,-0.04231499999999999,0.757103,False,0.02542585107216489,False
266161,7,0.718464,-0.04517300000000002,0.7674789999999999,False,0.0325580467198692,False
83876,7,0.725995,-0.04380600000000001,0.768657,False,0.030614584281297673,False
29327,7,0.739294,-0.04128200000000004,0.780028,False,0.050254281834151156,False
247815,7,0.764976,-0.037421999999999955,0.802063,False,0.10890668410298052,False
149552,7,0.734346,-0.04273499999999997,0.776004,False,0.024414339226537546,False
68617,7,0.750476,-0.041603999999999974,0.7906283333333333,False,0.04745633743023213,False
65934,7,0.745886,-0.04051899999999997,0.7879703333333333,False,0.05532103640268818,False
289682,7,0.755632,-0.040574,0.795219,False,0.03316583497922542,False
353036,7,0.733606,-0.041750000000000065,0.7748256666666666,False,0.027950116133585574,False
36396,7,0.767489,-0.039105999999999974,0.8051293333333334,False,0.04541874403575603,False
138966,7,0.747342,-0.041956000000000104,0.788433,False,0.03603262993261996,False
63441,7,0.7271,-0.043040999999999996,0.7692096666666667,False,0.039145929636533856,False
129973,7,0.709183,-0.04324399999999995,0.7513203333333333,False,0.03253798738364417,False
185429,7,0.762854,-0.038058999999999954,0.8004396666666667,False,0.06838052721154803,False
308443,7,0.76078,-0.03916399999999998,0.7993513333333334,False,0.05944191361444185,False
227942,7,0.761792,-0.03976000000000002,0.8004513333333333,False,0.024360424176026813,False
117806,7,0.735487,-0.04229399999999994,0.7773936666666666,False,0.019137580907878975,False
319275,7,0.738027,-0.04314300000000004,0.7801263333333334,False,0.021094738511854012,False
146037,7,0.714821,-0.04458099999999998,0.7576673333333334,False,0.014982690295314701,False
324282,7,0.735646,-0.04599999999999993,0.7796163333333332,False,0.06125219242049677,False
112065,7,0.75728,-0.03865800000000008,0.794934,False,0.08853569448129486,False
51332,7,0.740148,-0.040727999999999986,0.783855,False,0.04391328399578284,False
262451,7,0.72685,-0.05067200000000005,0.7745380000000001,True,0.22718923700412466,False
338784,7,0.736959,-0.05629799999999996,0.787516,True,0.44036772377540434,False
185753,7,0.7268,-0.044606000000000035,0.7700706666666667,False,0.029502038435850364,False
351224,7,0.74736,-0.04045500000000002,0.7874293333333333,False,0.05639596391915427,False
36066,7,0.707792,-0.043762999999999996,0.7507883333333334,False,0.02670453151037025,False
318029,7,0.741171,-0.042227000000000015,0.7826466666666666,False,0.012779892223921537,False
126286,7,0.762527,-0.038964,0.8010193333333332,False,0.04701159545721345,False
112886,7,0.708428,-0.06140100000000004,0.7635853333333333,True,0.5604686446434122,False
296341,7,0.723376,-0.043424999999999936,0.7659313333333334,False,0.028862139084642805,False
68587,7,0.752733,-0.03959999999999997,0.7917463333333333,False,0.08921953270855577,False
81030,7,0.740955,-0.03889100000000001,0.7830170000000001,False,0.0986791445558709,False
147721,7,0.766051,-0.03963699999999992,0.8042919999999999,False,0.03704522377291869,False
42982,7,0.741194,-0.043173999999999935,0.783343,False,0.025868233003851864,False
37220,7,0.763128,-0.040127000000000024,0.8019663333333334,False,0.01768967089020345,False
222077,7,0.728106,-0.04477399999999998,0.771665,False,0.030377087473595063,False
368857,7,0.707054,-0.043045,0.7551226666666667,False,0.0382827968072967,False
290049,7,0.74298,-0.04771000000000003,0.7869043333333333,True,0.1625243470518918,False
120031,7,0.745211,-0.040798,0.785825,False,0.04732085344391928,False
182981,7,0.746457,-0.03908199999999995,0.7851560000000001,False,0.08308169174815935,False
190306,7,0.746966,-0.04052,0.786811,False,0.05075446170094363,False
3407,7,0.726695,-0.04180099999999998,0.770506,False,0.0487330167374719,False
282746,7,0.736239,-0.042220000000000035,0.7779409999999999,False,0.029057132473189216,False
145852,7,0.749659,-0.038980000000000015,0.7887946666666666,False,0.1017143671579924,False
73495,7,0.745077,-0.04247599999999996,0.7858806666666666,False,0.02716233614298019,False
373790,7,0.752565,-0.040026000000000006,0.7923726666666667,False,0.0534636332360354,False
130825,7,0.770357,-0.037826000000000026,0.8076306666666667,False,0.0710911761414097,False
291382,7,0.741771,-0.04131800000000008,0.78286,False,0.047288123694042686,False
15622,7,0.694267,-0.04871900000000007,0.741491,False,0.17428256646735477,False
36287,7,0.746702,-0.03984700000000008,0.7855906666666667,False,0.04991587126601449,False
16663,7,0.738361,-0.04214899999999999,0.779743,False,0.018496173557461557,False
96200,7,0.749823,-0.042682,0.7907053333333334,False,0.05255189535707959,False
26522,7,0.744165,-0.03947299999999998,0.7827943333333334,False,0.07695563184998702,False
48390,7,0.760102,-0.04029399999999994,0.7991833333333332,False,0.03547876640338986,False
58650,7,0.74475,-0.04310000000000003,0.7863706666666667,False,0.034613494942349894,False
49453,7,0.730632,-0.05309600000000003,0.7793233333333333,True,0.31337939419305794,False
85277,7,0.719954,-0.044381000000000004,0.7632546666666666,False,0.0201210873165193,False
221777,7,0.752324,-0.040351000000000026,0.791989,False,0.06961907026332884,False
60058,7,0.70551,-0.04381299999999999,0.7494033333333333,False,0.03695043695641826,False
194081,7,0.738229,-0.04027000000000003,0.7775853333333332,False,0.0542098224215033,False
53736,7,0.723678,-0.045798000000000005,0.7677816666666667,False,0.048857340563307386,False
231649,7,0.76327,-0.039112000000000036,0.8014623333333333,False,0.03292146779320198,False
367671,7,0.748121,-0.040051999999999977,0.7871086666666667,False,0.04957259101501618,False
39449,7,0.727495,-0.05369299999999999,0.7766206666666666,True,0.3212806997673824,False
187595,7,0.737453,-0.04198599999999997,0.7786516666666667,False,0.02238275130082282,False
137340,7,0.728156,-0.044425999999999966,0.7717976666666667,False,0.029425093324500676,False
57487,7,0.708854,-0.04778099999999996,0.7551523333333333,False,0.12911051731515272,False
239717,7,0.754374,-0.037686,0.7919,False,0.12918518593427547,False
73206,7,0.744434,-0.04764199999999996,0.7890929999999999,True,0.16781978094064867,False
356664,7,0.765186,-0.037578,0.8017793333333333,False,0.0982895769269846,False
198461,7,0.7265,-0.04334799999999994,0.7685983333333333,False,0.03131765624667839,False
54309,7,0.727502,-0.041385000000000005,0.7686326666666666,False,0.0713467253026728,False
241331,7,0.740528,-0.04741099999999998,0.7842266666666666,True,0.12836244052323037,False
69445,7,0.748054,-0.04223699999999997,0.7893663333333333,False,0.03818218272315287,False
266171,7,0.733744,-0.04821300000000006,0.7819166666666666,True,0.16543598659494507,False
26289,7,0.735644,-0.04351000000000005,0.7784789999999999,False,0.03738973692879297,False
80132,7,0.703768,-0.04348300000000005,0.7524063333333334,False,0.07917205971228884,False
3770,7,0.732467,-0.04451099999999997,0.775789,False,0.025214408386236405,False
107090,7,0.722653,-0.058381000000000016,0.7748606666666666,True,0.4848104977892184,False
97425,7,0.707093,-0.043273000000000006,0.749065,False,0.030750076634403736,False
116619,7,0.755536,-0.03982300000000005,0.798193,False,0.04062721198439835,False
56117,7,0.734599,-0.042490999999999945,0.7803813333333333,False,0.03125834951151811,False
240273,7,0.747035,-0.03839099999999995,0.7852773333333333,False,0.11324113412097402,False
342598,7,0.715261,-0.06144399999999994,0.769362,True,0.5563330975522889,False
237881,7,0.734893,-0.04083799999999993,0.7754629999999999,False,0.054341949896068706,False
177892,7,0.741514,-0.04212899999999997,0.782744,False,0.012779892223921537,False
44907,7,0.711535,-0.04316299999999995,0.7585733333333332,False,0.03735043347998949,False
346692,7,0.754312,-0.040244999999999975,0.7930663333333333,False,0.056710665045430916,False
282789,7,0.724275,-0.042861999999999956,0.766286,False,0.03649574136597973,False
47662,7,0.738335,-0.044372999999999996,0.7812943333333333,False,0.01226017374727519,False
325405,7,0.73865,-0.04381400000000002,0.7809583333333334,False,0.013018761319124892,False
82920,7,0.737484,-0.04380099999999998,0.7801106666666667,False,0.013018761319124892,False
81516,7,0.735108,-0.042764000000000024,0.7773823333333333,False,0.02928276197666198,False
20916,7,0.740393,-0.04318600000000006,0.7826503333333333,False,0.020254298761344547,False
49123,7,0.698982,-0.04704700000000006,0.7450203333333333,False,0.09603948045074695,False
89725,7,0.742932,-0.04051899999999997,0.7825746666666666,False,0.052884526732687544,False
201728,7,0.711779,-0.04185699999999992,0.7531513333333333,False,0.05257428471605214,False
172103,7,0.744649,-0.05316600000000005,0.7939016666666667,True,0.3133437058501941,False
141530,7,0.74793,-0.038324000000000025,0.7851756666666666,False,0.11538126584653495,False
122049,7,0.742289,-0.039722000000000035,0.7812963333333333,False,0.053316606716241256,False
229690,7,0.719407,-0.04187399999999997,0.766018,False,0.04096440368354871,False
247974,7,0.736981,-0.043047999999999975,0.7789766666666665,False,0.03431819877597882,False
30369,7,0.735796,-0.043381,0.7781496666666667,False,0.031005703517464737,False
191277,7,0.74804,-0.039502999999999955,0.7868740000000001,False,0.07701526536614309,False
306012,7,0.740229,-0.04258099999999998,0.7817083333333333,False,0.022363288916494722,False
209400,7,0.706476,-0.045428000000000024,0.7508819999999999,False,0.03335047044765156,False
31959,7,0.72038,-0.04330999999999996,0.7627513333333334,False,0.021919152198878893,False
85197,7,0.750606,-0.04060700000000006,0.7904646666666667,False,0.05159952827168547,False
117026,7,0.675011,-0.050781999999999994,0.7245483333333333,False,0.19166437670920605,False
357599,7,0.764394,-0.03828199999999993,0.8019106666666667,False,0.07498945381743519,False
193575,7,0.728714,-0.04446400000000006,0.7722576666666666,False,0.03227593946156235,False
177254,7,0.73579,-0.038766999999999996,0.7743183333333334,False,0.12018947920448453,False
279291,7,0.727929,-0.044933,0.7717396666666666,False,0.029208500706193307,False
347011,7,0.741877,-0.04069400000000001,0.7818670000000001,False,0.03713032203472017,False
55789,7,0.764959,-0.0383960000000001,0.8025473333333334,False,0.07427134760088952,False
277408,7,0.745522,-0.04555599999999993,0.7887383333333333,True,0.07810571689276732,False
140373,7,0.739624,-0.04417100000000007,0.7825179999999999,False,0.009000870472114345,False
240870,7,0.727454,-0.04568899999999998,0.7719046666666666,False,0.05119503669673318,False
188208,7,0.723907,-0.045445999999999986,0.7682216666666667,False,0.048857340563307386,False
120087,7,0.742278,-0.04333500000000001,0.7846913333333333,False,0.027734042663061946,False
312690,7,0.739363,-0.04179200000000005,0.7804639999999999,False,0.023248294888412856,False
207505,7,0.72333,-0.055379999999999985,0.7730466666666667,True,0.36511133224169,False
80131,7,0.752141,-0.04407700000000003,0.7939433333333333,True,0.07000205334333777,False
114137,7,0.743578,-0.04132200000000008,0.7838620000000001,False,0.047177746775135025,False
139893,7,0.762707,-0.03908899999999993,0.8009966666666667,False,0.0317208463091417,False
204693,7,0.737057,-0.04191,0.778206,False,0.031770932044420434,False
332547,7,0.748225,-0.040296999999999916,0.7881906666666666,False,0.05782248466470721,False
82540,7,0.748094,-0.04114799999999996,0.7877193333333333,False,0.0516908037156686,False
38409,7,0.735,-0.04188400000000003,0.7756423333333333,False,0.030208013228920597,False
124782,7,0.738581,-0.051972999999999936,0.7862593333333333,True,0.2998543940647699,False
51599,7,0.758423,-0.040161,0.797522,False,0.038651820333149074,False
302100,7,0.754576,-0.04020099999999993,0.7931153333333333,False,0.056710665045430916,False
184101,7,0.748106,-0.04137399999999991,0.7882806666666666,False,0.04753103076739688,False
303520,7,0.750509,-0.03922800000000004,0.789367,False,0.08789080948861698,False
33568,7,0.758302,-0.03866899999999995,0.7962086666666667,False,0.08283697379578617,False
334993,7,0.71316,-0.057169000000000025,0.7677223333333334,True,0.44220621895806356,False
216161,7,0.742466,-0.04178700000000002,0.7833926666666667,False,0.025198464606700915,False
48896,7,0.7643,-0.038302999999999976,0.8018040000000001,False,0.0723781361711227,False
292002,7,0.756297,-0.03983999999999999,0.7948926666666667,False,0.04084409108744254,False
306491,7,0.756957,-0.03928600000000004,0.795877,False,0.07896692073493175,False
6019,7,0.747695,-0.040058999999999956,0.7871406666666667,False,0.04957259101501618,False
73158,7,0.738418,-0.04091599999999995,0.7784726666666666,False,0.04358929275782695,False
264951,7,0.733243,-0.04195899999999997,0.7745833333333333,False,0.02257750795417327,False
347806,7,0.731747,-0.04184999999999994,0.7755153333333333,False,0.02759222211748317,False
199295,7,0.712347,-0.04510000000000003,0.7611153333333333,False,0.035103852879565065,False
249974,7,0.746617,-0.04808200000000007,0.7914906666666667,True,0.21357198635623725,False
1130,7,0.739826,-0.041916000000000064,0.7814420000000001,False,0.015445502737970735,False
138091,7,0.739413,-0.049853000000000036,0.7855863333333334,True,0.1953085641219946,False
324734,7,0.750476,-0.03983700000000001,0.7895056666666668,False,0.05791422607901796,False
14470,7,0.74571,-0.046234,0.7889113333333334,True,0.0905396158897719,False
254615,7,0.768718,-0.037243000000000026,0.8051423333333334,False,0.13016967948818917,False
371112,7,0.754678,-0.039793999999999996,0.7940603333333334,False,0.05727481639329161,False
52418,7,0.754492,-0.04150599999999993,0.7941590000000001,False,0.054218660422680934,False
156960,7,0.725243,-0.04969100000000004,0.7770966666666667,True,0.18964266110090808,False
139042,7,0.748636,-0.04116799999999998,0.7891,False,0.055004423144669704,False
346047,7,0.735556,-0.050642999999999994,0.7819886666666666,True,0.23278624100966436,False
111477,7,0.756699,-0.039509000000000016,0.795635,False,0.07046000044334397,False
369972,7,0.759905,-0.040601999999999916,0.79893,False,0.0319170329381369,False
21930,7,0.74647,-0.04255399999999998,0.7876396666666666,False,0.03216169154634809,False
352159,7,0.733378,-0.04271199999999997,0.7752910000000001,False,0.024675468417625312,False
111043,7,0.73331,-0.05287200000000003,0.7815786666666668,True,0.31423019505055994,False
145684,7,0.742682,-0.04083800000000004,0.7828003333333333,False,0.03713032203472017,False
282579,7,0.758327,-0.039656000000000025,0.797371,False,0.052264395934628186,False
70407,7,0.752475,-0.04049999999999998,0.7921763333333334,False,0.07063333105739639,False
316526,7,0.749299,-0.04100799999999993,0.7892923333333334,False,0.05727893411963027,False
83707,7,0.736556,-0.04164800000000002,0.7775353333333334,False,0.05377416421594265,False
138403,7,0.738643,-0.04435199999999995,0.7813073333333334,False,0.0052581575882947994,False
53893,7,0.699159,-0.06018800000000002,0.7523573333333333,True,0.5297157767313251,False
193738,7,0.749017,-0.04045299999999996,0.7890503333333333,False,0.05971699712787482,False
178349,7,0.71243,-0.047625999999999946,0.7590966666666666,False,0.13854837555673866,False
56673,7,0.751965,-0.046014,0.7953423333333333,True,0.11211714139123483,False
281137,7,0.764661,-0.03870399999999996,0.8030693333333333,False,0.06277419924245853,False
295170,7,0.757509,-0.03837199999999996,0.7953986666666667,False,0.0987177789634314,False
106743,7,0.727139,-0.039941000000000004,0.7666123333333333,False,0.08669535612040366,False
336048,7,0.701291,-0.048309999999999964,0.7489503333333333,False,0.17285410961449008,False
290048,7,0.762585,-0.038668000000000036,0.8005223333333333,False,0.05742272194166635,False
232328,7,0.747994,-0.04055999999999993,0.7877890000000001,False,0.05883110412399917,False
136716,7,0.74623,-0.042432000000000025,0.7873813333333333,False,0.014425288898879937,False
142788,7,0.766152,-0.03865099999999999,0.8037743333333335,False,0.07179927527779242,False
183321,7,0.746029,-0.039774999999999894,0.7855886666666666,False,0.051623373988337856,False
35924,7,0.748074,-0.04095199999999999,0.7883213333333333,False,0.05062833142536838,False
139258,7,0.747891,-0.03962600000000005,0.7866323333333334,False,0.06123316185842325,False
110140,7,0.745686,-0.04202600000000001,0.7866179999999999,False,0.025933612584427997,False
345899,7,0.757287,-0.037434999999999996,0.7957893333333333,False,0.12975368990489983,False
42001,7,0.750831,-0.041903000000000024,0.7916676666666667,False,0.04560837673228725,False
258744,7,0.744903,-0.04256300000000002,0.7863496666666666,False,0.02891785093304027,False
330879,7,0.76231,-0.03789699999999996,0.7999930000000001,False,0.07176169296048047,False
367696,7,0.689004,-0.04653800000000008,0.7345586666666666,False,0.05197959073075959,False
149415,7,0.765901,-0.037878999999999996,0.803045,False,0.07469111630434887,False
198691,7,0.728454,-0.04488899999999996,0.7715303333333333,False,0.028215508209566954,False
36466,7,0.752126,-0.041438000000000086,0.792674,False,0.04531501655942391,False
81158,7,0.768965,-0.03752,0.8058139999999999,False,0.10002362775126748,False
104248,7,0.736422,-0.04260600000000003,0.77841,False,0.03793892734790732,False
99829,7,0.728278,-0.045367999999999964,0.7723990000000001,False,0.043403980184671634,False
110615,7,0.73822,-0.041371999999999964,0.782457,False,0.03872669625415907,False
157284,7,0.723338,-0.04497899999999999,0.766947,False,0.03162251213857534,False
138656,7,0.74714,-0.040283999999999986,0.7864356666666668,False,0.05040459337571671,False
94036,7,0.700837,-0.04624299999999992,0.7461713333333333,False,0.07292046239372534,False
274088,7,0.743174,-0.03997200000000001,0.7830043333333334,False,0.05032989320039109,False
215856,7,0.718975,-0.05928800000000001,0.772294,True,0.49962113598635877,False
263638,7,0.741807,-0.042628,0.7835369999999999,False,0.032146027675237,False
130970,7,0.73736,-0.041617000000000015,0.7785753333333334,False,0.04105809219426845,False
308944,7,0.684434,-0.048985000000000056,0.732973,False,0.14420030017575527,False
344652,7,0.742071,-0.04298599999999997,0.783712,False,0.03255821768464306,False
327837,7,0.742104,-0.04192600000000002,0.783316,False,0.020189524677283743,False
285929,7,0.730009,-0.044876999999999945,0.7735426666666667,False,0.027562124064795118,False
128075,7,0.737065,-0.04285100000000008,0.7790186666666666,False,0.0369947151260229,False
62855,7,0.732501,-0.043134000000000006,0.7749686666666666,False,0.022401134538336788,False
209186,7,0.757816,-0.040381,0.7976170000000001,False,0.05775031640031332,False
349665,7,0.762948,-0.03834800000000005,0.801133,False,0.07154861708672824,False
110430,7,0.743376,-0.041578000000000004,0.7836663333333332,False,0.0343874941455864,False
66818,7,0.746259,-0.04155600000000004,0.7869716666666667,False,0.02987573084588156,False
286046,7,0.734635,-0.04328299999999996,0.779171,False,0.02381424223043722,False
156471,7,0.744505,-0.04126300000000005,0.7848983333333334,False,0.047711588000575046,False
173239,7,0.748662,-0.04038799999999998,0.7886843333333333,False,0.0625755010831238,False
196038,7,0.735953,-0.04256800000000005,0.777948,False,0.035217092186969896,False
305402,7,0.756331,-0.04828700000000008,0.8008753333333334,True,0.2609032426708235,False
200562,7,0.749264,-0.03939300000000001,0.7877886666666667,False,0.09501659023446374,False
200078,7,0.761869,-0.03997600000000001,0.800573,False,0.018596401537457587,False
16829,7,0.746652,-0.040489,0.786225,False,0.04832864212884449,False
179768,7,0.750365,-0.040326000000000084,0.7898006666666667,False,0.05632095509615798,False
290771,7,0.76029,-0.039389999999999925,0.7982023333333332,False,0.06810090437441058,False
121981,7,0.73222,-0.041888000000000036,0.7726793333333334,False,0.02257750795417327,False
254798,7,0.723861,-0.04323500000000002,0.7665823333333334,False,0.02840193896516862,False
165388,7,0.702856,-0.044100999999999946,0.7463146666666667,False,0.058861384808725985,False
311969,7,0.765648,-0.03740500000000002,0.8025053333333334,False,0.10890668410298052,False
41833,7,0.727447,-0.04242699999999999,0.7687909999999999,False,0.0357704096564574,False
221187,7,0.755527,-0.04156300000000002,0.7958013333333334,False,0.055340606323632066,False
119484,7,0.732899,-0.042279999999999984,0.7764286666666665,False,0.015984052963377723,False
115574,7,0.760068,-0.03904400000000008,0.7982333333333335,False,0.05679761778334656,False
309588,7,0.716639,-0.05718699999999999,0.768674,True,0.41823402599471843,False
208910,7,0.712199,-0.04233399999999998,0.7535726666666666,False,0.039084779367936216,False
16469,7,0.7434,-0.04027400000000003,0.7831466666666667,False,0.05145723120401766,False
4883,7,0.719248,-0.045247999999999955,0.7633163333333334,False,0.03544885546295561,False
87194,7,0.731633,-0.04170700000000005,0.773214,False,0.039292163854427166,False
186264,7,0.705905,-0.045028999999999986,0.7533703333333334,False,0.03575520716140317,False
109842,7,0.71772,-0.045877999999999974,0.7626986666666666,False,0.03720875545029093,False
20836,7,0.771253,-0.03866400000000003,0.808627,False,0.06323705265801802,False
60472,7,0.751483,-0.03780799999999995,0.7886326666666666,False,0.11876017288646025,False
256170,7,0.732341,-0.04397799999999996,0.7756783333333334,False,0.015323961671282247,False
249184,7,0.732768,-0.04328600000000005,0.7753683333333333,False,0.018323016722590096,False
320695,7,0.732426,-0.042466000000000004,0.773853,False,0.019181508251568034,False
352157,7,0.728411,-0.04912099999999997,0.7743343333333333,True,0.18739682934509236,False
100814,7,0.687521,-0.050575999999999954,0.73672,False,0.20204526764083836,False
115141,7,0.732868,-0.04478300000000002,0.776364,False,0.025497920875890645,False
164981,7,0.749386,-0.04177299999999995,0.7901686666666666,False,0.04908762409145722,False
30662,7,0.733172,-0.04317499999999996,0.7753800000000001,False,0.018323016722590096,False
283423,7,0.733077,-0.04213100000000003,0.7742990000000001,False,0.01935800772399155,False
335243,7,0.739518,-0.04274699999999998,0.781393,False,0.019894597304614056,False
276653,7,0.722129,-0.04497299999999993,0.766287,False,0.02653504554649624,False
174879,7,0.761032,-0.04160699999999995,0.8012516666666668,False,0.05241638583419142,False
34701,7,0.66214,-0.05745700000000009,0.7178033333333333,False,0.3752450912786675,False
139973,7,0.757902,-0.04067500000000002,0.7974126666666667,False,0.04516535514201474,False
1858,7,0.751482,-0.039296,0.7895913333333334,False,0.09446538822150882,False
354785,7,0.708495,-0.046825000000000006,0.7547436666666667,False,0.06366460261090856,False
144194,7,0.661403,-0.05656400000000006,0.7159743333333334,False,0.3517278567088907,False
161616,8,0.702987,-0.04372599999999993,0.7458806666666667,False,0.06769162461440213,False
221846,8,0.710157,-0.04695499999999997,0.7586413333333333,True,0.0892364309554824,False
84698,8,0.716872,-0.04286800000000002,0.758276,False,0.032373890183458036,False
114629,8,0.67435,-0.04586199999999996,0.7193716666666666,False,0.07480744289405308,False
83465,8,0.699242,-0.045574,0.7439223333333334,False,0.049166953175738624,False
369398,8,0.691608,-0.045937000000000006,0.7365876666666668,False,0.04566755716751739,False
13112,8,0.682285,-0.04720599999999997,0.7283416666666667,False,0.07966844121881833,False
235202,8,0.721021,-0.04072100000000001,0.7610930000000001,False,0.06861686699393313,False
104286,8,0.688751,-0.05254899999999996,0.7369576666666666,True,0.2841436131937595,False
224231,8,0.724735,-0.04071400000000003,0.7651073333333334,False,0.07571785736816607,False
12995,8,0.688403,-0.042178999999999967,0.7351223333333333,False,0.10601549778355171,False
74905,8,0.666825,-0.049444000000000043,0.7157386666666667,False,0.12032449380379555,False
294254,8,0.645344,-0.05085799999999996,0.694894,False,0.14618333465585492,False
265229,8,0.712896,-0.040796000000000054,0.753073,False,0.08943872499414726,False
366026,8,0.62986,-0.056057000000000023,0.6842980000000001,False,0.3375570240985543,False
269565,8,0.696341,-0.04283400000000004,0.7388016666666667,False,0.10197091753573458,False
242550,8,0.720281,-0.0420100000000001,0.7615433333333333,False,0.031431801134895306,False
82704,8,0.697296,-0.04250999999999994,0.7393143333333333,False,0.10646701198004141,False
213416,8,0.697245,-0.046328000000000036,0.7420726666666667,False,0.06506994801145319,False
45580,8,0.656065,-0.050417000000000045,0.705507,False,0.1424577701350437,False
280043,8,0.647886,-0.052127000000000034,0.698065,False,0.212883830282932,False
50707,8,0.60952,-0.05619200000000002,0.6647393333333333,False,0.31408800868525305,False
28401,8,0.711301,-0.04261999999999999,0.7529183333333332,False,0.051009904173550245,False
33306,8,0.656964,-0.04852000000000001,0.7098956666666667,False,0.10418652433311114,False
23114,8,0.676287,-0.04707499999999998,0.7222996666666667,False,0.09993397583666673,False
114987,8,0.693665,-0.04454400000000003,0.7382019999999999,False,0.058986515824779685,False
325666,8,0.724972,-0.04150700000000007,0.7651956666666666,False,0.06004818901613279,False
92826,8,0.703051,-0.043018,0.7452786666666666,False,0.08481538775532357,False
165868,8,0.693508,-0.04554199999999997,0.7382086666666666,False,0.05359316811058614,False
306277,8,0.704727,-0.04350699999999996,0.7469619999999999,False,0.05680420946845514,False
219949,8,0.646019,-0.05091800000000002,0.6984466666666668,False,0.1413493069702914,False
81499,8,0.703942,-0.04345100000000002,0.7467536666666666,False,0.06969811926512365,False
278463,8,0.708322,-0.04561099999999996,0.7524183333333333,False,0.02667772777472707,False
180331,8,0.63509,-0.05285799999999996,0.6907113333333333,False,0.2410046744974839,False
294076,8,0.713399,-0.042861999999999956,0.7557356666666667,False,0.036710540583971225,False
160007,8,0.691958,-0.04394700000000007,0.7354363333333334,False,0.04241167324010427,False
288528,8,0.688322,-0.04707899999999998,0.734198,False,0.06935993386667069,False
125541,8,0.697501,-0.04622399999999993,0.742556,False,0.06506994801145319,False
271358,8,0.694602,-0.04686899999999994,0.7401016666666668,False,0.09432592142855532,False
165767,8,0.690058,-0.043619000000000074,0.7361146666666666,False,0.0798409435925045,False
52953,8,0.663895,-0.05063300000000004,0.713631,False,0.17052156784900852,False
57288,8,0.708711,-0.04156899999999997,0.7495516666666666,False,0.06606446032441439,False
116876,8,0.689137,-0.042671000000000014,0.7309213333333333,False,0.10389848289703205,False
356263,8,0.703397,-0.04103899999999994,0.7443086666666666,False,0.1444012013119776,False
129087,8,0.713082,-0.042332000000000036,0.7548836666666666,False,0.033355378259446976,False
174160,8,0.71258,-0.05158499999999999,0.759525,True,0.29584182713647517,False
155560,8,0.71354,-0.04184500000000002,0.7539006666666666,False,0.04680791108978798,False
93665,8,0.706885,-0.04216500000000001,0.7476413333333333,False,0.05609148097717228,False
58485,8,0.665684,-0.0459449999999999,0.7111206666666666,False,0.08708137458975636,False
10211,8,0.706415,-0.043737000000000026,0.7488936666666667,False,0.0357367869941087,False
18889,8,0.699083,-0.04432899999999995,0.7418486666666667,False,0.05051061987600687,False
245392,8,0.693373,-0.04560200000000003,0.7375293333333334,False,0.04887455207124852,False
354005,8,0.721973,-0.041200000000000014,0.7625576666666666,False,0.05915447117980255,False
315631,8,0.626035,-0.05649499999999996,0.6809886666666666,False,0.3396246614600031,False
131813,8,0.694598,-0.05485299999999993,0.7445266666666667,True,0.35741183082071,False
99724,8,0.693058,-0.044155000000000055,0.7355343333333333,False,0.03570122092210713,False
215535,8,0.72049,-0.040888000000000035,0.761415,False,0.06861686699393313,False
351364,8,0.686266,-0.046238,0.7312513333333334,False,0.05058546117752619,False
26633,8,0.705615,-0.04176500000000005,0.746721,False,0.08160093348952657,False
146002,8,0.694647,-0.04320199999999996,0.7367566666666666,False,0.07241235274890674,False
124118,8,0.687197,-0.046627000000000085,0.7329483333333333,False,0.054448646703284295,False
209546,8,0.702637,-0.043883000000000005,0.7459729999999999,False,0.06625842880220173,False
293540,8,0.707253,-0.045637999999999956,0.7508816666666668,False,0.023451862337889495,False
130111,8,0.697406,-0.04392700000000005,0.740458,False,0.06434950868853845,False
1701,8,0.682128,-0.048806000000000016,0.7295396666666667,False,0.14273242191638638,False
24025,8,0.625075,-0.05607699999999993,0.6800916666666668,False,0.32432203422272243,False
211694,8,0.714607,-0.04133600000000004,0.75563,False,0.05796969485381379,False
101255,8,0.719625,-0.041750000000000065,0.760841,False,0.03824062374419678,False
299391,8,0.692304,-0.04425599999999996,0.739661,False,0.06408879766751463,False
139883,8,0.706741,-0.042269,0.7514683333333333,False,0.05950725717623029,False
238555,8,0.72282,-0.04085799999999995,0.7629296666666666,False,0.07571785736816607,False
221333,8,0.686098,-0.04610500000000006,0.7312383333333333,False,0.0405163551779588,False
30741,8,0.671707,-0.045989999999999975,0.7169763333333333,False,0.0638219931268965,False
123314,8,0.689119,-0.04713999999999996,0.7349223333333333,False,0.08498482490098562,False
119325,8,0.677404,-0.06018900000000005,0.73094,True,0.4908401843631566,False
86574,8,0.701325,-0.043506000000000045,0.7433730000000001,False,0.07067173874159689,False
341911,8,0.687062,-0.04527300000000001,0.7315056666666666,False,0.03616403885138477,False
30866,8,0.705445,-0.04240699999999997,0.7474483333333333,False,0.06532267456105406,False
340723,8,0.711283,-0.04157299999999997,0.7520513333333333,False,0.06558118565711321,False
332911,8,0.705189,-0.04150700000000007,0.7461896666666666,False,0.09856693829918835,False
211089,8,0.690619,-0.04450500000000002,0.7372900000000001,False,0.06967023144804586,False
281527,8,0.711761,-0.04279100000000002,0.752961,False,0.044984507712171266,False
164419,8,0.692514,-0.04388800000000004,0.7350753333333332,False,0.050962067577735276,False
334030,8,0.664982,-0.06252800000000003,0.7216536666666666,True,0.5510153932786921,False
213058,8,0.705919,-0.04425200000000007,0.7489413333333333,False,0.027132023135562917,False
350737,8,0.702421,-0.040710000000000024,0.7456076666666666,False,0.1473438596150376,False
22780,8,0.656471,-0.04945100000000002,0.705405,False,0.09642459765371209,False
112321,8,0.693086,-0.06424099999999999,0.749292,True,0.6336448137374588,True
281168,8,0.731531,-0.04036099999999998,0.7708786666666666,False,0.07454566574632099,False
53587,8,0.694446,-0.04479599999999995,0.7384780000000001,False,0.04664008746863287,False
139041,8,0.717945,-0.042629999999999946,0.7593623333333334,False,0.042571380286139424,False
199191,8,0.699742,-0.04476000000000002,0.7434379999999999,False,0.05078590435281786,False
338428,8,0.672409,-0.046175999999999995,0.7173613333333334,False,0.07413321800844988,False
48625,8,0.697407,-0.04617800000000005,0.742288,False,0.06206483971529911,False
297458,8,0.722844,-0.041284999999999905,0.7629666666666667,False,0.06938863215476598,False
137752,8,0.697575,-0.043711000000000055,0.7408250000000001,False,0.07227684555285253,False
229734,8,0.660433,-0.050283999999999995,0.7095316666666668,False,0.13265717689924908,False
244855,8,0.679867,-0.04660399999999998,0.7247893333333333,False,0.0719850043052446,False
264979,8,0.673873,-0.06345699999999999,0.7306523333333333,True,0.5617068911461227,False
314019,8,0.675603,-0.046886000000000094,0.7214700000000001,False,0.09420489972566787,False
104633,8,0.704657,-0.03992000000000007,0.7456433333333333,False,0.13982576817483255,False
284266,8,0.666059,-0.0483610000000001,0.7171273333333333,False,0.12731767193591406,False
277317,8,0.690626,-0.043493000000000004,0.733514,False,0.0731021408732226,False
289428,8,0.678348,-0.046163000000000065,0.723429,False,0.07910698316774645,False
288255,8,0.715493,-0.04338199999999992,0.7573249999999999,False,0.025128911258664816,False
67314,8,0.707942,-0.04391400000000001,0.750431,False,0.026495977688079222,False
219794,8,0.710347,-0.041789000000000076,0.7516473333333332,False,0.0562493739546503,False
130367,8,0.695012,-0.04556400000000005,0.7386093333333333,False,0.05603780827016489,False
335544,8,0.666606,-0.048891999999999936,0.7139596666666667,False,0.12013013960864674,False
123930,8,0.655202,-0.04632000000000003,0.7012796666666666,False,0.08822765079272489,False
236708,8,0.68462,-0.046991000000000005,0.7305336666666666,False,0.06695971406595022,False
146068,8,0.715166,-0.04016200000000003,0.7549656666666666,False,0.09083853971008896,False
298673,8,0.695618,-0.04310000000000003,0.7376573333333333,False,0.08302424180422242,False
207425,8,0.714858,-0.04209200000000002,0.7566896666666666,False,0.02773330380863405,False
328962,8,0.629466,-0.05362699999999998,0.681534,False,0.2277085444286157,False
145738,8,0.684011,-0.04705899999999996,0.7299423333333334,False,0.05816891773583408,False
146341,8,0.702993,-0.043533000000000044,0.751045,False,0.07476716006446951,False
138873,8,0.635172,-0.05141300000000004,0.686016,False,0.1931351312703768,False
191182,8,0.638873,-0.04871799999999993,0.6862613333333334,False,0.1314663327583519,False
256131,8,0.714184,-0.04352099999999992,0.756564,False,0.020756798249084697,False
158606,8,0.696976,-0.04498799999999992,0.7411383333333333,False,0.05738014986244359,False
115457,8,0.708898,-0.04419200000000001,0.751773,False,0.01894731662343373,False
281875,8,0.682374,-0.051871,0.7311426666666666,True,0.25845433340688334,False
129303,8,0.692498,-0.047170000000000045,0.7382559999999999,False,0.11331787977416492,False
267138,8,0.715919,-0.040742000000000056,0.75589,False,0.0779412806090564,False
169951,8,0.696742,-0.042267000000000055,0.7424213333333333,False,0.09646215206352209,False
164722,8,0.714263,-0.04191200000000006,0.7593909999999999,False,0.04916955382953054,False
356768,8,0.64241,-0.05435400000000001,0.6954433333333334,False,0.26208890067004137,False
254496,8,0.690327,-0.045538999999999996,0.7346370000000001,False,0.04142783680280146,False
35337,8,0.658125,-0.06043900000000002,0.7132773333333334,True,0.4728037533137625,False
58369,8,0.70852,-0.042443999999999926,0.7504043333333333,False,0.05424071424746855,False
12406,8,0.717556,-0.041842000000000046,0.7581289999999999,False,0.039785339081354586,False
345496,8,0.677593,-0.04673000000000005,0.72329,False,0.08852790408767608,False
153878,8,0.683377,-0.045262000000000024,0.7286549999999999,False,0.03403421770016281,False
210325,8,0.663874,-0.04620500000000005,0.7095956666666666,False,0.10341189024011423,False
125140,8,0.714394,-0.04159600000000008,0.7556476666666666,False,0.05048283724574613,False
41313,8,0.6913,-0.04697899999999999,0.737227,False,0.08644924660446707,False
255155,8,0.684999,-0.04483799999999993,0.7289453333333333,False,0.03467074956549613,False
127400,8,0.701561,-0.04473400000000005,0.7458413333333334,False,0.05876633575104785,False
246777,8,0.728741,-0.040768000000000026,0.7683260000000001,False,0.06783673209619054,False
302698,8,0.681119,-0.04383399999999993,0.7242556666666666,False,0.07432660167902672,False
111754,8,0.685096,-0.046018,0.729809,False,0.03414171474548616,False
20302,8,0.719783,-0.04168700000000003,0.7609009999999999,False,0.04821781923764972,False
284802,8,0.680047,-0.046183000000000085,0.725159,False,0.06263691604317811,False
305939,8,0.694621,-0.043099999999999916,0.7398006666666667,False,0.09136057297492693,False
163429,8,0.71388,-0.04116900000000001,0.7541509999999999,False,0.07560308986910236,False
278058,8,0.678562,-0.06108199999999997,0.733498,True,0.5056577318402393,False
221571,8,0.691252,-0.046404,0.7366199999999999,False,0.06617549153425326,False
78147,8,0.724615,-0.039973000000000036,0.7639023333333333,False,0.08959039116350748,False
173617,8,0.712256,-0.04374699999999998,0.754938,False,0.021456559602924835,False
138685,8,0.663376,-0.06374000000000002,0.72063,True,0.578889356467352,False
290414,8,0.657483,-0.04958399999999996,0.7058736666666667,False,0.09595085477342676,False
358375,8,0.675133,-0.04884500000000003,0.7221730000000001,False,0.15976040258093577,False
35631,8,0.705363,-0.043484999999999996,0.7480426666666666,False,0.04661716532408942,False
337039,8,0.728516,-0.04164699999999999,0.7689893333333334,False,0.05925884604860196,False
267075,8,0.705695,-0.04308500000000004,0.7481696666666666,False,0.05261311430290414,False
29821,8,0.711994,-0.042798,0.7536936666666666,False,0.044984507712171266,False
294318,8,0.688017,-0.04513400000000001,0.7321036666666667,False,0.03733346961701258,False
39523,8,0.722209,-0.041756000000000015,0.763078,False,0.04011913767121194,False
77643,8,0.720365,-0.04181899999999994,0.761181,False,0.036467925314046856,False
237717,8,0.716505,-0.041519000000000084,0.7565683333333334,False,0.05462982480257324,False
5069,8,0.704389,-0.04430899999999993,0.747432,False,0.033607317652109524,False
11028,8,0.705356,-0.04504700000000006,0.7491443333333333,False,0.03346424560077576,False
303657,8,0.672801,-0.04542299999999999,0.7175426666666667,False,0.06951440352442047,False
311699,8,0.685972,-0.055895999999999946,0.7376886666666667,True,0.3887082729484725,False
242357,8,0.664328,-0.050184000000000006,0.7133106666666666,False,0.15296033267609813,False
120646,8,0.707412,-0.041131999999999946,0.7475033333333334,False,0.09714561267727535,False
312417,8,0.694127,-0.04301299999999997,0.7367103333333334,False,0.0835811423913229,False
224622,8,0.671488,-0.04774400000000001,0.7185876666666666,False,0.1228685677804989,False
357412,8,0.720647,-0.040727999999999986,0.7612903333333333,False,0.06861686699393313,False
198943,8,0.693834,-0.046991000000000005,0.7398159999999999,False,0.09449959211335833,False
252370,8,0.708194,-0.04516699999999996,0.7519006666666667,False,0.024273824651126583,False
332523,8,0.697601,-0.044763,0.741715,False,0.056869700597629934,False
145060,8,0.688263,-0.045003000000000015,0.732456,False,0.038908296822956524,False
37435,8,0.687196,-0.046665999999999985,0.732776,False,0.04971390339178761,False
282713,8,0.723271,-0.041544000000000025,0.7636,False,0.05862016289878894,False
289239,8,0.703851,-0.04087600000000002,0.7440163333333333,False,0.14522975645235564,False
360446,8,0.708135,-0.04341500000000009,0.7510326666666667,False,0.034911850545670656,False
189600,8,0.669971,-0.04705300000000001,0.7168056666666667,False,0.08707268393530428,False
299,8,0.704601,-0.04504699999999995,0.748265,False,0.04018016383581723,False
225332,8,0.673345,-0.053042000000000034,0.7287773333333334,True,0.2684001907474143,False
31778,8,0.702515,-0.04401900000000003,0.7460286666666667,False,0.058861384808725985,False
60517,8,0.689083,-0.04734000000000005,0.7349733333333334,False,0.08787754373329686,False
58654,8,0.730338,-0.04023699999999997,0.7694793333333334,False,0.07826093844610696,False
153709,8,0.713846,-0.04328200000000004,0.756186,False,0.024606802571667055,False
339757,8,0.689101,-0.061822000000000044,0.743395,True,0.5706709218476648,False
336321,8,0.688495,-0.04544999999999999,0.73324,False,0.04103553473597516,False
308512,8,0.714622,-0.042483999999999966,0.7562596666666667,False,0.032688164619896064,False
210260,8,0.689251,-0.05847800000000003,0.741965,True,0.46708559970666247,False
50819,8,0.704523,-0.04336899999999999,0.749187,False,0.051656836639158696,False
37149,8,0.705832,-0.043424999999999936,0.7478319999999999,False,0.045864983032560966,False
161225,8,0.70455,-0.04239999999999999,0.7463056666666666,False,0.07636339615800383,False
362293,8,0.720401,-0.04226800000000008,0.7613696666666666,False,0.027906783115569517,False
178389,8,0.630258,-0.052813,0.6822583333333334,False,0.22469951065065302,False
221208,8,0.653762,-0.04994900000000002,0.7033373333333333,False,0.10935070873401193,False
41291,8,0.686719,-0.04496500000000003,0.7310796666666667,False,0.03966304759494922,False
365214,8,0.701578,-0.04325800000000002,0.7441383333333333,False,0.07067173874159689,False
333281,8,0.698986,-0.04868600000000001,0.74808,True,0.18793207304971338,False
7737,8,0.675627,-0.045441000000000065,0.7203446666666666,False,0.0781591062597187,False
329588,8,0.673193,-0.04767699999999997,0.7203813333333334,False,0.13113971644708233,False
317105,8,0.665001,-0.049817,0.7138663333333333,False,0.13277123256388967,False
361689,8,0.675215,-0.04476199999999997,0.719861,False,0.08531973285623815,False
281131,8,0.67398,-0.04749300000000001,0.7203306666666668,False,0.11914359970167673,False
343638,8,0.698842,-0.045209000000000055,0.7425743333333333,False,0.046582196018289605,False
189790,8,0.700549,-0.05371199999999998,0.7497933333333333,True,0.34639650171323344,False
340726,8,0.629847,-0.05377799999999999,0.6882429999999999,False,0.2447404657699651,False
72525,8,0.712008,-0.043040999999999996,0.7545576666666666,False,0.03559058758869729,False
65444,8,0.728676,-0.04055900000000001,0.768376,False,0.07991615201591545,False
319360,8,0.703091,-0.04297099999999998,0.7448376666666666,False,0.08481538775532357,False
358935,8,0.68568,-0.04740700000000009,0.7318976666666667,False,0.09773511689658744,False
100448,8,0.713013,-0.04025999999999996,0.752646,False,0.10127070152983224,False
222075,8,0.698648,-0.04598599999999997,0.7434786666666667,False,0.05922289437725221,False
69369,8,0.684276,-0.04902200000000001,0.7364233333333333,True,0.15405134398519357,False
151722,8,0.653006,-0.04904700000000006,0.7011270000000001,False,0.08564168266631277,False
38033,8,0.69234,-0.04575600000000002,0.7373643333333333,False,0.053607403861169925,False
128351,8,0.686912,-0.04755900000000002,0.7337196666666667,False,0.1131847306169611,False
342871,8,0.700949,-0.04370799999999997,0.7435863333333333,False,0.061402609947505724,False
13912,8,0.66585,-0.049010999999999916,0.714168,False,0.12015001835747963,False
351129,8,0.683555,-0.04062399999999999,0.728916,False,0.1486299726662839,False
297365,8,0.677753,-0.043121999999999994,0.727013,False,0.09701068839471326,False
240570,8,0.688875,-0.04647499999999993,0.7340593333333333,False,0.05373747768032711,False
86317,8,0.704429,-0.044565999999999995,0.748059,False,0.0437297770173934,False
99561,8,0.702069,-0.044570999999999916,0.7473383333333333,False,0.06066169602542363,False
261740,8,0.670115,-0.04513100000000003,0.7167493333333333,False,0.0862950818789582,False
29971,8,0.72039,-0.041991,0.7608459999999999,False,0.031431801134895306,False
4101,8,0.705658,-0.044235000000000024,0.7490070000000001,False,0.027132023135562917,False
176472,8,0.6975,-0.042876000000000025,0.7398176666666667,False,0.10217737968080777,False
85669,8,0.693974,-0.045906,0.73855,False,0.047862938032548014,False
128393,8,0.718798,-0.04196599999999995,0.760171,False,0.03753814606557537,False
24702,8,0.651149,-0.04827400000000004,0.6985473333333333,False,0.09508028896666294,False
350152,8,0.721679,-0.04002900000000009,0.763979,False,0.0843613400179734,False
235514,8,0.708735,-0.04186699999999999,0.754125,False,0.05497866309984528,False
213078,8,0.707274,-0.044314000000000076,0.7504719999999999,False,0.01156852420797544,False
285706,8,0.703791,-0.04609099999999999,0.7482886666666667,False,0.06970296971631805,False
360795,8,0.712763,-0.041949000000000014,0.753876,False,0.04352402544171913,False
105461,8,0.703179,-0.04282799999999998,0.745193,False,0.10361811607198208,False
266248,8,0.682865,-0.04798899999999995,0.7295513333333333,False,0.12685069621596526,False
195779,8,0.701787,-0.04468899999999998,0.744835,False,0.06087367915038328,False
84715,8,0.692043,-0.043843000000000076,0.7344613333333333,False,0.050962067577735276,False
131659,8,0.69153,-0.044731999999999994,0.7351833333333332,False,0.02973021822752265,False
367955,8,0.693716,-0.04370300000000005,0.7365626666666666,False,0.061279667772286314,False
170017,8,0.678573,-0.04814700000000005,0.7256926666666667,False,0.1399512301430925,False
225994,8,0.669248,-0.04586900000000005,0.7139323333333333,False,0.08418350969789666,False
266161,8,0.67057,-0.04789399999999999,0.7175569999999999,False,0.1301974869933253,False
83876,8,0.678692,-0.047302999999999984,0.7248293333333332,False,0.10273543796082651,False
29327,8,0.694881,-0.044413000000000036,0.7382503333333333,False,0.05061617094924545,False
247815,8,0.721385,-0.043590999999999935,0.7629196666666666,False,0.020774449887148636,False
149552,8,0.689039,-0.0453070000000001,0.7334886666666667,False,0.038908296822956524,False
68617,8,0.706299,-0.04417700000000002,0.7496183333333333,False,0.027039709057183402,False
65934,8,0.703085,-0.04280100000000009,0.7451253333333333,False,0.10216062110847628,False
289682,8,0.711338,-0.044293999999999945,0.7543920000000001,False,0.010750558055446462,False
353036,8,0.673142,-0.06046399999999996,0.7273679999999999,True,0.47067886386276586,False
36396,8,0.727735,-0.039753999999999956,0.767273,False,0.09740937920542618,False
138966,8,0.702248,-0.04509399999999997,0.7462960000000001,False,0.0592772442464624,False
63441,8,0.681916,-0.045184,0.7263856666666667,False,0.03832720795593293,False
129973,8,0.661626,-0.04755699999999996,0.7077453333333333,False,0.08419316752337641,False
185429,8,0.720872,-0.041982000000000075,0.7615463333333333,False,0.031431801134895306,False
308443,8,0.719892,-0.040888000000000035,0.7602053333333334,False,0.07964530480001929,False
227942,8,0.720367,-0.041425000000000045,0.761237,False,0.05844171287093337,False
117806,8,0.691926,-0.04356099999999996,0.7350646666666667,False,0.05478138292745997,False
319275,8,0.69321,-0.044816999999999996,0.7374689999999999,False,0.04623147093798037,False
146037,8,0.67027,-0.04455100000000001,0.7148310000000001,False,0.09418259895840242,False
324282,8,0.687622,-0.04802400000000007,0.7349713333333333,False,0.12828040879743635,False
112065,8,0.715676,-0.041603999999999974,0.756298,False,0.05178206544770637,False
51332,8,0.693678,-0.04647000000000001,0.738234,False,0.0670820110709483,False
262451,8,0.679922,-0.04692799999999997,0.728098,False,0.07131208381901386,False
338784,8,0.692086,-0.04487300000000005,0.7407673333333333,False,0.059169453364858626,False
185753,8,0.678739,-0.04806100000000002,0.7256483333333333,False,0.14102667776069117,False
351224,8,0.702758,-0.04460200000000003,0.7459776666666667,False,0.05801747649661514,False
36066,8,0.660837,-0.04695499999999997,0.706728,False,0.08425962127717175,False
318029,8,0.697537,-0.04363400000000006,0.7407020000000001,False,0.0756229017901405,False
126286,8,0.721279,-0.04124799999999995,0.7617656666666667,False,0.062308771724519096,False
112886,8,0.659702,-0.048725999999999936,0.712653,False,0.11881848861835623,False
296341,8,0.67792,-0.04545600000000005,0.722699,False,0.07083369542578952,False
68587,8,0.711416,-0.04131699999999994,0.7521606666666667,False,0.07926625626986637,False
81030,8,0.700913,-0.04004200000000002,0.7405713333333334,False,0.1681940086564551,False
147721,8,0.726187,-0.03986400000000001,0.7659753333333333,False,0.09090819917774108,False
42982,8,0.695821,-0.045373,0.7404609999999999,False,0.05738014986244359,False
37220,8,0.721464,-0.041664000000000034,0.7626156666666667,False,0.05261014738666395,False
222077,8,0.680721,-0.04738500000000001,0.7272356666666667,False,0.10040650680956419,False
368857,8,0.66128,-0.04577399999999998,0.7061443333333334,False,0.0995095129361647,False
290049,8,0.701878,-0.04110199999999997,0.7451826666666667,False,0.1480020213616565,False
120031,8,0.701232,-0.04397899999999999,0.7441506666666666,False,0.05351586673094704,False
182981,8,0.702899,-0.043557999999999986,0.744965,False,0.07154133363207947,False
190306,8,0.704662,-0.04230400000000001,0.7463713333333333,False,0.07636339615800383,False
3407,8,0.681144,-0.04555100000000001,0.725445,False,0.04140650757494746,False
282746,8,0.68938,-0.046858999999999984,0.7346926666666667,False,0.06659212968838209,False
145852,8,0.706412,-0.043246999999999924,0.7482366666666667,False,0.040683504409091374,False
73495,8,0.701415,-0.04366199999999998,0.7446816666666667,False,0.07154133363207947,False
373790,8,0.708653,-0.04391200000000006,0.7512696666666666,False,0.026204444245493404,False
130825,8,0.720293,-0.050064,0.7662776666666667,True,0.19988293803130974,False
291382,8,0.696511,-0.04525999999999997,0.740457,False,0.05738014986244359,False
15622,8,0.624231,-0.07003599999999999,0.6871613333333334,True,0.6881525120872496,True
36287,8,0.704387,-0.04231499999999999,0.7458793333333333,False,0.08049046230027153,False
16663,8,0.692178,-0.046183000000000085,0.7370163333333334,False,0.055424099496702385,False
96200,8,0.707395,-0.04242800000000002,0.7499076666666666,False,0.0552252600579664,False
26522,8,0.701831,-0.04233399999999998,0.7432113333333333,False,0.09497050333455588,False
48390,8,0.701859,-0.058243000000000045,0.7541190000000001,True,0.4729845932934811,False
58650,8,0.700465,-0.04428500000000002,0.744355,False,0.04583491207010605,False
49453,8,0.685611,-0.04502099999999998,0.7333236666666666,False,0.0412396313000127,False
85277,8,0.672886,-0.047068,0.7190583333333334,False,0.0906125944168996,False
221777,8,0.709262,-0.043062000000000045,0.7514203333333334,False,0.04178652253310817,False
60058,8,0.655798,-0.04971199999999998,0.7035436666666666,False,0.10167218308776846,False
194081,8,0.694501,-0.04372799999999999,0.7370763333333334,False,0.06548921002255056,False
53736,8,0.661011,-0.06266700000000003,0.718055,True,0.5448626486545202,False
231649,8,0.72164,-0.041630000000000056,0.7624306666666666,False,0.050663720594939066,False
367671,8,0.70604,-0.042081000000000035,0.7474446666666666,False,0.0691086109112447,False
39449,8,0.681425,-0.046070000000000055,0.730036,False,0.039024709693580205,False
187595,8,0.692718,-0.04473500000000008,0.7365366666666667,False,0.039230510184033444,False
137340,8,0.678594,-0.049561999999999995,0.726444,False,0.13719715029281132,False
57487,8,0.658418,-0.050436000000000036,0.707969,False,0.14097400568090754,False
239717,8,0.712965,-0.04140900000000003,0.753133,False,0.07111183348205365,False
73206,8,0.701147,-0.043287000000000075,0.7458856666666667,False,0.07271408173643826,False
356664,8,0.723784,-0.04140200000000005,0.7639113333333333,False,0.06550861998746466,False
198461,8,0.67403,-0.05247000000000002,0.7234593333333333,True,0.2628079885674553,False
54309,8,0.681396,-0.04610599999999998,0.7259283333333334,False,0.046263896415388084,False
241331,8,0.698335,-0.042192999999999925,0.7422673333333334,False,0.09726938748303762,False
69445,8,0.703731,-0.044323,0.7473586666666666,False,0.05379654735017844,False
266171,8,0.692939,-0.04080499999999998,0.7362133333333333,False,0.1444413416766698,False
26289,8,0.688844,-0.04679999999999995,0.7345473333333333,False,0.05559088326315098,False
80132,8,0.657098,-0.04666999999999999,0.7027056666666667,False,0.08102746330827137,False
3770,8,0.685045,-0.047421999999999964,0.7314966666666667,False,0.09966548075350852,False
107090,8,0.67842,-0.04423299999999997,0.727369,False,0.060880798947128244,False
97425,8,0.661591,-0.04550199999999993,0.70635,False,0.10533822965858608,False
116619,8,0.71591,-0.03962599999999994,0.7556016666666667,False,0.10402583203968442,False
56117,8,0.690171,-0.04442800000000002,0.7339533333333333,False,0.048797443180315925,False
240273,8,0.704005,-0.04303000000000001,0.7454886666666667,False,0.07698603973259678,False
342598,8,0.666125,-0.04913600000000007,0.7193636666666666,False,0.13956890427880764,False
237881,8,0.678542,-0.05635100000000004,0.7297220000000001,True,0.38784594874816003,False
177892,8,0.694928,-0.046586000000000016,0.7400283333333334,False,0.08170278978009209,False
44907,8,0.665557,-0.045978000000000074,0.7105966666666667,False,0.08563506437508289,False
346692,8,0.711933,-0.042378999999999944,0.7536006666666667,False,0.039084779367936216,False
282789,8,0.678118,-0.046157000000000004,0.7231766666666667,False,0.07880806792828866,False
47662,8,0.691378,-0.046956999999999915,0.7374736666666667,False,0.08789610787009056,False
325405,8,0.675993,-0.06265700000000007,0.7323689999999999,True,0.5579115396281106,False
82920,8,0.691864,-0.045619999999999994,0.7368776666666667,False,0.049422542117834464,False
81516,8,0.690174,-0.04493400000000003,0.7343846666666667,False,0.036623808021431496,False
20916,8,0.694896,-0.04549700000000001,0.7396226666666667,False,0.05276088166663234,False
49123,8,0.647403,-0.05157900000000004,0.6974713333333332,False,0.19221150836053957,False
89725,8,0.688961,-0.05397099999999999,0.738448,True,0.3344083372476977,False
201728,8,0.666292,-0.045487000000000055,0.710569,False,0.09283638277023411,False
172103,8,0.702559,-0.04208999999999996,0.748341,False,0.10046210823054737,False
141530,8,0.705397,-0.04253299999999993,0.746527,False,0.0726736585429698,False
122049,8,0.69943,-0.04285899999999998,0.7412433333333333,False,0.1048866370421239,False
229690,8,0.675015,-0.04439199999999999,0.7185676666666666,False,0.07882765673973262,False
247974,8,0.691994,-0.044987,0.7363346666666667,False,0.04444894762931481,False
30369,8,0.688711,-0.047085000000000043,0.7345613333333333,False,0.06758900082520375,False
191277,8,0.705981,-0.04205900000000007,0.747188,False,0.07171590828300288,False
306012,8,0.697369,-0.04286000000000001,0.740136,False,0.1014697262849305,False
209400,8,0.658529,-0.04794699999999996,0.7056363333333334,False,0.1018965897072101,False
31959,8,0.672727,-0.047653000000000056,0.7189323333333334,False,0.10625609675692228,False
85197,8,0.706352,-0.044254000000000016,0.7493903333333334,False,0.024519133421294335,False
117026,8,0.620109,-0.054902000000000006,0.6736376666666667,False,0.24850983895056677,False
357599,8,0.724241,-0.040152999999999994,0.7637703333333333,False,0.08929000500769561,False
193575,8,0.664817,-0.06389699999999998,0.7222363333333334,True,0.5754573814067442,False
177254,8,0.693686,-0.04210400000000003,0.7346776666666667,False,0.09326240437043744,False
279291,8,0.669139,-0.05879000000000001,0.72331,True,0.43527607451152156,False
347011,8,0.699745,-0.04213200000000006,0.7413976666666667,False,0.10621845626218958,False
55789,8,0.72267,-0.04228899999999991,0.7636613333333333,False,0.027757997483936148,False
277408,8,0.702018,-0.04350399999999999,0.7462059999999999,False,0.07606082691365788,False
140373,8,0.694221,-0.04540299999999997,0.7392133333333333,False,0.053973630306797395,False
240870,8,0.680144,-0.047310000000000074,0.7269136666666668,False,0.09340207131144546,False
188208,8,0.675753,-0.04815399999999992,0.7230043333333334,False,0.1427880954074664,False
120087,8,0.695406,-0.046872000000000025,0.7410990000000001,False,0.10122487304458626,False
312690,8,0.693935,-0.045428000000000024,0.7381509999999999,False,0.04928368349604214,False
207505,8,0.679612,-0.043718000000000035,0.7272173333333334,False,0.0706591199363156,False
80131,8,0.694332,-0.057809,0.7475636666666666,True,0.4628883282945169,False
114137,8,0.698995,-0.04458299999999993,0.7424909999999999,False,0.05003987734110731,False
139893,8,0.721732,-0.040974999999999984,0.7620783333333333,False,0.07116997341812614,False
204693,8,0.690346,-0.04671099999999995,0.7354566666666665,False,0.054132161295659335,False
332547,8,0.704219,-0.04400599999999999,0.7469886666666667,False,0.04665349474660097,False
82540,8,0.704495,-0.043599000000000054,0.747277,False,0.05090282319973469,False
38409,8,0.689152,-0.045848,0.7336786666666667,False,0.041329149405854894,False
124782,8,0.69476,-0.043821,0.7412983333333334,False,0.07176579097101952,False
51599,8,0.715855,-0.04256799999999994,0.7576206666666666,False,0.034761863044125034,False
302100,8,0.712643,-0.041933,0.7539986666666666,False,0.04352402544171913,False
184101,8,0.703885,-0.044221000000000066,0.747157,False,0.05120976111536717,False
303520,8,0.70907,-0.041439000000000004,0.749772,False,0.07585368099328489,False
33568,8,0.717493,-0.040808999999999984,0.7575886666666666,False,0.07823231537503841,False
334993,8,0.667047,-0.04611300000000007,0.7168453333333332,False,0.09049641827272549,False
216161,8,0.696765,-0.04570099999999999,0.7411613333333333,False,0.05952618687167652,False
48896,8,0.722714,-0.04158600000000001,0.7632056666666666,False,0.05576700757928404,False
292002,8,0.714303,-0.041993999999999976,0.755579,False,0.033167596917165476,False
306491,8,0.714159,-0.042798,0.7557863333333333,False,0.03499994991014358,False
6019,8,0.704496,-0.04319899999999999,0.7466483333333334,False,0.05633782764605439,False
73158,8,0.69424,-0.04417800000000005,0.7373306666666667,False,0.049363885324503365,False
264951,8,0.687615,-0.045628,0.73202,False,0.036169941131895665,False
347806,8,0.688996,-0.04275099999999998,0.7314466666666667,False,0.10389848289703205,False
199295,8,0.665069,-0.04727799999999993,0.7116210000000001,False,0.08569555612267131,False
249974,8,0.70171,-0.04490700000000003,0.7476753333333334,False,0.05704171192349571,False
1130,8,0.694114,-0.045711999999999975,0.7385606666666668,False,0.04928368349604214,False
138091,8,0.696065,-0.04334799999999994,0.7415813333333334,False,0.08159368323500324,False
324734,8,0.708035,-0.04244100000000006,0.7496079999999999,False,0.05490248344479988,False
14470,8,0.687398,-0.05831200000000003,0.7416839999999999,True,0.454226998027775,False
254615,8,0.728548,-0.04017000000000004,0.7677423333333334,False,0.08280200741615086,False
371112,8,0.710824,-0.04385399999999995,0.7533246666666665,False,0.035031321241314604,False
52418,8,0.70149,-0.053002000000000105,0.75066,True,0.33150625050885824,False
156960,8,0.681005,-0.044238,0.7270606666666666,False,0.051433401099672475,False
139042,8,0.703094,-0.04554199999999997,0.7471779999999999,False,0.059035138867622364,False
346047,8,0.692956,-0.04259999999999997,0.7382369999999999,False,0.11201000331110585,False
111477,8,0.715758,-0.040941000000000005,0.7562216666666667,False,0.07886961897103743,False
369972,8,0.716867,-0.04303800000000002,0.759093,False,0.03700257945729487,False
21930,8,0.701187,-0.04528299999999996,0.7455603333333333,False,0.057849739563381436,False
352159,8,0.686736,-0.04664199999999996,0.7320679999999999,False,0.04976272975906834,False
111043,8,0.68782,-0.04549000000000003,0.7357706666666667,False,0.04353595457189426,False
145684,8,0.700483,-0.042198999999999987,0.7422283333333333,False,0.09996281282024076,False
282579,8,0.716651,-0.041675999999999935,0.7576536666666667,False,0.051553903308375414,False
70407,8,0.698495,-0.05398000000000003,0.7479816666666667,True,0.36774892661802916,False
316526,8,0.705145,-0.04415400000000003,0.7482503333333334,False,0.032906993020907715,False
83707,8,0.690862,-0.04569400000000001,0.7352073333333333,False,0.04142783680280146,False
138403,8,0.692073,-0.04657,0.7379036666666666,False,0.07264346013027223,False
53893,8,0.652041,-0.04711799999999999,0.7035156666666667,False,0.08916343799337845,False
193738,8,0.703788,-0.045229000000000075,0.7474250000000001,False,0.0583164559443292,False
178349,8,0.661295,-0.05113500000000004,0.7112603333333333,False,0.16736747299170615,False
56673,8,0.709577,-0.04238799999999998,0.7531736666666666,False,0.045655589782312204,False
281137,8,0.723102,-0.04155900000000001,0.7637093333333334,False,0.05576700757928404,False
295170,8,0.704719,-0.052790000000000004,0.752703,True,0.31370385169185944,False
106743,8,0.682928,-0.044211,0.7257156666666665,False,0.05259095834913556,False
336048,8,0.649239,-0.05205199999999999,0.7000436666666667,False,0.20747415877327743,False
290048,8,0.721902,-0.040682999999999914,0.7619133333333333,False,0.06718304538712684,False
232328,8,0.705576,-0.04241800000000007,0.7473746666666666,False,0.0679253166687114,False
136716,8,0.702041,-0.04418899999999992,0.7456443333333334,False,0.058861384808725985,False
142788,8,0.723483,-0.04266900000000007,0.7648126666666667,False,0.0361972210018549,False
183321,8,0.703211,-0.04281800000000002,0.7450146666666667,False,0.10361811607198208,False
35924,8,0.704467,-0.04360700000000006,0.747189,False,0.054980503019506334,False
139258,8,0.705454,-0.04243699999999995,0.746954,False,0.0679253166687114,False
110140,8,0.700938,-0.04474800000000001,0.7447786666666666,False,0.060194460800407745,False
345899,8,0.717142,-0.0401450000000001,0.7563836666666667,False,0.08862996087392806,False
42001,8,0.707001,-0.043830000000000036,0.7501886666666667,False,0.021615057055494227,False
258744,8,0.700772,-0.04413100000000003,0.7443803333333333,False,0.05351586673094704,False
330879,8,0.72212,-0.04019000000000006,0.7615456666666667,False,0.08070073380803003,False
367696,8,0.637717,-0.05128699999999997,0.687421,False,0.19143555989628222,False
149415,8,0.724025,-0.041876000000000024,0.7645686666666668,False,0.04608719977835927,False
198691,8,0.682016,-0.04643800000000009,0.7279376666666666,False,0.05351056871042406,False
36466,8,0.708213,-0.04391299999999998,0.7513010000000001,False,0.026495977688079222,False
81158,8,0.728581,-0.040383999999999975,0.7680103333333334,False,0.08280200741615086,False
104248,8,0.689741,-0.04668099999999997,0.7350636666666667,False,0.054132161295659335,False
99829,8,0.680179,-0.048099,0.7273676666666665,False,0.13045660865357425,False
110615,8,0.696676,-0.041544000000000025,0.7381626666666666,False,0.12238178140438233,False
157284,8,0.676936,-0.046402000000000054,0.7228636666666667,False,0.08714298293288383,False
138656,8,0.703579,-0.04356100000000007,0.7460476666666667,False,0.0701055340403805,False
94036,8,0.650516,-0.05032100000000006,0.6994776666666667,False,0.12992375405075732,False
274088,8,0.699954,-0.043220000000000036,0.7420913333333333,False,0.07476980472099766,False
215856,8,0.672689,-0.04628600000000005,0.723309,False,0.09203471888086931,False
263638,8,0.695815,-0.04599200000000003,0.7406856666666667,False,0.059822396310291855,False
130970,8,0.693137,-0.04422300000000001,0.7364913333333334,False,0.044103378320787784,False
308944,8,0.630529,-0.05390499999999998,0.682794,False,0.23821096306871026,False
344652,8,0.697721,-0.04435,0.7416163333333333,False,0.05662901958878238,False
327837,8,0.698012,-0.04409200000000002,0.7413820000000001,False,0.06721428547479423,False
285929,8,0.681819,-0.048190000000000066,0.7289046666666666,False,0.12362746011648762,False
128075,8,0.690045,-0.04701999999999995,0.7356753333333333,False,0.06802555135443183,False
62855,8,0.686228,-0.04627300000000001,0.7314546666666666,False,0.05058546117752619,False
209186,8,0.71544,-0.04237600000000008,0.757151,False,0.02282574754760225,False
349665,8,0.720204,-0.042744000000000004,0.7614826666666666,False,0.027529269063392356,False
110430,8,0.699708,-0.04366800000000004,0.7426793333333334,False,0.06208221693079382,False
66818,8,0.702765,-0.04349400000000003,0.745613,False,0.07606082691365788,False
286046,8,0.688343,-0.046292,0.7336320000000001,False,0.05456176552545085,False
156471,8,0.701214,-0.04329099999999997,0.743829,False,0.07067173874159689,False
173239,8,0.706676,-0.04198600000000008,0.7481293333333333,False,0.07049640328711584,False
196038,8,0.690609,-0.04534399999999994,0.7350276666666667,False,0.03930020004369309,False
305402,8,0.717102,-0.03922899999999996,0.7593503333333333,False,0.1335135326433966,False
200562,8,0.708174,-0.04109000000000007,0.7486983333333334,False,0.10339335905477827,False
200078,8,0.720934,-0.040935000000000055,0.7615493333333333,False,0.06810669321321294,False
16829,8,0.704253,-0.042398999999999964,0.7460153333333333,False,0.0833770953675049,False
179768,8,0.707605,-0.04275999999999991,0.7495536666666668,False,0.0588217543800954,False
290771,8,0.717537,-0.04275300000000004,0.759169,False,0.04242964902534793,False
121981,8,0.687729,-0.04449099999999995,0.7313523333333333,False,0.046277982023660874,False
254798,8,0.677283,-0.04657800000000001,0.7227466666666666,False,0.08775270624537028,False
165388,8,0.652598,-0.050258000000000025,0.7008036666666667,False,0.12055691972904893,False
311969,8,0.723712,-0.04193599999999997,0.7641376666666666,False,0.0384082343607081,False
41833,8,0.680127,-0.04731999999999992,0.725816,False,0.09823526816699243,False
221187,8,0.710673,-0.04485399999999995,0.75443,False,0.02884965804207513,False
119484,8,0.686289,-0.04660999999999993,0.7314556666666666,False,0.04976272975906834,False
115574,8,0.717043,-0.04302499999999998,0.758741,False,0.029489490126157057,False
309588,8,0.670664,-0.04597499999999999,0.7203763333333333,False,0.08868072160156848,False
208910,8,0.667047,-0.04515200000000008,0.7112596666666667,False,0.09403149639053915,False
16469,8,0.698795,-0.044604999999999895,0.7419563333333333,False,0.05694899342709583,False
4883,8,0.671835,-0.04741300000000004,0.7185263333333333,False,0.10431981821318513,False
87194,8,0.685349,-0.04628399999999999,0.7301073333333333,False,0.04327930249682812,False
186264,8,0.6578,-0.04810499999999995,0.7048796666666667,False,0.09430665565101773,False
109842,8,0.668524,-0.04919600000000002,0.716614,False,0.13173225670789962,False
20836,8,0.716618,-0.05463499999999999,0.7659293333333332,True,0.3552326687904661,False
60472,8,0.708162,-0.043321000000000054,0.7496453333333334,False,0.032284503197964894,False
256170,8,0.685153,-0.04718800000000001,0.731271,False,0.08609570830848585,False
249184,8,0.685787,-0.04698099999999994,0.7315363333333332,False,0.06505870169406941,False
320695,8,0.687483,-0.044943000000000066,0.7316003333333333,False,0.034659595408404416,False
352157,8,0.682855,-0.04555600000000004,0.7295993333333334,False,0.03747011946316281,False
100814,8,0.63394,-0.0535810000000001,0.6865193333333334,False,0.2391204568660825,False
115141,8,0.685812,-0.04705599999999999,0.7321103333333333,False,0.06505870169406941,False
164981,8,0.706381,-0.04300499999999996,0.7489753333333334,False,0.04996819117037038,False
30662,8,0.685435,-0.04773700000000003,0.7316513333333333,False,0.12300570290817216,False
283423,8,0.688507,-0.04457,0.7322639999999999,False,0.04882029364244938,False
335243,8,0.679564,-0.05995400000000006,0.7337823333333334,True,0.4957787732971968,False
276653,8,0.672338,-0.04979100000000003,0.720523,False,0.15602022034367974,False
174879,8,0.718404,-0.042628,0.7606916666666667,False,0.03250797993137758,False
34701,8,0.604018,-0.058121999999999896,0.6619183333333334,False,0.3770011976287497,False
139973,8,0.715646,-0.04225599999999996,0.757375,False,0.03403049719000514,False
1858,8,0.709937,-0.04154499999999994,0.7507323333333332,False,0.06969993632038263,False
354785,8,0.658367,-0.05012799999999995,0.707394,False,0.13281788532669225,False
144194,8,0.600329,-0.06107399999999996,0.6598996666666667,False,0.47818334852604827,False
161616,9,0.654191,-0.04879600000000006,0.701297,False,0.09439578000711082,False
221846,9,0.667571,-0.04258600000000001,0.7116133333333333,False,0.17210179738113424,False
84698,9,0.656608,-0.060263999999999984,0.7110733333333332,True,0.47134973642954464,False
114629,9,0.624089,-0.050261,0.6728836666666668,False,0.11519530406528124,False
83465,9,0.650885,-0.04835699999999998,0.6983143333333334,False,0.09798667795158873,False
369398,9,0.642893,-0.04871499999999995,0.6906820000000001,False,0.13233853928043085,False
13112,9,0.631853,-0.05043200000000003,0.6812096666666667,False,0.15814599617034447,False
235202,9,0.678214,-0.04280700000000004,0.7203256666666666,False,0.1489623970478006,False
104286,9,0.642375,-0.04637599999999997,0.6908086666666667,False,0.14559194988285107,False
224231,9,0.68024,-0.04449500000000006,0.7234746666666667,False,0.07204177724336226,False
12995,9,0.645274,-0.04312899999999997,0.6880863333333332,False,0.23017144936072753,False
74905,9,0.612303,-0.05452199999999996,0.6651323333333333,False,0.22492996275102695,False
294254,9,0.590473,-0.054871,0.6440063333333333,False,0.20345778383135257,False
265229,9,0.669389,-0.04350699999999996,0.7119923333333333,False,0.13534961531866202,False
366026,9,0.570318,-0.059541999999999984,0.6286983333333334,False,0.35560977559135676,False
269565,9,0.650363,-0.04597799999999996,0.695293,False,0.11951847487252308,False
242550,9,0.670307,-0.04997399999999996,0.7176263333333334,True,0.14735631479345365,False
82704,9,0.64952,-0.04777600000000004,0.6955406666666667,False,0.10935840690177252,False
213416,9,0.648864,-0.04838100000000001,0.6965606666666666,False,0.11490442448602767,False
45580,9,0.602271,-0.05379400000000001,0.6549393333333334,False,0.22884905030791558,False
280043,9,0.594233,-0.05365299999999995,0.6473773333333334,False,0.21017687274451505,False
50707,9,0.549786,-0.059733999999999954,0.6083393333333333,False,0.3131518478185824,False
28401,9,0.665567,-0.04573399999999994,0.710263,False,0.09138618011271815,False
33306,9,0.604685,-0.052278999999999964,0.655711,False,0.20846373768954568,False
23114,9,0.626258,-0.05002899999999999,0.6753023333333333,False,0.10361999467806668,False
114987,9,0.643705,-0.049960000000000004,0.6918596666666667,False,0.1339114821746473,False
325666,9,0.682218,-0.04275399999999996,0.7245563333333332,False,0.11640892832581737,False
92826,9,0.656741,-0.04630999999999996,0.7019536666666667,False,0.08611843753613838,False
165868,9,0.63321,-0.06029799999999996,0.6885893333333334,True,0.4857931828634996,False
306277,9,0.650397,-0.05432999999999999,0.7011193333333333,True,0.2582122335657048,False
219949,9,0.590798,-0.055220999999999965,0.6445846666666667,False,0.23604207084679804,False
81499,9,0.656504,-0.04743799999999998,0.7026129999999999,False,0.07315375856834395,False
278463,9,0.662189,-0.04613299999999998,0.708148,False,0.11024894056128554,False
180331,9,0.5792,-0.055889999999999995,0.6340793333333333,False,0.2347522666880182,False
294076,9,0.668435,-0.044964000000000004,0.7126983333333333,False,0.10130129559404594,False
160007,9,0.645384,-0.046574000000000004,0.6910823333333332,False,0.13429618628882484,False
288528,9,0.639991,-0.04833100000000001,0.6879046666666667,False,0.13849256711552113,False
125541,9,0.650209,-0.047292,0.697145,False,0.09756984530545848,False
271358,9,0.645264,-0.049338000000000104,0.693779,False,0.10969174317472921,False
165767,9,0.643646,-0.0464119999999999,0.689127,False,0.13913061220454498,False
52953,9,0.60951,-0.05438500000000002,0.6626443333333333,False,0.22528650675471076,False
57288,9,0.653095,-0.055616,0.7040286666666665,True,0.3155018951129416,False
116876,9,0.621775,-0.06736200000000003,0.6809066666666667,True,0.629487300114113,True
356263,9,0.658513,-0.044884000000000035,0.7021153333333334,False,0.10770193273587741,False
129087,9,0.668057,-0.04502499999999998,0.7121843333333334,False,0.10130129559404594,False
174160,9,0.667289,-0.04529099999999997,0.714678,False,0.08298108059407454,False
155560,9,0.668972,-0.04456799999999994,0.7126323333333332,False,0.10481390284423321,False
93665,9,0.660876,-0.04600899999999997,0.7056036666666667,False,0.0887594705931904,False
58485,9,0.616942,-0.04874200000000006,0.6647516666666666,False,0.16255232280100976,False
10211,9,0.660773,-0.04564199999999996,0.70578,False,0.09346317368294636,False
18889,9,0.652982,-0.04610100000000006,0.6984923333333333,False,0.1009490554788189,False
245392,9,0.646934,-0.04643900000000001,0.693094,False,0.129975134743371,False
354005,9,0.676381,-0.045591999999999966,0.720509,False,0.07735585090545143,False
315631,9,0.566325,-0.05971000000000004,0.6249633333333333,False,0.34252881816723385,False
131813,9,0.629628,-0.06497000000000008,0.6912256666666666,True,0.5784687661132413,False
99724,9,0.645828,-0.047229999999999994,0.692033,False,0.13079763512896292,False
215535,9,0.675384,-0.04510599999999998,0.719084,False,0.07028888240764854,False
351364,9,0.637761,-0.04850500000000002,0.6855103333333333,False,0.14280680881974914,False
26633,9,0.660527,-0.04508800000000002,0.7045073333333334,False,0.09825237866256424,False
146002,9,0.650057,-0.04459000000000002,0.6941843333333333,False,0.17101500495309008,False
124118,9,0.63805,-0.04914699999999994,0.686357,False,0.12905835136231977,False
209546,9,0.65555,-0.04708699999999999,0.701569,False,0.08525924624104159,False
293540,9,0.66149,-0.045763,0.7072113333333334,False,0.10242189948269177,False
130111,9,0.650684,-0.04672199999999993,0.6964743333333333,False,0.09895586058245741,False
1701,9,0.630689,-0.0514389999999999,0.6812503333333333,False,0.19210901763039492,False
24025,9,0.56517,-0.0599050000000001,0.623799,False,0.33814906867426414,False
211694,9,0.670508,-0.044099,0.713686,False,0.11184108680977214,False
101255,9,0.677023,-0.04260199999999992,0.719341,False,0.14338863263655136,False
299391,9,0.624014,-0.06829000000000007,0.6842926666666665,True,0.6621498876571306,True
139883,9,0.662866,-0.043875,0.7062056666666666,False,0.1450518676355571,False
238555,9,0.678779,-0.044041,0.721759,False,0.09076185163126088,False
221333,9,0.637285,-0.048812999999999995,0.6851953333333333,False,0.13620259525150172,False
30741,9,0.621904,-0.04980300000000004,0.670436,False,0.11455307540923111,False
123314,9,0.639637,-0.049482000000000026,0.6883383333333333,False,0.12078554292744836,False
119325,9,0.630915,-0.046489,0.6819706666666666,False,0.16269730208261102,False
86574,9,0.656102,-0.04522300000000001,0.7007526666666667,False,0.10309816168688657,False
341911,9,0.637124,-0.04993799999999993,0.685507,False,0.14222613523513625,False
30866,9,0.659687,-0.045757999999999965,0.704328,False,0.0934191433343314,False
340723,9,0.666488,-0.04479500000000003,0.710209,False,0.1029594774083033,False
332911,9,0.661913,-0.04327599999999998,0.7045993333333334,False,0.14492612470745175,False
211089,9,0.643827,-0.046791999999999945,0.6898566666666667,False,0.14271859382807042,False
281527,9,0.666074,-0.04568699999999992,0.7107956666666667,False,0.09138618011271815,False
164419,9,0.644846,-0.04766799999999993,0.6912539999999999,False,0.11801006531546644,False
334030,9,0.61552,-0.049462000000000006,0.6693373333333333,False,0.1422479323580087,False
213058,9,0.661381,-0.044537999999999967,0.7058236666666667,False,0.11870125040456908,False
350737,9,0.657547,-0.04487399999999997,0.7010329999999999,False,0.1173045851935442,False
22780,9,0.602301,-0.05417000000000005,0.6548980000000001,False,0.23801879260248124,False
112321,9,0.647515,-0.04557100000000003,0.6993093333333333,False,0.13250589812502986,False
281168,9,0.687474,-0.04405700000000001,0.730299,False,0.04225001163060814,False
53587,9,0.646116,-0.048329999999999984,0.6932680000000001,False,0.12458066728351738,False
139041,9,0.673769,-0.044176000000000104,0.7174296666666667,False,0.0840853206150835,False
199191,9,0.652442,-0.04730000000000001,0.6988953333333333,False,0.09303901467164992,False
338428,9,0.624872,-0.04753700000000005,0.6719553333333333,False,0.14076723461744475,False
48625,9,0.649613,-0.047794,0.6968683333333333,False,0.09975786678914444,False
297458,9,0.679301,-0.043543,0.7220913333333333,False,0.10226204543403533,False
137752,9,0.649784,-0.04779099999999992,0.696215,False,0.10376224489122986,False
229734,9,0.606367,-0.05406600000000006,0.6591723333333334,False,0.23335496179486473,False
244855,9,0.632143,-0.04772399999999999,0.6794936666666667,False,0.14337733195203178,False
264979,9,0.62425,-0.049623000000000084,0.6784843333333334,False,0.10256839747344296,False
314019,9,0.624835,-0.050767999999999924,0.674309,False,0.12360387209429206,False
104633,9,0.645964,-0.058692999999999995,0.6983993333333333,True,0.4059642598313194,False
284266,9,0.612938,-0.053120999999999974,0.6644723333333333,False,0.20584304683527563,False
277317,9,0.643802,-0.04682399999999998,0.6895156666666665,False,0.14271859382807042,False
289428,9,0.615612,-0.0627359999999999,0.6728236666666666,True,0.5361948234188963,False
288255,9,0.670653,-0.04483999999999999,0.715007,False,0.08546202261141012,False
67314,9,0.648643,-0.05929899999999999,0.7028136666666667,True,0.43622467771030876,False
219794,9,0.666671,-0.04367599999999994,0.709718,False,0.13984967912563873,False
130367,9,0.647621,-0.04739099999999996,0.694403,False,0.12330788813702194,False
335544,9,0.612728,-0.05387799999999998,0.6649440000000001,False,0.216035881330534,False
123930,9,0.605563,-0.04963899999999999,0.6540956666666666,False,0.1302532838927208,False
236708,9,0.632832,-0.051788000000000056,0.683021,False,0.2201304635991865,False
146068,9,0.671392,-0.04377399999999998,0.713962,False,0.11168866133232228,False
298673,9,0.652165,-0.043452999999999964,0.6955003333333334,False,0.17928984141211246,False
207425,9,0.659198,-0.05566000000000004,0.7103353333333334,True,0.3054124608127396,False
328962,9,0.572939,-0.056526999999999994,0.6284993333333333,False,0.24060225759030945,False
145738,9,0.626827,-0.05718400000000001,0.6806360000000001,True,0.3294610873104557,False
146341,9,0.658524,-0.04446899999999998,0.702681,False,0.12152430637065405,False
138873,9,0.579325,-0.05584699999999998,0.633694,False,0.22269314475990903,False
191182,9,0.588268,-0.05060500000000001,0.6382439999999999,False,0.09110779191037116,False
256131,9,0.669354,-0.044830000000000036,0.7137476666666668,False,0.092081605937728,False
158606,9,0.648518,-0.048458,0.6958193333333332,False,0.1119527229628579,False
115457,9,0.663061,-0.04583700000000002,0.7083496666666668,False,0.1057175887007349,False
281875,9,0.634122,-0.04825200000000007,0.6835803333333333,False,0.15778663273873977,False
129303,9,0.644132,-0.04836599999999991,0.6920993333333333,False,0.12458066728351738,False
267138,9,0.673228,-0.04269099999999992,0.7152693333333334,False,0.14964305452813384,False
169951,9,0.651506,-0.04523599999999994,0.6957523333333334,False,0.12852587489392664,False
164722,9,0.670769,-0.04349400000000003,0.7137356666666667,False,0.12866289749842788,False
356768,9,0.57696,-0.06545000000000001,0.6387113333333333,True,0.5501231690477156,False
254496,9,0.630849,-0.05947800000000003,0.6856806666666667,True,0.4513601934364367,False
35337,9,0.609515,-0.04860999999999993,0.662068,False,0.16374765330023963,False
58369,9,0.664019,-0.04450100000000001,0.7078343333333333,False,0.12917882745330148,False
12406,9,0.673765,-0.043791000000000024,0.7169063333333333,False,0.09705830301781432,False
345496,9,0.629458,-0.04813500000000004,0.6771246666666667,False,0.13164235399850688,False
153878,9,0.635243,-0.04813400000000001,0.6824196666666666,False,0.14970829786369808,False
210325,9,0.613728,-0.05014599999999991,0.6625603333333333,False,0.12884701552528788,False
125140,9,0.669506,-0.04488799999999993,0.7132966666666668,False,0.08666054239605066,False
41313,9,0.620859,-0.07044099999999998,0.6834793333333334,True,0.6937185872298063,True
255155,9,0.637255,-0.04774400000000001,0.6840303333333333,False,0.15226200243807309,False
127400,9,0.653688,-0.04787299999999994,0.7005146666666667,False,0.08980920674972295,False
246777,9,0.684836,-0.04390499999999997,0.7276953333333332,False,0.05849628274567014,False
302698,9,0.633371,-0.04774800000000001,0.6798143333333333,False,0.1544168028794188,False
111754,9,0.636299,-0.04879700000000009,0.6841696666666667,False,0.1421307506202938,False
20302,9,0.668797,-0.050985999999999976,0.7166833333333332,True,0.1809925780676146,False
284802,9,0.632089,-0.047957999999999945,0.6794553333333333,False,0.14534869378208176,False
305939,9,0.648329,-0.046292,0.6935570000000001,False,0.12671985049120252,False
163429,9,0.671189,-0.04269099999999992,0.7133726666666668,False,0.15930590782339052,False
278058,9,0.629966,-0.04859599999999997,0.682724,False,0.14080392791076607,False
221571,9,0.641727,-0.04952499999999993,0.6902116666666668,False,0.1229384491757428,False
78147,9,0.680751,-0.043864000000000014,0.723318,False,0.08913948340814885,False
173617,9,0.665585,-0.04667100000000002,0.7112813333333333,False,0.08184237721786158,False
138685,9,0.611851,-0.05152499999999993,0.6674476666666666,False,0.15951486867516096,False
290414,9,0.603477,-0.054006,0.6560090000000001,False,0.23657623361606406,False
358375,9,0.622761,-0.052371999999999974,0.6739573333333334,False,0.1874337982930478,False
35631,9,0.659427,-0.04593599999999998,0.704546,False,0.0891102534468217,False
337039,9,0.673747,-0.05476900000000007,0.7241420000000001,True,0.29669316672513585,False
267075,9,0.659475,-0.04621999999999993,0.70465,False,0.09160126119445718,False
29821,9,0.651263,-0.06073099999999998,0.7060163333333334,True,0.47706320668269214,False
294318,9,0.640346,-0.04767100000000002,0.6871713333333332,False,0.1276578105681541,False
39523,9,0.67687,-0.04533900000000002,0.7210146666666667,False,0.07519168681410233,False
77643,9,0.676372,-0.04399300000000006,0.7196403333333333,False,0.09804632962486344,False
237717,9,0.662644,-0.05386099999999994,0.7123909999999999,True,0.25168490380103253,False
5069,9,0.657382,-0.04700700000000002,0.7034896666666667,False,0.08231748016488924,False
11028,9,0.649079,-0.05627700000000002,0.7016126666666667,True,0.3495288158804177,False
303657,9,0.622376,-0.05042499999999994,0.6711336666666666,False,0.11598540202895212,False
311699,9,0.637382,-0.04859000000000002,0.6884073333333333,False,0.13561893922451151,False
242357,9,0.60962,-0.05470799999999998,0.6628200000000001,False,0.24398427130151976,False
120646,9,0.663784,-0.043628,0.7065800000000001,False,0.14935256699427224,False
312417,9,0.639313,-0.05481400000000003,0.6901933333333333,True,0.2856419259728024,False
224622,9,0.620849,-0.05063899999999999,0.6705229999999999,False,0.13119944309662812,False
357412,9,0.675809,-0.044838000000000044,0.7192769999999999,False,0.08804263694770714,False
198943,9,0.644215,-0.04961899999999997,0.692958,False,0.1062935011735549,False
252370,9,0.661455,-0.046738999999999975,0.7076699999999999,False,0.08753758564131796,False
332523,9,0.650856,-0.046745000000000037,0.6969403333333334,False,0.09750151897033585,False
145060,9,0.64065,-0.047612999999999905,0.687393,False,0.1276578105681541,False
37435,9,0.638148,-0.04904799999999998,0.6864020000000001,False,0.12905835136231977,False
282713,9,0.679443,-0.04382799999999998,0.7225096666666667,False,0.09281326623170813,False
289239,9,0.661293,-0.042557999999999985,0.7032903333333334,False,0.16416193443882815,False
360446,9,0.661191,-0.046943999999999986,0.7069586666666666,False,0.08738404704323997,False
189600,9,0.60737,-0.06260100000000002,0.6647883333333333,True,0.5371763998899376,False
299,9,0.658317,-0.04628399999999999,0.7041886666666667,False,0.08785073464503039,False
225332,9,0.625604,-0.04774099999999992,0.675112,False,0.13396884089241792,False
31778,9,0.656473,-0.04604200000000003,0.7018406666666667,False,0.09398008606869866,False
60517,9,0.638686,-0.050397000000000025,0.6880640000000001,False,0.15468277409521247,False
58654,9,0.686854,-0.04348400000000008,0.7292556666666666,False,0.06267385004551257,False
153709,9,0.668774,-0.045072,0.7132493333333333,False,0.08557462819344876,False
339757,9,0.643268,-0.04583300000000001,0.6944306666666668,False,0.15173802945504444,False
336321,9,0.640562,-0.047933,0.6876673333333333,False,0.13751068431089664,False
308512,9,0.669174,-0.04544799999999993,0.713634,False,0.08612958989748469,False
210260,9,0.641652,-0.04759899999999995,0.6928773333333332,False,0.1275259984754082,False
50819,9,0.65934,-0.04518299999999997,0.7039183333333333,False,0.10584078780165398,False
37149,9,0.660104,-0.04572799999999999,0.7050643333333334,False,0.08974301169857102,False
161225,9,0.659757,-0.04479299999999997,0.7037523333333334,False,0.10573800905002202,False
362293,9,0.674175,-0.04622599999999999,0.7190816666666667,False,0.08107041907077152,False
178389,9,0.574169,-0.056088999999999944,0.629166,False,0.22248938842869342,False
221208,9,0.599309,-0.054452999999999974,0.6522606666666667,False,0.23260202816993378,False
41291,9,0.638591,-0.04812799999999995,0.6856646666666667,False,0.13718765484557088,False
365214,9,0.653957,-0.047621000000000024,0.7001236666666667,False,0.07903087824295876,False
333281,9,0.654567,-0.044418999999999986,0.7004083333333333,False,0.1305020062108962,False
7737,9,0.60411,-0.07151699999999994,0.6669350000000001,True,0.7088141288095419,True
329588,9,0.622142,-0.05105100000000007,0.6720683333333334,False,0.14496206316527838,False
317105,9,0.589111,-0.0758899999999999,0.65631,True,0.7808213295102059,True
361689,9,0.626909,-0.04830599999999996,0.6740336666666668,False,0.13057381424569392,False
281131,9,0.623417,-0.050563000000000025,0.6729566666666668,False,0.1273423042666225,False
343638,9,0.651693,-0.047148999999999996,0.6981953333333334,False,0.09218752776448311,False
189790,9,0.654768,-0.04578099999999996,0.7031926666666667,False,0.09701823711147664,False
340726,9,0.574931,-0.054916000000000076,0.6294676666666666,False,0.16208366864109483,False
72525,9,0.66685,-0.04515799999999992,0.7113023333333333,False,0.09403149639053915,False
65444,9,0.684529,-0.044146999999999936,0.72748,False,0.043180743334859245,False
319360,9,0.657177,-0.04591400000000001,0.7021099999999999,False,0.09561250856142675,False
358935,9,0.635205,-0.05047499999999994,0.6846573333333333,False,0.1561674690138128,False
100448,9,0.668719,-0.044294000000000056,0.7116683333333333,False,0.10539042303378714,False
222075,9,0.649669,-0.048978999999999995,0.6976503333333334,False,0.09459366818139013,False
69369,9,0.637541,-0.04673499999999997,0.6850383333333333,False,0.16538254447404568,False
151722,9,0.599053,-0.05395300000000003,0.6513706666666667,False,0.22060161314444135,False
38033,9,0.644243,-0.048096999999999945,0.6915596666666666,False,0.11987530396452739,False
128351,9,0.637108,-0.04980399999999996,0.6861636666666667,False,0.14074252744899787,False
342871,9,0.654691,-0.04625800000000002,0.7000990000000001,False,0.0824451785992616,False
13912,9,0.599205,-0.06664500000000007,0.659972,True,0.6368610773921047,True
351129,9,0.639921,-0.04363400000000006,0.6825516666666666,False,0.241670906695418,False
297365,9,0.631283,-0.04647000000000001,0.676637,False,0.1511290304001526,False
240570,9,0.63928,-0.049595000000000056,0.6878350000000001,False,0.12256373089569518,False
86317,9,0.657627,-0.04680200000000001,0.7036836666666666,False,0.08701341665063199,False
99561,9,0.65505,-0.04701900000000003,0.701253,False,0.08868405144412035,False
261740,9,0.620509,-0.04960600000000004,0.6686233333333332,False,0.12527133803803192,False
29971,9,0.675811,-0.044578999999999924,0.7195273333333333,False,0.0974647303760497,False
4101,9,0.658338,-0.04732000000000003,0.7046296666666666,False,0.088528698614306,False
176472,9,0.651528,-0.04597200000000001,0.696468,False,0.1032526422709449,False
85669,9,0.646826,-0.04714799999999997,0.6935600000000001,False,0.12390519174989229,False
128393,9,0.673415,-0.04538300000000006,0.7176589999999999,False,0.06695121760248698,False
24702,9,0.599061,-0.05208800000000002,0.6498776666666667,False,0.2010874181877239,False
350152,9,0.679307,-0.042371999999999965,0.720898,False,0.13659432478077388,False
235514,9,0.664264,-0.04447100000000004,0.7078669999999999,False,0.12791784875410048,False
213078,9,0.653305,-0.053968999999999934,0.7040556666666666,True,0.24814343858877885,False
285706,9,0.657061,-0.04673000000000005,0.7035779999999999,False,0.07958524770178932,False
360795,9,0.667303,-0.045460000000000056,0.7115926666666667,False,0.0942875669470261,False
105461,9,0.656836,-0.04634300000000002,0.7020073333333333,False,0.0864183786300851,False
266248,9,0.63304,-0.04982500000000001,0.6822530000000001,False,0.142094262291021,False
195779,9,0.652695,-0.049092000000000025,0.7003193333333334,False,0.08708799736034638,False
84715,9,0.64564,-0.04640299999999997,0.6911896666666667,False,0.13515201920918982,False
131659,9,0.645332,-0.04619799999999996,0.6910413333333333,False,0.1430329635297653,False
367955,9,0.645953,-0.047763,0.6923626666666666,False,0.12217623751384371,False
170017,9,0.628097,-0.050475999999999965,0.6777966666666666,False,0.13252075531483345,False
225994,9,0.619022,-0.05022599999999999,0.6677956666666667,False,0.12305814021890489,False
266161,9,0.619702,-0.050868000000000024,0.6695786666666667,False,0.13982714544707597,False
83876,9,0.628707,-0.049984999999999946,0.677798,False,0.11601184244719752,False
29327,9,0.6471,-0.04778099999999996,0.6937583333333333,False,0.12490088583254064,False
247815,9,0.676712,-0.044673000000000074,0.7210243333333333,False,0.08397008059238632,False
149552,9,0.640881,-0.04815799999999992,0.6880886666666667,False,0.13583827888805988,False
68617,9,0.657774,-0.04852500000000004,0.7048496666666667,False,0.09839846453940854,False
65934,9,0.656899,-0.04618599999999995,0.7019566666666667,False,0.09412366525875861,False
289682,9,0.666631,-0.04470700000000005,0.7112003333333333,False,0.10150242791998582,False
353036,9,0.625429,-0.047713000000000005,0.6773923333333333,False,0.13662086038936302,False
36396,9,0.674287,-0.05344800000000005,0.7231703333333334,True,0.2672082060573963,False
138966,9,0.655082,-0.04716599999999993,0.7015573333333333,False,0.08624676166555895,False
63441,9,0.632842,-0.04907399999999995,0.6806193333333334,False,0.1394092476389783,False
129973,9,0.612077,-0.049549000000000065,0.660962,False,0.12992706675148322,False
185429,9,0.678254,-0.042617999999999934,0.72066,False,0.1474742331405836,False
308443,9,0.675932,-0.04396,0.718868,False,0.0949177606775803,False
227942,9,0.674874,-0.045493000000000006,0.7190110000000001,False,0.06910699523833395,False
117806,9,0.641887,-0.050039000000000056,0.6897666666666668,False,0.13943084963586333,False
319275,9,0.644712,-0.04849800000000004,0.691983,False,0.12969209123543693,False
146037,9,0.621593,-0.04867700000000008,0.6688946666666666,False,0.12809453687354116,False
324282,9,0.639638,-0.047983999999999916,0.6876353333333333,False,0.13751068431089664,False
112065,9,0.671276,-0.044399999999999995,0.7147439999999999,False,0.09231562585821597,False
51332,9,0.644845,-0.048833000000000015,0.6928903333333333,False,0.12130795582606135,False
262451,9,0.629753,-0.05016900000000002,0.6788416666666667,False,0.12985927790680898,False
338784,9,0.644828,-0.04725800000000002,0.691291,False,0.12932175709438143,False
185753,9,0.626856,-0.05188300000000001,0.6774650000000001,False,0.1802423550947344,False
351224,9,0.655051,-0.047706999999999944,0.701723,False,0.09281026320192373,False
36066,9,0.600309,-0.060528000000000026,0.6563126666666667,True,0.4767636654609201,False
318029,9,0.642231,-0.055305999999999966,0.6936463333333333,True,0.3121156701742676,False
126286,9,0.6773,-0.04397899999999999,0.7203686666666668,False,0.09804632962486344,False
112886,9,0.595081,-0.06462100000000004,0.6544036666666666,True,0.5893383185444383,False
296341,9,0.629083,-0.04883700000000002,0.676793,False,0.1160478968809516,False
68587,9,0.668754,-0.04266200000000009,0.7109676666666666,False,0.17187991820696832,False
81030,9,0.657368,-0.043545000000000056,0.6997453333333333,False,0.14932180529205683,False
147721,9,0.68176,-0.044426999999999994,0.724666,False,0.05455777463974575,False
42982,9,0.62978,-0.06604100000000002,0.6889316666666666,True,0.6278953646846104,False
37220,9,0.677097,-0.044367000000000045,0.720563,False,0.083339247568175,False
222077,9,0.63133,-0.049391000000000074,0.6800523333333333,False,0.12858646229705029,False
368857,9,0.612369,-0.04891099999999993,0.6602343333333334,False,0.15012441353234265,False
290049,9,0.65732,-0.044557999999999987,0.700726,False,0.1261551177548808,False
120031,9,0.654043,-0.047188999999999925,0.7001620000000001,False,0.0866943330781809,False
182981,9,0.657045,-0.04585400000000006,0.7021336666666667,False,0.09561250856142675,False
190306,9,0.658474,-0.04618800000000001,0.7033673333333333,False,0.08665632013798194,False
3407,9,0.630838,-0.05030599999999996,0.6795589999999999,False,0.14446254053324362,False
282746,9,0.641931,-0.04744899999999996,0.6891833333333333,False,0.1296952808088099,False
145852,9,0.659431,-0.04698100000000005,0.7051673333333334,False,0.08570500057097905,False
73495,9,0.656381,-0.04503400000000002,0.7009576666666666,False,0.10795320918315289,False
373790,9,0.661929,-0.04672399999999999,0.7077156666666666,False,0.08753758564131796,False
130825,9,0.678169,-0.04212399999999994,0.7229396666666666,False,0.1324137546379096,False
291382,9,0.648975,-0.04753600000000002,0.6957523333333334,False,0.10653437934815589,False
15622,9,0.568795,-0.05543599999999993,0.6290976666666667,False,0.19878407110015595,False
36287,9,0.661161,-0.04322599999999999,0.7040833333333333,False,0.14344069076323232,False
16663,9,0.643571,-0.048606999999999956,0.69137,False,0.12997068143360316,False
96200,9,0.660001,-0.04739400000000005,0.7057396666666667,False,0.0859874554147934,False
26522,9,0.656086,-0.045745000000000036,0.7006939999999999,False,0.10164101839841991,False
48390,9,0.65625,-0.04560900000000001,0.7060703333333334,False,0.10631328028095763,False
58650,9,0.653453,-0.047012000000000054,0.699556,False,0.0928169037715089,False
49453,9,0.636756,-0.04885499999999998,0.684333,False,0.13668176117729686,False
85277,9,0.609321,-0.06356499999999998,0.6673870000000001,True,0.5371114784820679,False
221777,9,0.661712,-0.04754999999999998,0.707766,False,0.08419316752337641,False
60058,9,0.604599,-0.051198999999999995,0.6553023333333333,False,0.16265481042913005,False
194081,9,0.635894,-0.058607000000000076,0.6895413333333332,True,0.41603031696570264,False
53736,9,0.609622,-0.05138900000000002,0.6647703333333334,False,0.16347474184051256,False
231649,9,0.678285,-0.04335499999999992,0.721065,False,0.11074475541858138,False
367671,9,0.66105,-0.044989999999999974,0.7050703333333334,False,0.09697561709868631,False
39449,9,0.631875,-0.04954999999999998,0.680265,False,0.12958068012360108,False
187595,9,0.645116,-0.04760199999999992,0.6917623333333333,False,0.11947828742453473,False
137340,9,0.627363,-0.051231000000000027,0.6780376666666666,False,0.1559086576581348,False
57487,9,0.604586,-0.05383199999999999,0.6572859999999999,False,0.22067000351703836,False
239717,9,0.668761,-0.04420399999999991,0.7120333333333333,False,0.11066432743371023,False
73206,9,0.654857,-0.04628999999999994,0.700146,False,0.08822765079272489,False
356664,9,0.680721,-0.04306299999999996,0.7232303333333334,False,0.11237537025014593,False
198461,9,0.625355,-0.048675000000000024,0.6752950000000001,False,0.11981137590124395,False
54309,9,0.631815,-0.049580999999999986,0.6802376666666667,False,0.12810562518564295,False
241331,9,0.652393,-0.04594200000000004,0.6970853333333333,False,0.1032526422709449,False
69445,9,0.658112,-0.045618999999999965,0.703299,False,0.0944142206903895,False
266171,9,0.649363,-0.04357599999999995,0.6920153333333333,False,0.19815103379655977,False
26289,9,0.638846,-0.04999799999999999,0.6877780000000001,False,0.13800632419735143,False
80132,9,0.607188,-0.04991000000000001,0.656018,False,0.12447452802862423,False
3770,9,0.635051,-0.04999399999999998,0.6841876666666667,False,0.13947979534703797,False
107090,9,0.630517,-0.04790300000000003,0.6771966666666667,False,0.13910446476903723,False
97425,9,0.61434,-0.04725100000000004,0.6610079999999999,False,0.20675393560120633,False
116619,9,0.672837,-0.04307300000000003,0.7147610000000001,False,0.12451081775542856,False
56117,9,0.643926,-0.04624499999999998,0.6895653333333334,False,0.14017734312213792,False
240273,9,0.659776,-0.04422899999999996,0.7036053333333333,False,0.11162726493930154,False
342598,9,0.615376,-0.05074899999999993,0.6655873333333333,False,0.14010061617353736,False
237881,9,0.630882,-0.047659999999999925,0.681439,False,0.1467285201609646,False
177892,9,0.646291,-0.04863700000000004,0.6942443333333334,False,0.12189077261745859,False
44907,9,0.616321,-0.049235999999999946,0.6644709999999999,False,0.1562840983536714,False
346692,9,0.66685,-0.045082999999999984,0.7110316666666666,False,0.09403149639053915,False
282789,9,0.628858,-0.04925999999999997,0.6770836666666668,False,0.11707543568331746,False
47662,9,0.642811,-0.04856700000000003,0.6908413333333333,False,0.13292431510056651,False
325405,9,0.627025,-0.0489679999999999,0.680556,False,0.12620306496179556,False
82920,9,0.64304,-0.04882400000000009,0.6907960000000001,False,0.13233853928043085,False
81516,9,0.642397,-0.04777699999999996,0.6892263333333334,False,0.12826046692811396,False
20916,9,0.646388,-0.048507999999999996,0.6938923333333333,False,0.12336162124841439,False
49123,9,0.592834,-0.05456899999999998,0.6464063333333333,False,0.23101990698634145,False
89725,9,0.641799,-0.04716200000000004,0.6912306666666668,False,0.14798102568847243,False
201728,9,0.616708,-0.04958399999999996,0.6649263333333334,False,0.1402614524171841,False
172103,9,0.657669,-0.044890000000000096,0.7016256666666667,False,0.1106254125445089,False
141530,9,0.661969,-0.04342800000000002,0.7050986666666667,False,0.15092313089221304,False
122049,9,0.652801,-0.04662900000000003,0.6981733333333334,False,0.09266997193855774,False
229690,9,0.610703,-0.06431200000000004,0.668375,True,0.5667535508165645,False
247974,9,0.642671,-0.049323000000000006,0.6905486666666666,False,0.12555798131968485,False
30369,9,0.639944,-0.048767000000000005,0.6881503333333333,False,0.13393939226716536,False
191277,9,0.659742,-0.04623899999999992,0.7045876666666667,False,0.08484240352255878,False
306012,9,0.650312,-0.047057000000000015,0.69597,False,0.10572094776921567,False
209400,9,0.605789,-0.05274000000000001,0.6569313333333334,False,0.208061381758294,False
31959,9,0.622175,-0.05055199999999993,0.6717606666666667,False,0.12768840559301858,False
85197,9,0.660741,-0.04561099999999996,0.7058996666666667,False,0.09346317368294636,False
117026,9,0.560772,-0.05933699999999997,0.6186306666666667,False,0.31828749511977356,False
357599,9,0.680695,-0.043545999999999974,0.72311,False,0.08965472010498403,False
193575,9,0.614835,-0.04998199999999997,0.6694553333333334,False,0.13024089429346514,False
177254,9,0.650198,-0.04348799999999997,0.6932246666666667,False,0.19791827558837657,False
279291,9,0.619547,-0.04959200000000008,0.6722049999999999,False,0.12050791825890776,False
347011,9,0.65595,-0.04379499999999992,0.6991906666666666,False,0.1509732198406148,False
55789,9,0.680767,-0.041903000000000024,0.7227986666666667,False,0.13587154248309627,False
277408,9,0.654878,-0.04714000000000007,0.700806,False,0.08401752015113613,False
140373,9,0.633595,-0.06062599999999996,0.6891466666666667,True,0.4820068840263215,False
240870,9,0.629387,-0.05075699999999994,0.678995,False,0.13937624518041783,False
188208,9,0.626108,-0.04964500000000005,0.6752560000000001,False,0.09674716673882475,False
120087,9,0.629812,-0.06559399999999993,0.6891653333333334,True,0.617494570062958,False
312690,9,0.646003,-0.047931999999999975,0.6931003333333333,False,0.12265718817619031,False
207505,9,0.631716,-0.04789599999999994,0.6782193333333334,False,0.14207046638771947,False
80131,9,0.641824,-0.052508,0.6960989999999999,True,0.23300536066100527,False
114137,9,0.649909,-0.049086000000000074,0.697494,False,0.09459366818139013,False
139893,9,0.67935,-0.04238200000000003,0.721263,False,0.12989066389511864,False
204693,9,0.64053,-0.04981599999999997,0.689311,False,0.1396458047157659,False
332547,9,0.658984,-0.045235000000000025,0.7038093333333334,False,0.10043775386418562,False
82540,9,0.655001,-0.04949399999999993,0.70253,False,0.08861950567790894,False
38409,9,0.641202,-0.04794999999999994,0.6884513333333334,False,0.13751068431089664,False
124782,9,0.646892,-0.04786800000000002,0.6934110000000001,False,0.12538243940989371,False
51599,9,0.66968,-0.046174999999999966,0.7146526666666667,False,0.08706062626275281,False
302100,9,0.668025,-0.044618000000000047,0.711748,False,0.1105054328385395,False
184101,9,0.656906,-0.04697899999999999,0.7029656666666666,False,0.08231748016488924,False
303520,9,0.662822,-0.046247999999999956,0.707467,False,0.10005359997096663,False
33568,9,0.672064,-0.04542900000000005,0.715953,False,0.06519841753307903,False
334993,9,0.609891,-0.057155999999999985,0.663366,True,0.3248685367636101,False
216161,9,0.647766,-0.048999000000000015,0.6956656666666666,False,0.10828676041553666,False
48896,9,0.663351,-0.059362999999999944,0.7167883333333332,True,0.4506376120942271,False
292002,9,0.669572,-0.044731000000000076,0.7133906666666666,False,0.09156578519273337,False
306491,9,0.668616,-0.045543,0.713244,False,0.09002182712743176,False
6019,9,0.657042,-0.047453999999999996,0.7030776666666667,False,0.0734518803460543,False
73158,9,0.646586,-0.047653999999999974,0.6930813333333333,False,0.11171350316156375,False
264951,9,0.63864,-0.04897499999999999,0.6864993333333334,False,0.1225609934584232,False
347806,9,0.6426,-0.046396000000000104,0.6877810000000001,False,0.1420966492291709,False
199295,9,0.613657,-0.05141200000000001,0.663691,False,0.16660708167921293,False
249974,9,0.654468,-0.047241999999999895,0.7009316666666666,False,0.08456603832640217,False
1130,9,0.64549,-0.048624,0.6931433333333333,False,0.12189077261745859,False
138091,9,0.647941,-0.048124000000000056,0.694473,False,0.11490698295490612,False
324734,9,0.663919,-0.04411599999999993,0.7074766666666666,False,0.1317890733889432,False
14470,9,0.641307,-0.04609099999999999,0.6914716666666667,False,0.16476462215929866,False
254615,9,0.685065,-0.04348299999999994,0.7274436666666667,False,0.06636056730688283,False
371112,9,0.662706,-0.048117999999999994,0.7094026666666666,False,0.11487377147014176,False
52418,9,0.655669,-0.045821,0.7038836666666667,False,0.10480969823016827,False
156960,9,0.634202,-0.04680299999999993,0.6801499999999999,False,0.1670161923009954,False
139042,9,0.655437,-0.04765699999999995,0.702389,False,0.08471653716255487,False
346047,9,0.647027,-0.045929,0.6918463333333333,False,0.14927341720746998,False
111477,9,0.670717,-0.045041,0.7143913333333334,False,0.08814819558958245,False
369972,9,0.672116,-0.044750999999999985,0.7162960000000002,False,0.07787247664325385,False
21930,9,0.655453,-0.04573400000000005,0.7010366666666666,False,0.10601540758170953,False
352159,9,0.637138,-0.04959800000000003,0.6857506666666667,False,0.12402680870029263,False
111043,9,0.639404,-0.048416000000000015,0.6868446666666667,False,0.1411982797307883,False
145684,9,0.652902,-0.047580999999999984,0.6986889999999999,False,0.08314508784258062,False
282579,9,0.672485,-0.04416600000000004,0.715821,False,0.08159173039242532,False
70407,9,0.652291,-0.04620400000000002,0.7010869999999999,False,0.10154241424989006,False
316526,9,0.658753,-0.04639199999999999,0.704399,False,0.0849580520655096,False
83707,9,0.643478,-0.04738399999999998,0.6902986666666666,False,0.13280300628779595,False
138403,9,0.64182,-0.0502530000000001,0.6908453333333333,False,0.15411724114480033,False
53893,9,0.602988,-0.04905300000000001,0.651396,False,0.14745956562857457,False
193738,9,0.658365,-0.04542299999999999,0.7037233333333334,False,0.10480969823016775,False
178349,9,0.607844,-0.053450999999999915,0.660523,False,0.22146479116321702,False
56673,9,0.665233,-0.04434400000000005,0.7089249999999999,False,0.1188302121450148,False
281137,9,0.67941,-0.043692000000000064,0.722391,False,0.09623340537350113,False
295170,9,0.660364,-0.04435500000000003,0.7075306666666666,False,0.11831626661894111,False
106743,9,0.637014,-0.04591400000000001,0.6823603333333333,False,0.19327221510822512,False
336048,9,0.592652,-0.056587000000000054,0.6477273333333333,False,0.3151707497052986,False
290048,9,0.67631,-0.04559200000000008,0.7202656666666667,False,0.07735585090545143,False
232328,9,0.658316,-0.04725999999999997,0.7039620000000001,False,0.08708140949119904,False
136716,9,0.655669,-0.04637200000000008,0.7013133333333332,False,0.0867805652855647,False
142788,9,0.679437,-0.04404600000000003,0.723024,False,0.08264836445068427,False
183321,9,0.65461,-0.048601000000000005,0.7012833333333334,False,0.08761154399620621,False
35924,9,0.651143,-0.05332399999999993,0.701228,True,0.22425033502184913,False
139258,9,0.657968,-0.04748600000000003,0.703771,False,0.08230174613235532,False
110140,9,0.655551,-0.045386999999999955,0.7007249999999999,False,0.1074755115234906,False
345899,9,0.674056,-0.04308599999999996,0.7161616666666667,False,0.1211511534173501,False
42001,9,0.658112,-0.04888899999999996,0.7053146666666666,False,0.1011485590203562,False
258744,9,0.652647,-0.04812499999999997,0.6994406666666667,False,0.09076969105616439,False
330879,9,0.678177,-0.043942999999999954,0.720869,False,0.09804632962486344,False
367696,9,0.584393,-0.05332399999999993,0.637038,False,0.16612605755293727,False
149415,9,0.67983,-0.044194999999999984,0.723252,False,0.07580895148994707,False
198691,9,0.63233,-0.04968600000000001,0.6809333333333333,False,0.14524208989866466,False
36466,9,0.662776,-0.04543699999999995,0.7077049999999999,False,0.10985005743231346,False
81158,9,0.686095,-0.042486000000000024,0.7278803333333334,False,0.10009270600431007,False
104248,9,0.641362,-0.04837900000000006,0.689175,False,0.13670444479473912,False
99829,9,0.629638,-0.05054099999999995,0.6793650000000001,False,0.14833750424818645,False
110615,9,0.65164,-0.045035999999999965,0.6955119999999999,False,0.13597240633845567,False
157284,9,0.615313,-0.06162299999999998,0.6718623333333333,True,0.4970100950851487,False
138656,9,0.644644,-0.05893499999999996,0.6984543333333333,True,0.4059642598313194,False
94036,9,0.598182,-0.05233399999999999,0.649845,False,0.20636722644565358,False
274088,9,0.653341,-0.046613000000000016,0.698823,False,0.09152053880712403,False
215856,9,0.623142,-0.04954700000000001,0.671602,False,0.10335308078752226,False
263638,9,0.6482,-0.04761499999999996,0.695274,False,0.10865736740555379,False
130970,9,0.633502,-0.059634999999999994,0.6879996666666667,True,0.4628425621690381,False
308944,9,0.573834,-0.05669500000000005,0.6295989999999999,False,0.23553317008167346,False
344652,9,0.649165,-0.048556000000000044,0.696319,False,0.10678419978148744,False
327837,9,0.648007,-0.050004999999999966,0.696041,False,0.1189134230070921,False
285929,9,0.631796,-0.05002299999999993,0.6812079999999999,False,0.14144336553745018,False
128075,9,0.641589,-0.048456000000000055,0.6895663333333334,False,0.13991830447328407,False
62855,9,0.620569,-0.06565899999999991,0.679766,True,0.6087897730141525,False
209186,9,0.668823,-0.04661700000000002,0.7140263333333333,False,0.08597125255349873,False
349665,9,0.665189,-0.055014999999999925,0.7161136666666666,True,0.27174512243854154,False
110430,9,0.653903,-0.045804999999999985,0.6989956666666667,False,0.10527575869972639,False
66818,9,0.654821,-0.04794399999999999,0.7012816666666666,False,0.09104813433239309,False
286046,9,0.638991,-0.04935200000000006,0.687323,False,0.12126523736680922,False
156471,9,0.654436,-0.046777999999999986,0.7000516666666666,False,0.08594366618267543,False
173239,9,0.643201,-0.06347499999999995,0.699513,True,0.536002144067643,False
196038,9,0.64055,-0.050059000000000076,0.6890373333333333,False,0.14091701419403777,False
305402,9,0.663614,-0.05348799999999998,0.712349,True,0.2430757393994332,False
200562,9,0.664653,-0.04352099999999992,0.7073636666666667,False,0.15425410738809386,False
200078,9,0.678275,-0.042659,0.7203593333333332,False,0.1474742331405836,False
16829,9,0.658271,-0.04598199999999997,0.7030586666666667,False,0.09010333162324262,False
179768,9,0.659792,-0.047812999999999994,0.7059206666666666,False,0.09577424520644193,False
290771,9,0.665629,-0.051907999999999954,0.7144853333333333,True,0.22841341018357433,False
121981,9,0.639441,-0.048288,0.6864633333333333,False,0.13226521325005733,False
254798,9,0.627362,-0.04992099999999999,0.6761686666666668,False,0.10361999467806668,False
165388,9,0.602427,-0.050170999999999966,0.652627,False,0.12839627642170892,False
311969,9,0.678256,-0.04545600000000005,0.7225386666666666,False,0.07083369542578952,False
41833,9,0.632081,-0.04804600000000003,0.679885,False,0.15807110043887398,False
221187,9,0.663447,-0.04722599999999999,0.7098823333333333,False,0.09755683810086127,False
119484,9,0.635802,-0.05048700000000006,0.6849966666666667,False,0.16065264614636895,False
115574,9,0.671717,-0.04532599999999998,0.716276,False,0.06714557775511876,False
309588,9,0.620585,-0.050078999999999985,0.6692960000000001,False,0.11895369957207447,False
208910,9,0.618268,-0.048778999999999906,0.665838,False,0.15507566565395295,False
16469,9,0.65236,-0.046435000000000004,0.6981850000000001,False,0.094961144675711,False
4883,9,0.621947,-0.04988799999999993,0.67101,False,0.11016137439366369,False
87194,9,0.63737,-0.047978999999999994,0.684784,False,0.15274961053176977,False
186264,9,0.607328,-0.05047200000000007,0.657011,False,0.12307497682827831,False
109842,9,0.616605,-0.05191900000000005,0.6676163333333333,False,0.19735034694373288,False
20836,9,0.672894,-0.043723999999999985,0.720255,False,0.10664428034045928,False
60472,9,0.663412,-0.044749999999999956,0.7076856666666668,False,0.11711724962172937,False
256170,9,0.635673,-0.04947999999999997,0.684389,False,0.13527426675591045,False
249184,9,0.637112,-0.048675000000000024,0.6852223333333334,False,0.13620259525150172,False
320695,9,0.637092,-0.050390999999999964,0.685667,False,0.1576615166356511,False
352157,9,0.636047,-0.04680799999999996,0.6824376666666666,False,0.1655158175742776,False
100814,9,0.576527,-0.057412999999999936,0.6326626666666667,False,0.26655106474773316,False
115141,9,0.634606,-0.051205999999999974,0.6844286666666667,False,0.19567708013862478,False
164981,9,0.659555,-0.046826000000000034,0.7051073333333333,False,0.08296843017313427,False
30662,9,0.634376,-0.051058999999999966,0.6843276666666668,False,0.18612541232184238,False
283423,9,0.640716,-0.04779100000000003,0.6874333333333333,False,0.1337580241239687,False
335243,9,0.630887,-0.04867699999999997,0.683323,False,0.14021603889799333,False
276653,9,0.600478,-0.07186000000000003,0.6649816666666667,True,0.7235220107909532,True
174879,9,0.673256,-0.04514800000000008,0.717564,False,0.07577861243864868,False
34701,9,0.539097,-0.064921,0.6017516666666667,False,0.472247740531263,False
139973,9,0.670005,-0.04564100000000004,0.7145176666666666,False,0.08097056580013216,False
1858,9,0.665214,-0.04472300000000007,0.7088776666666666,False,0.11067711045945999,False
354785,9,0.604761,-0.05360600000000004,0.6572076666666667,False,0.22067000351703836,False
144194,9,0.535465,-0.06486400000000003,0.5990656666666666,False,0.4872895344574873,False
161616,10,0.604641,-0.04954999999999998,0.6539396666666667,False,0.13172979239884644,False
221846,10,0.62221,-0.045360999999999985,0.6666460000000001,False,0.24015834766002173,False
84698,10,0.610178,-0.04642999999999997,0.6612193333333333,False,0.22108921694765443,False
114629,10,0.556876,-0.06721299999999997,0.6184383333333333,True,0.5770047976658855,False
83465,10,0.59986,-0.0510250000000001,0.6499956666666667,False,0.15398470855712393,False
369398,10,0.568138,-0.07475500000000002,0.634213,True,0.7316936999541428,True
13112,10,0.579602,-0.05225100000000005,0.6312466666666666,False,0.11548006671624374,False
235202,10,0.620989,-0.05722499999999997,0.6734079999999999,True,0.3211898484927575,False
104286,10,0.59378,-0.048595000000000055,0.6416353333333333,False,0.16326266535911335,False
224231,10,0.635268,-0.0449719999999999,0.680081,False,0.21638188254425328,False
12995,10,0.598152,-0.047122,0.643943,False,0.208064013581131,False
74905,10,0.556217,-0.05608600000000008,0.6117816666666667,False,0.20213335565208793,False
294254,10,0.533017,-0.05745600000000006,0.5896113333333334,False,0.22996070739048863,False
265229,10,0.62277,-0.046618999999999966,0.6683516666666667,False,0.16743865882202616,False
366026,10,0.50838,-0.06193799999999994,0.5695193333333334,False,0.32871531801640186,False
269565,10,0.602836,-0.047526999999999986,0.6498466666666667,False,0.2046904368008273,False
242550,10,0.623807,-0.046499999999999986,0.671465,False,0.1588928732602045,False
82704,10,0.600572,-0.04894799999999999,0.6491293333333333,False,0.15866737736536088,False
213416,10,0.598102,-0.050761999999999974,0.6480703333333334,False,0.13617083764443236,False
45580,10,0.545645,-0.056625999999999954,0.6013270000000001,False,0.19509084556498443,False
280043,10,0.536866,-0.05736700000000006,0.592995,False,0.21398498989915934,False
50707,10,0.485012,-0.064774,0.548106,False,0.37962158760851594,False
28401,10,0.618297,-0.047270000000000034,0.6650550000000001,False,0.18949246725834645,False
33306,10,0.549204,-0.055481,0.6036176666666667,False,0.1575740231353957,False
23114,10,0.571693,-0.054564999999999975,0.624746,False,0.15279256255976398,False
114987,10,0.590857,-0.052848000000000006,0.6427423333333333,False,0.16378861384436114,False
325666,10,0.636379,-0.04583899999999996,0.6811896666666666,False,0.1978327824171355,False
92826,10,0.606658,-0.05008299999999999,0.6554833333333333,False,0.12150262702406461,False
165868,10,0.580894,-0.05231600000000003,0.6358706666666667,False,0.1382593071406606,False
306277,10,0.601298,-0.049099000000000004,0.6521406666666666,False,0.15319695637624975,False
219949,10,0.531373,-0.05942500000000006,0.5893966666666667,False,0.31487091528089584,False
81499,10,0.605532,-0.05097200000000002,0.655326,False,0.1475060049522218,False
278463,10,0.612615,-0.04957400000000001,0.661042,False,0.12845177753233777,False
180331,10,0.518617,-0.060583000000000053,0.5776356666666667,False,0.3150272607912411,False
294076,10,0.620592,-0.04784299999999997,0.6674753333333333,False,0.13741928894032926,False
160007,10,0.594444,-0.050939999999999985,0.6439286666666666,False,0.11222513257121688,False
288528,10,0.586631,-0.05335999999999996,0.6383146666666667,False,0.1627626694637494,False
125541,10,0.598694,-0.05151500000000009,0.6488013333333333,False,0.15698741387348403,False
271358,10,0.595644,-0.04962,0.6451699999999999,False,0.12245409492241323,False
165767,10,0.593608,-0.05003800000000003,0.6424373333333334,False,0.10830691904966021,False
52953,10,0.552002,-0.057508000000000004,0.608469,False,0.21606358471714482,False
57288,10,0.605746,-0.047348999999999974,0.6558506666666667,False,0.20983125569906833,False
116876,10,0.572212,-0.04956299999999991,0.627708,False,0.13247208187052917,False
356263,10,0.596744,-0.06176899999999996,0.6528846666666667,True,0.5024246973178206,False
129087,10,0.619713,-0.048344000000000054,0.6669506666666667,False,0.1612613404923358,False
174160,10,0.622666,-0.04462299999999997,0.6675116666666666,False,0.2514238267431519,False
155560,10,0.623108,-0.045864000000000016,0.66854,False,0.21282576492077832,False
93665,10,0.61277,-0.04810599999999998,0.660177,False,0.1770853623607877,False
58485,10,0.562889,-0.05405300000000002,0.6151716666666667,False,0.1439871519321043,False
10211,10,0.590843,-0.06993000000000005,0.6526770000000001,True,0.7105822487357925,True
18889,10,0.604412,-0.04857,0.652159,False,0.16320057064244886,False
245392,10,0.595201,-0.05173300000000003,0.6451693333333334,False,0.15263345331053746,False
354005,10,0.628349,-0.048031999999999964,0.6755676666666667,False,0.13540371468064827,False
315631,10,0.501889,-0.06443599999999994,0.5647496666666667,False,0.4170433542318496,False
131813,10,0.58063,-0.048997999999999986,0.6349520000000001,False,0.1393027172621639,False
99724,10,0.597038,-0.04879,0.645308,False,0.15133308725668587,False
215535,10,0.626652,-0.048732,0.6741753333333333,False,0.11394354280317129,False
351364,10,0.587145,-0.050615999999999994,0.6370573333333334,False,0.09823784495290254,False
26633,10,0.612634,-0.04789299999999996,0.659592,False,0.17887840418653447,False
146002,10,0.601952,-0.04810499999999995,0.6488853333333333,False,0.1980050860843046,False
124118,10,0.585683,-0.05236700000000005,0.6369766666666666,False,0.14920719514954858,False
209546,10,0.605748,-0.04980200000000001,0.6546449999999999,False,0.12080391203177127,False
293540,10,0.611055,-0.05043500000000001,0.6599326666666667,False,0.11958311346450305,False
130111,10,0.587196,-0.06348799999999999,0.6450953333333334,True,0.5109406832757583,False
1701,10,0.568172,-0.06251700000000004,0.6269963333333334,True,0.4726176862900427,False
24025,10,0.486188,-0.07898199999999994,0.5588110000000001,True,0.7664465282429801,True
211694,10,0.622594,-0.04791400000000001,0.6692363333333334,False,0.14379068099275308,False
101255,10,0.630179,-0.046844,0.675609,False,0.1556921406579453,False
299391,10,0.573827,-0.05018699999999998,0.6300483333333333,False,0.10538259300165176,False
139883,10,0.616637,-0.046228999999999965,0.6620813333333333,False,0.22955463350398672,False
238555,10,0.629725,-0.04905400000000004,0.677108,False,0.11732647549867661,False
221333,10,0.583954,-0.05333100000000002,0.635779,False,0.16124718753210565,False
30741,10,0.569584,-0.05232000000000003,0.6210650000000001,False,0.11386008161682348,False
123314,10,0.586856,-0.05278099999999997,0.6385373333333334,False,0.1445247043512194,False
119325,10,0.579753,-0.05116200000000004,0.6293573333333333,False,0.09672621983195843,False
86574,10,0.608826,-0.047275999999999985,0.6554176666666667,False,0.20591306529769599,False
341911,10,0.58526,-0.05186400000000002,0.636482,False,0.1296567341583041,False
30866,10,0.610557,-0.04913000000000001,0.658563,False,0.15422652002159443,False
340723,10,0.617574,-0.04891400000000001,0.665115,False,0.15384500394617495,False
332911,10,0.61526,-0.046652999999999945,0.6607873333333333,False,0.22232502415608438,False
211089,10,0.592922,-0.05090500000000009,0.642456,False,0.1003097510432638,False
281527,10,0.617457,-0.04861700000000002,0.6650973333333333,False,0.16314620367325658,False
164419,10,0.595235,-0.04961100000000007,0.6441983333333333,False,0.12385119946697831,False
334030,10,0.562741,-0.05277899999999991,0.6144143333333333,False,0.10688682196836306,False
213058,10,0.61215,-0.049231000000000025,0.6598166666666666,False,0.14809062618318336,False
350737,10,0.612386,-0.04516100000000001,0.6574513333333333,False,0.2701608876268414,False
22780,10,0.545252,-0.057049000000000016,0.6013413333333334,False,0.18371875711730679,False
112321,10,0.597799,-0.04971599999999998,0.6461333333333333,False,0.1406935061767235,False
281168,10,0.639584,-0.04788999999999999,0.6861963333333333,False,0.13393488651164048,False
53587,10,0.593333,-0.052783000000000024,0.6446316666666667,False,0.17164377815104162,False
139041,10,0.625605,-0.048163999999999985,0.6724396666666667,False,0.12909808759404118,False
199191,10,0.602297,-0.050144999999999995,0.6514936666666666,False,0.12692202256405646,False
338428,10,0.57348,-0.05139199999999999,0.623587,False,0.09322549572027633,False
48625,10,0.599442,-0.050170999999999966,0.6488206666666666,False,0.12665920053529126,False
297458,10,0.621159,-0.05814200000000003,0.6744346666666666,True,0.3558093744475315,False
137752,10,0.599599,-0.050185000000000035,0.648986,False,0.1330447419322313,False
229734,10,0.551704,-0.05466300000000002,0.6061679999999999,False,0.1401860384890181,False
244855,10,0.58115,-0.050992999999999955,0.6310533333333334,False,0.09531319216333237,False
264979,10,0.573116,-0.05113400000000001,0.6237463333333334,False,0.09589775498599383,False
314019,10,0.571015,-0.05381999999999998,0.6238176666666667,False,0.1355003716737211,False
104633,10,0.599256,-0.04670799999999997,0.649959,False,0.24682943198151244,False
284266,10,0.558234,-0.054703999999999975,0.6124103333333334,False,0.1500464477222229,False
277317,10,0.593872,-0.04993000000000003,0.6427666666666666,False,0.11412149824574108,False
289428,10,0.564216,-0.051396,0.619392,False,0.09738847958609881,False
288255,10,0.62232,-0.04833300000000007,0.6694886666666667,False,0.14254887576604092,False
67314,10,0.599607,-0.04903599999999997,0.652064,False,0.15021590887797753,False
219794,10,0.619241,-0.04742999999999997,0.6654196666666666,False,0.17232614455702028,False
130367,10,0.597389,-0.050232000000000054,0.646674,False,0.13756667567925007,False
335544,10,0.556289,-0.05643900000000002,0.6118743333333333,False,0.2170125737816335,False
123930,10,0.551077,-0.05448599999999992,0.6039473333333333,False,0.12306747492577574,False
236708,10,0.578949,-0.0538829999999999,0.6321336666666667,False,0.14004742326796538,False
146068,10,0.622713,-0.04867900000000003,0.669757,False,0.11935121077288892,False
298673,10,0.604197,-0.04796800000000001,0.6506599999999999,False,0.19171612100738952,False
207425,10,0.611319,-0.047879000000000005,0.6617916666666667,False,0.18110570465794387,False
328962,10,0.512576,-0.060362999999999944,0.5716603333333333,False,0.312123320902832,False
145738,10,0.574384,-0.05244300000000002,0.6284073333333334,False,0.12422139527567631,False
146341,10,0.609826,-0.04869800000000002,0.6571143333333334,False,0.16050633631071948,False
138873,10,0.520173,-0.05915199999999998,0.5782233333333333,False,0.27499324497187744,False
191182,10,0.532509,-0.055759,0.58655,False,0.1563171694282937,False
256131,10,0.621243,-0.048111000000000015,0.6682603333333333,False,0.134180413394834,False
158606,10,0.598029,-0.050489000000000006,0.647841,False,0.128546568899552,False
115457,10,0.614727,-0.04833399999999999,0.6622286666666667,False,0.18602371638179457,False
281875,10,0.58337,-0.05075199999999991,0.6332886666666667,False,0.09579172004004158,False
129303,10,0.593105,-0.051027000000000045,0.643245,False,0.1248750187530501,False
267138,10,0.610939,-0.06228900000000004,0.6666953333333333,True,0.5058457312534574,False
169951,10,0.605313,-0.04619300000000004,0.6511870000000001,False,0.2556747490599611,False
164722,10,0.624394,-0.046374999999999944,0.6698086666666666,False,0.16531032620934205,False
356768,10,0.516928,-0.060031999999999974,0.578766,False,0.2927587412436802,False
254496,10,0.579965,-0.05088400000000004,0.6337136666666666,False,0.09765786216574984,False
35337,10,0.558341,-0.05117400000000005,0.6086603333333334,False,0.11375553349561371,False
58369,10,0.615973,-0.04804600000000003,0.6628373333333334,False,0.18000579452776808,False
12406,10,0.628718,-0.04504699999999995,0.6733463333333333,False,0.21600813076918032,False
345496,10,0.563994,-0.06546399999999997,0.6236816666666667,True,0.5400536221049549,False
153878,10,0.584132,-0.05111100000000002,0.6342506666666666,False,0.1105643569620047,False
210325,10,0.545985,-0.067743,0.6078623333333334,True,0.5948766314755742,False
125140,10,0.622118,-0.0473880000000001,0.6686726666666667,False,0.1532226568099447,False
41313,10,0.568456,-0.05240300000000009,0.6268716666666667,False,0.13459463182231118,False
255155,10,0.586761,-0.05049400000000004,0.6363383333333333,False,0.09291971985686755,False
127400,10,0.603243,-0.05044500000000007,0.6528306666666667,False,0.1248573871259703,False
246777,10,0.629564,-0.05527199999999999,0.681047,True,0.2915292556376787,False
302698,10,0.583184,-0.05018699999999998,0.6325580000000001,False,0.10730591969696557,False
111754,10,0.566388,-0.06991099999999995,0.629261,True,0.6604466383436949,True
20302,10,0.621297,-0.04749999999999999,0.669959,False,0.14513406466401854,False
284802,10,0.580983,-0.051105999999999985,0.6310396666666667,False,0.09531319216333237,False
305939,10,0.598383,-0.049946000000000046,0.6471110000000001,False,0.134769235228956,False
163429,10,0.607506,-0.06368300000000005,0.6641916666666666,True,0.5592637948872671,False
278058,10,0.579303,-0.050663000000000014,0.629277,False,0.08754625903252079,False
221571,10,0.588009,-0.053718000000000043,0.6403293333333333,False,0.16552649394378216,False
78147,10,0.633552,-0.04719899999999999,0.6796393333333333,False,0.15950643196881376,False
173617,10,0.617234,-0.04835100000000003,0.665025,False,0.17422164174373672,False
138685,10,0.557684,-0.054167000000000076,0.6109703333333333,False,0.1436126335357712,False
290414,10,0.547532,-0.05594500000000002,0.6028306666666667,False,0.1749352339558986,False
358375,10,0.569103,-0.053657999999999983,0.6223323333333334,False,0.12684355222129368,False
35631,10,0.610631,-0.04879599999999995,0.6584736666666666,False,0.16198587460514652,False
337039,10,0.628306,-0.045440999999999954,0.6768563333333333,False,0.19754466812846846,False
267075,10,0.609798,-0.04967700000000008,0.6583226666666667,False,0.13113958215982183,False
29821,10,0.590179,-0.06108400000000003,0.6511453333333334,True,0.45331494298591046,False
294318,10,0.589895,-0.050451000000000024,0.6394193333333332,False,0.08879905978127055,False
39523,10,0.629911,-0.04695899999999997,0.67633,False,0.15544554551908854,False
77643,10,0.629525,-0.04684699999999997,0.6754206666666667,False,0.15121702194424108,False
237717,10,0.61748,-0.04516399999999998,0.665543,False,0.2601580043511702,False
5069,10,0.59988,-0.05750200000000005,0.6538836666666666,True,0.3528253040973127,False
11028,10,0.600942,-0.048136999999999985,0.6517923333333333,False,0.1912141735620037,False
303657,10,0.570188,-0.05218800000000001,0.6217883333333334,False,0.10827676837030419,False
311699,10,0.58597,-0.05141200000000001,0.6364413333333333,False,0.1121867377959754,False
242357,10,0.532048,-0.07757200000000009,0.6019986666666667,True,0.7904890261213021,True
120646,10,0.616732,-0.047052000000000094,0.6626426666666667,False,0.2214129758964056,False
312417,10,0.590281,-0.049032000000000076,0.6412403333333333,False,0.12851998270151982,False
224622,10,0.564835,-0.05601400000000001,0.6190573333333332,False,0.19832134675928562,False
357412,10,0.629078,-0.04673099999999997,0.675178,False,0.14443474517827024,False
198943,10,0.59079,-0.053424999999999945,0.6429463333333333,False,0.18397498372951196,False
252370,10,0.61185,-0.04960500000000001,0.6604996666666666,False,0.12992706675148322,False
332523,10,0.601844,-0.049011999999999944,0.6501003333333334,False,0.15617257579218247,False
145060,10,0.588536,-0.052114000000000105,0.6391496666666666,False,0.13481534157022768,False
37435,10,0.585767,-0.05238100000000001,0.637037,False,0.1516120798256256,False
282713,10,0.633285,-0.04615800000000003,0.6786663333333333,False,0.17859606854522636,False
289239,10,0.61544,-0.04585300000000003,0.6601946666666666,False,0.2621005593550349,False
360446,10,0.612535,-0.04865599999999992,0.6606203333333333,False,0.15732221195359153,False
189600,10,0.554843,-0.05252699999999999,0.6107279999999999,False,0.12707864887649686,False
299,10,0.607543,-0.050773999999999986,0.6568203333333335,False,0.1383387857226055,False
225332,10,0.575974,-0.04963000000000006,0.6249743333333333,False,0.11813287371610419,False
31778,10,0.606619,-0.049853999999999954,0.6552023333333333,False,0.12374513308095984,False
60517,10,0.585617,-0.05306899999999992,0.6377953333333334,False,0.1553039416160789,False
58654,10,0.640376,-0.04647800000000002,0.6858559999999999,False,0.14466535196132918,False
153709,10,0.620198,-0.04857599999999995,0.667606,False,0.14499037471137408,False
339757,10,0.595487,-0.04778099999999996,0.6426186666666666,False,0.17243114193718315,False
336321,10,0.589564,-0.05099799999999999,0.6395403333333333,False,0.10241756092416124,False
308512,10,0.621222,-0.047951999999999995,0.6683393333333334,False,0.13890064750796097,False
210260,10,0.592369,-0.049282999999999966,0.6410906666666666,False,0.1289563368859494,False
50819,10,0.610302,-0.049038000000000026,0.6580550000000001,False,0.15422652002159443,False
37149,10,0.611742,-0.048362000000000016,0.659226,False,0.1869975204612964,False
161225,10,0.611553,-0.048204000000000025,0.65862,False,0.18414866896070128,False
362293,10,0.609884,-0.06429099999999999,0.6681533333333333,True,0.5667535508165645,False
178389,10,0.515386,-0.05878300000000003,0.573271,False,0.24985362448880888,False
221208,10,0.539986,-0.059323000000000015,0.5976856666666667,False,0.2932357413641387,False
41291,10,0.586347,-0.05224400000000007,0.637219,False,0.1465047299405179,False
365214,10,0.602998,-0.05095899999999998,0.6528443333333334,False,0.14899419036308506,False
333281,10,0.607659,-0.04690800000000006,0.6537373333333333,False,0.24074033877747553,False
7737,10,0.537032,-0.06707800000000008,0.6055896666666666,True,0.5724778315071085,False
329588,10,0.565535,-0.05660699999999996,0.62029,False,0.2139490926471016,False
317105,10,0.532548,-0.05656300000000003,0.5955533333333333,False,0.18355313079388347,False
361689,10,0.575858,-0.05105100000000007,0.625994,False,0.10566306367836444,False
281131,10,0.569416,-0.054000999999999966,0.622271,False,0.14451508480879735,False
343638,10,0.600807,-0.05088599999999999,0.6504473333333333,False,0.14589929488217265,False
189790,10,0.606678,-0.048089999999999966,0.6539983333333333,False,0.18635438934117884,False
340726,10,0.515682,-0.059248999999999996,0.5734866666666667,False,0.2660035242324344,False
72525,10,0.6184,-0.048450000000000104,0.6657526666666667,False,0.1644225767327215,False
65444,10,0.638805,-0.0457240000000001,0.6840033333333334,False,0.20040666822526573,False
319360,10,0.586963,-0.070214,0.649077,True,0.7070037182476211,True
358935,10,0.581163,-0.054042000000000034,0.634016,False,0.17121878744315686,False
100448,10,0.622646,-0.04607299999999992,0.668126,False,0.2005268773002277,False
222075,10,0.599271,-0.050398000000000054,0.649196,False,0.128546568899552,False
69369,10,0.572753,-0.06478800000000007,0.6315233333333333,True,0.5002410099691644,False
151722,10,0.5431,-0.05595299999999992,0.5983863333333334,False,0.16723566943192544,False
38033,10,0.591728,-0.05251499999999998,0.6427703333333333,False,0.16475504508593303,False
128351,10,0.583781,-0.05332700000000001,0.6359336666666667,False,0.1615576713440793,False
342871,10,0.60618,-0.04851099999999997,0.6539400000000001,False,0.17295619240025828,False
13912,10,0.542824,-0.056381000000000014,0.6026263333333334,False,0.17752984791316062,False
351129,10,0.59248,-0.047440999999999955,0.638652,False,0.17877901584233613,False
297365,10,0.58094,-0.05034300000000003,0.629992,False,0.08450370734676116,False
240570,10,0.587793,-0.05148699999999995,0.6386493333333333,False,0.11150695311171391,False
86317,10,0.60811,-0.04951699999999992,0.6567219999999999,False,0.13320185289856915,False
99561,10,0.605583,-0.04946700000000004,0.6542340000000001,False,0.13589343986406996,False
261740,10,0.568925,-0.05158399999999996,0.6198496666666666,False,0.09485231662377269,False
29971,10,0.629085,-0.046726000000000045,0.6750953333333333,False,0.14443474517827024,False
4101,10,0.609323,-0.04901500000000003,0.657773,False,0.1495935785282069,False
176472,10,0.585228,-0.06630000000000003,0.644752,True,0.5887647150133477,False
85669,10,0.595688,-0.05113800000000002,0.645496,False,0.13916042747358814,False
128393,10,0.627616,-0.045799000000000034,0.6732763333333334,False,0.20874571778947926,False
24702,10,0.544706,-0.05435499999999993,0.5983053333333334,False,0.13560798479894773,False
350152,10,0.631858,-0.04744899999999996,0.6776146666666666,False,0.13750530375367806,False
235514,10,0.617846,-0.04641799999999996,0.663615,False,0.21609328552482446,False
213078,10,0.604035,-0.049270000000000036,0.6548713333333334,False,0.14513377866402055,False
285706,10,0.606156,-0.05090499999999998,0.6556693333333333,False,0.13954569484696677,False
360795,10,0.6207,-0.04660299999999995,0.666922,False,0.1790041978931786,False
105461,10,0.608674,-0.04816199999999993,0.6562296666666666,False,0.1795835235491639,False
266248,10,0.578929,-0.05411100000000002,0.6316113333333334,False,0.15034914687283285,False
195779,10,0.603072,-0.04962299999999997,0.652518,False,0.13373180751746194,False
84715,10,0.594902,-0.05073799999999995,0.644195,False,0.10705676124868174,False
131659,10,0.595164,-0.05016799999999999,0.6440086666666667,False,0.11090835821503375,False
367955,10,0.596923,-0.04903000000000002,0.6455306666666667,False,0.1375914723734255,False
170017,10,0.573226,-0.054871,0.626632,False,0.1670915276922041,False
225994,10,0.568227,-0.050794999999999924,0.6188323333333333,False,0.10618571267089054,False
266161,10,0.565239,-0.05446299999999993,0.6185036666666667,False,0.13442472301877306,False
83876,10,0.575726,-0.052981000000000056,0.6277083333333333,False,0.13064195586040273,False
29327,10,0.596512,-0.050587999999999966,0.6461643333333333,False,0.13834684443033105,False
247815,10,0.630068,-0.04664400000000002,0.676055,False,0.15442079679018808,False
149552,10,0.59029,-0.05059100000000005,0.64007,False,0.09359838681344572,False
68617,10,0.607554,-0.05021999999999993,0.657209,False,0.12461547683524395,False
65934,10,0.608115,-0.04878400000000005,0.656033,False,0.15672002837877466,False
289682,10,0.618758,-0.04787299999999994,0.6655756666666667,False,0.16946308336085922,False
353036,10,0.575478,-0.04995099999999997,0.624683,False,0.10642212710217111,False
36396,10,0.628851,-0.04543599999999992,0.6769576666666667,False,0.19754466812846846,False
138966,10,0.606275,-0.048807000000000045,0.654535,False,0.15150412157428056,False
63441,10,0.580236,-0.05260600000000004,0.6316646666666667,False,0.11779616269933113,False
129973,10,0.55983,-0.05224699999999993,0.6111776666666667,False,0.11833343193278098,False
185429,10,0.63346,-0.044794,0.6775286666666668,False,0.2191822392684908,False
308443,10,0.629637,-0.046294999999999975,0.6751536666666667,False,0.1493208042238683,False
227942,10,0.627559,-0.047314999999999996,0.6742666666666667,False,0.1490747255075087,False
117806,10,0.590888,-0.05099900000000002,0.641567,False,0.11020918533257383,False
319275,10,0.592238,-0.05247399999999991,0.6433866666666667,False,0.16506602115091346,False
146037,10,0.569366,-0.05222699999999991,0.6204096666666666,False,0.11120102655730407,False
324282,10,0.586786,-0.05285200000000001,0.6380153333333333,False,0.1553039416160789,False
112065,10,0.624251,-0.047024999999999983,0.670401,False,0.17072887577687182,False
51332,10,0.593856,-0.05098899999999995,0.6441263333333334,False,0.12914498958907414,False
262451,10,0.575604,-0.054149,0.6284263333333334,False,0.15410613162011774,False
338784,10,0.59473,-0.050097999999999976,0.6438813333333333,False,0.11090835821503375,False
185753,10,0.572707,-0.054149,0.6261006666666666,False,0.15977296201613012,False
351224,10,0.605473,-0.04957800000000001,0.6544273333333334,False,0.12712693649183043,False
36066,10,0.527243,-0.07306599999999996,0.5961296666666667,True,0.7070970537831145,True
318029,10,0.591059,-0.051171999999999995,0.643609,False,0.12231624460373987,False
126286,10,0.628649,-0.048651,0.6757426666666667,False,0.1250693674244469,False
112886,10,0.525763,-0.06931799999999999,0.5935153333333333,True,0.6537820925767843,True
296341,10,0.577422,-0.05166099999999996,0.6281416666666666,False,0.10624547106338585,False
68587,10,0.620466,-0.048288,0.6668786666666667,False,0.15826938787012024,False
81030,10,0.610025,-0.04734299999999991,0.6561020000000001,False,0.2092416444636098,False
147721,10,0.636774,-0.04498600000000008,0.6815736666666666,False,0.21592739440595604,False
42982,10,0.569691,-0.06008900000000006,0.631764,True,0.3618325371325495,False
37220,10,0.62829,-0.048806999999999934,0.6756169999999999,False,0.11635203793630583,False
222077,10,0.579366,-0.0519639999999999,0.6304723333333334,False,0.10530202289737799,False
368857,10,0.561131,-0.051238000000000006,0.6115933333333333,False,0.11358962605352727,False
290049,10,0.611562,-0.045757999999999965,0.6569200000000001,False,0.26807751425841403,False
120031,10,0.603062,-0.050981000000000054,0.652779,False,0.14899419036308506,False
182981,10,0.60711,-0.04993499999999995,0.6556846666666667,False,0.12447452802862423,False
190306,10,0.610037,-0.04843699999999995,0.6577243333333334,False,0.17733712911017757,False
3407,10,0.577784,-0.053054000000000046,0.629922,False,0.12827199524637523,False
282746,10,0.590949,-0.05098200000000008,0.6407533333333334,False,0.1136150104192123,False
145852,10,0.61134,-0.048090999999999995,0.659061,False,0.18028038869510343,False
73495,10,0.606867,-0.04951399999999995,0.6548876666666666,False,0.12860132903835436,False
373790,10,0.612859,-0.04906999999999995,0.661147,False,0.15106879586042632,False
130825,10,0.63291,-0.04525900000000005,0.6771240000000001,False,0.207906408573224,False
291382,10,0.597658,-0.051316999999999946,0.6477146666666667,False,0.15400124070061452,False
15622,10,0.511296,-0.05749900000000008,0.5681073333333333,False,0.19413552077931764,False
36287,10,0.612993,-0.04816799999999999,0.6595136666666667,False,0.18076908993358737,False
16663,10,0.592367,-0.05120400000000003,0.6427053333333334,False,0.11907239030120591,False
96200,10,0.610554,-0.04944699999999991,0.6593166666666667,False,0.13704648381593337,False
26522,10,0.608229,-0.04785699999999993,0.655382,False,0.18527814133894777,False
48390,10,0.586736,-0.06951399999999996,0.6482816666666666,True,0.676215071531788,True
58650,10,0.602691,-0.050761999999999974,0.652203,False,0.13721150679999952,False
49453,10,0.584245,-0.052510999999999974,0.6355373333333333,False,0.14999140640884306,False
85277,10,0.556179,-0.05314200000000002,0.6127953333333332,False,0.12181103719917777,False
221777,10,0.61446,-0.04725199999999996,0.6618113333333333,False,0.20748029870501844,False
60058,10,0.548427,-0.056172,0.6029413333333333,False,0.17143294043581478,False
194081,10,0.587055,-0.048838999999999966,0.63915,False,0.14587200181730098,False
53736,10,0.55452,-0.055101999999999984,0.6083843333333333,False,0.16275191392399027,False
231649,10,0.631102,-0.047182999999999975,0.677009,False,0.14310935592938323,False
367671,10,0.612394,-0.04865600000000003,0.659828,False,0.15732221195359153,False
39449,10,0.567211,-0.06466399999999994,0.626837,True,0.5111213839631648,False
187595,10,0.594634,-0.05048200000000003,0.6441560000000001,False,0.10244638713816784,False
137340,10,0.573551,-0.05381199999999997,0.6265026666666667,False,0.14645119375179058,False
57487,10,0.545744,-0.05884199999999995,0.602916,False,0.26418850980304653,False
239717,10,0.622416,-0.04634500000000008,0.6680473333333333,False,0.17529870926438465,False
73206,10,0.60484,-0.05001699999999998,0.6536146666666667,False,0.12314920239849005,False
356664,10,0.635276,-0.04544500000000007,0.6799270000000001,False,0.2094354738984382,False
198461,10,0.56553,-0.05982500000000002,0.6216383333333333,True,0.3383889039338743,False
54309,10,0.580772,-0.05104300000000006,0.6313276666666666,False,0.09531319216333237,False
241331,10,0.604793,-0.047599999999999976,0.6518403333333334,False,0.18668232934999474,False
69445,10,0.608858,-0.04925400000000002,0.6569003333333333,False,0.15166394253294715,False
266171,10,0.603084,-0.04627900000000007,0.648462,False,0.2483722755619327,False
26289,10,0.563355,-0.07549099999999997,0.6303483333333334,True,0.7376281468928024,True
80132,10,0.555263,-0.051925,0.6065163333333333,False,0.12012205602180884,False
3770,10,0.581191,-0.05386000000000002,0.6337623333333333,False,0.15932322933517706,False
107090,10,0.580746,-0.04977100000000001,0.6298943333333333,False,0.10114097681110816,False
97425,10,0.56362,-0.05071999999999999,0.6131836666666667,False,0.12783284771867778,False
116619,10,0.627236,-0.045601,0.6719943333333335,False,0.20191779180215863,False
56117,10,0.592769,-0.05115700000000001,0.6422886666666666,False,0.11679424192378113,False
240273,10,0.610275,-0.04950100000000002,0.6580186666666666,False,0.14018410299084916,False
342598,10,0.563047,-0.05232900000000007,0.6148493333333334,False,0.11787311605880738,False
237881,10,0.580772,-0.0501100000000001,0.6300653333333334,False,0.09210977159223772,False
177892,10,0.59366,-0.05263099999999998,0.6449596666666667,False,0.17049994705995017,False
44907,10,0.562764,-0.053556999999999966,0.6148806666666666,False,0.13033876284986282,False
346692,10,0.61784,-0.04901000000000011,0.665541,False,0.1532988762444917,False
282789,10,0.575929,-0.052929000000000004,0.627635,False,0.13064195586040273,False
47662,10,0.591078,-0.05173300000000003,0.6417556666666667,False,0.12798346127926466,False
325405,10,0.575233,-0.05179200000000006,0.6260836666666667,False,0.11505840167713141,False
82920,10,0.590613,-0.05242699999999989,0.641839,False,0.15847196469523608,False
81516,10,0.591215,-0.05118199999999995,0.641262,False,0.11731613554636139,False
20916,10,0.595958,-0.050429999999999975,0.6457473333333333,False,0.13124055996425887,False
49123,10,0.532838,-0.05999599999999994,0.591025,False,0.33461671050198655,False
89725,10,0.594198,-0.047601000000000004,0.6416526666666668,False,0.1744828071301903,False
201728,10,0.564649,-0.05205900000000008,0.6158830000000001,False,0.12348268680221831,False
172103,10,0.609785,-0.04788399999999993,0.656671,False,0.1834243180176039,False
141530,10,0.599257,-0.06271199999999999,0.655541,True,0.5427884701806908,False
122049,10,0.604692,-0.04810899999999996,0.6523076666666666,False,0.18386504600829878,False
229690,10,0.560093,-0.050610000000000044,0.6152703333333333,False,0.11875054382830032,False
247974,10,0.590908,-0.051763,0.6418576666666667,False,0.12798346127926466,False
30369,10,0.587806,-0.05213799999999991,0.6388203333333333,False,0.13481534157022768,False
191277,10,0.611752,-0.04799000000000009,0.6591583333333334,False,0.18826448537924537,False
306012,10,0.599886,-0.05042599999999997,0.649189,False,0.13002192227494055,False
209400,10,0.551498,-0.05429099999999998,0.605272,False,0.12987287065773234,False
31959,10,0.570975,-0.05120000000000002,0.621959,False,0.09594183621965725,False
85197,10,0.611266,-0.04947500000000005,0.659453,False,0.13556637932578736,False
117026,10,0.498463,-0.06230900000000006,0.5597813333333334,False,0.34550048535441036,False
357599,10,0.634545,-0.046150000000000024,0.6798270000000001,False,0.19151103518264048,False
193575,10,0.56192,-0.052915000000000045,0.6138573333333334,False,0.11326047606323757,False
177254,10,0.604305,-0.04589300000000007,0.6493963333333334,False,0.28082175849549207,False
279291,10,0.566105,-0.05344199999999999,0.6182636666666667,False,0.12220069899318138,False
347011,10,0.608556,-0.04739400000000005,0.6547503333333333,False,0.20268908170306874,False
55789,10,0.634242,-0.04652500000000004,0.6792263333333333,False,0.1542422763715668,False
277408,10,0.605843,-0.04903499999999994,0.6542463333333334,False,0.1469317630514543,False
140373,10,0.581809,-0.051786,0.6365416666666667,False,0.1291399929735334,False
240870,10,0.575502,-0.05388500000000007,0.6283443333333333,False,0.14378682872963586,False
188208,10,0.572071,-0.054037,0.624644,False,0.1527883613579679,False
120087,10,0.576811,-0.053001000000000076,0.6340096666666667,False,0.13799152185667762,False
312690,10,0.59523,-0.05077299999999996,0.645056,False,0.11467460434445595,False
207505,10,0.582277,-0.04943900000000001,0.6312016666666667,False,0.11650403614673051,False
80131,10,0.593574,-0.048249999999999904,0.6432433333333333,False,0.18275091133676205,False
114137,10,0.600803,-0.04910599999999998,0.6499023333333334,False,0.15766662687036614,False
139893,10,0.632825,-0.04652500000000004,0.677969,False,0.1524412932859722,False
204693,10,0.587748,-0.052781999999999996,0.6395413333333334,False,0.1445247043512194,False
332547,10,0.607789,-0.05119499999999999,0.6569973333333333,False,0.16882880239572637,False
82540,10,0.604445,-0.050556000000000045,0.6546470000000001,False,0.1272623728348376,False
38409,10,0.590867,-0.05033500000000002,0.6404070000000001,False,0.09847070739463701,False
124782,10,0.596682,-0.05020999999999998,0.6461113333333334,False,0.13577930941509161,False
51599,10,0.621044,-0.04863600000000001,0.6688596666666667,False,0.13015461733596576,False
302100,10,0.609669,-0.05835599999999996,0.6634456666666667,True,0.3684442406392997,False
184101,10,0.608571,-0.04833500000000002,0.656454,False,0.17550189879188968,False
303520,10,0.613983,-0.04883900000000008,0.6619583333333333,False,0.16115731719007176,False
33568,10,0.608167,-0.06389699999999998,0.665908,True,0.5773162236302042,False
334993,10,0.558137,-0.05175399999999997,0.6116916666666666,False,0.1078075847343671,False
216161,10,0.597882,-0.04988399999999993,0.647471,False,0.12908349832815977,False
48896,10,0.615674,-0.04767699999999997,0.6672463333333334,False,0.1726432006639516,False
292002,10,0.62155,-0.0480219999999999,0.6684749999999999,False,0.13890064750796097,False
306491,10,0.620762,-0.04785399999999995,0.6678456666666667,False,0.13741928894032926,False
6019,10,0.589955,-0.06708700000000001,0.6504976666666668,True,0.623850804130014,False
73158,10,0.595988,-0.05059800000000003,0.6456046666666667,False,0.1167560229669811,False
264951,10,0.588268,-0.05037199999999997,0.6381743333333333,False,0.09251141091461569,False
347806,10,0.59372,-0.048879999999999924,0.641772,False,0.13906813854484942,False
199295,10,0.56014,-0.05351700000000004,0.6129553333333333,False,0.1315090185153646,False
249974,10,0.604701,-0.049767000000000006,0.6536263333333333,False,0.12392118500784241,False
1130,10,0.574041,-0.07144899999999998,0.6378816666666667,True,0.6632729469914508,True
138091,10,0.596971,-0.05096999999999996,0.6469923333333334,False,0.15372433944632122,False
324734,10,0.61718,-0.046739000000000086,0.6630446666666666,False,0.21259016993641153,False
14470,10,0.591216,-0.050091,0.6399736666666667,False,0.10320911504825708,False
254615,10,0.639949,-0.045116000000000045,0.6845206666666667,False,0.20377037004350187,False
371112,10,0.614881,-0.047825000000000006,0.6628036666666667,False,0.18729013008811202,False
52418,10,0.606485,-0.049183999999999894,0.654548,False,0.14378151400152572,False
156960,10,0.584095,-0.05010700000000001,0.6331006666666666,False,0.1061808797622018,False
139042,10,0.606483,-0.04895400000000005,0.6550046666666667,False,0.14675384875916767,False
346047,10,0.597395,-0.04963200000000001,0.6457926666666667,False,0.1410978099280628,False
111477,10,0.609321,-0.061396000000000006,0.6652653333333333,True,0.4676615792580794,False
369972,10,0.622341,-0.049775000000000014,0.6704413333333333,False,0.11455307540923111,False
21930,10,0.605102,-0.050350999999999924,0.653914,False,0.11897591624193858,False
352159,10,0.585676,-0.05146200000000001,0.6365166666666666,False,0.1121867377959754,False
111043,10,0.587834,-0.051570000000000005,0.6383526666666667,False,0.10842680158181692,False
145684,10,0.603916,-0.048985999999999974,0.6524336666666667,False,0.14448627655999963,False
282579,10,0.608986,-0.06349899999999997,0.6660406666666666,True,0.5508124572018163,False
70407,10,0.603637,-0.048653999999999975,0.6514743333333333,False,0.15401215876537033,False
316526,10,0.608843,-0.04991000000000001,0.6575803333333333,False,0.1241836374017006,False
83707,10,0.590245,-0.053232999999999975,0.6415283333333334,False,0.16291642098719192,False
138403,10,0.576836,-0.06498399999999993,0.6369096666666666,True,0.5173388422930518,False
53893,10,0.551454,-0.05153399999999997,0.6021610000000001,False,0.11770560503261275,False
193738,10,0.609201,-0.049163999999999985,0.657118,False,0.14687353571771336,False
178349,10,0.550646,-0.05719800000000008,0.606595,False,0.1834796775614208,False
56673,10,0.616785,-0.048447999999999936,0.663865,False,0.17343562394218195,False
281137,10,0.632529,-0.04688099999999995,0.678347,False,0.15843367440862066,False
295170,10,0.613281,-0.047082999999999986,0.6594546666666666,False,0.21561562100673712,False
106743,10,0.587722,-0.049292,0.635888,False,0.13524140817988423,False
336048,10,0.534639,-0.05801299999999998,0.5921766666666667,False,0.23268170713911318,False
290048,10,0.628693,-0.04761700000000002,0.6756350000000001,False,0.1214537627364883,False
232328,10,0.610546,-0.04776999999999998,0.658146,False,0.1879472255933317,False
136716,10,0.598123,-0.057545999999999986,0.6519443333333333,True,0.34632770742230334,False
142788,10,0.631434,-0.04800299999999991,0.678118,False,0.14207046638771947,False
183321,10,0.604895,-0.049715000000000065,0.6542386666666666,False,0.12392118500784241,False
35924,10,0.600416,-0.05072700000000008,0.6520086666666667,False,0.13573129069532422,False
139258,10,0.609102,-0.048865999999999965,0.657508,False,0.15094032744732166,False
110140,10,0.605349,-0.05020199999999997,0.653946,False,0.12345433997064664,False
345899,10,0.628359,-0.04569699999999999,0.6731856666666666,False,0.20874571778947926,False
42001,10,0.609603,-0.048509000000000024,0.6582386666666666,False,0.17500709379640325,False
258744,10,0.600184,-0.052462999999999926,0.651201,False,0.20323458644305675,False
330879,10,0.63318,-0.044997000000000065,0.6778256666666667,False,0.2129976468699524,False
367696,10,0.526773,-0.057620000000000005,0.5829610000000001,False,0.22529876163161125,False
149415,10,0.632448,-0.047382000000000035,0.6787676666666668,False,0.14349540300710115,False
198691,10,0.580615,-0.051714999999999955,0.6316536666666667,False,0.10035964981230659,False
36466,10,0.614172,-0.04860399999999998,0.6617203333333334,False,0.17338384467095763,False
81158,10,0.64091,-0.04518500000000003,0.6851953333333333,False,0.19261883515299322,False
104248,10,0.588167,-0.05319499999999999,0.6397566666666666,False,0.1490741314128296,False
99829,10,0.57622,-0.05341800000000008,0.628679,False,0.14339771967009937,False
110615,10,0.602313,-0.04932700000000001,0.6502096666666667,False,0.14233792745876792,False
157284,10,0.562654,-0.05265900000000001,0.618301,False,0.08974769240187397,False
138656,10,0.593694,-0.05094999999999994,0.6473056666666667,False,0.14947527914485967,False
94036,10,0.540759,-0.057423,0.5964856666666667,False,0.20698202442148078,False
274088,10,0.60404,-0.04930099999999993,0.652445,False,0.14286787777330479,False
215856,10,0.570137,-0.05300499999999997,0.6219893333333334,False,0.11705168287318966,False
263638,10,0.596114,-0.052085999999999966,0.6467096666666666,False,0.20082148784902007,False
130970,10,0.579953,-0.05354899999999996,0.6355306666666667,False,0.15982465128982454,False
308944,10,0.513535,-0.06029899999999999,0.5726326666666667,False,0.30733100662588236,False
344652,10,0.597479,-0.05168600000000001,0.6481216666666666,False,0.16334959371900734,False
327837,10,0.597121,-0.05088599999999999,0.6477133333333334,False,0.13548272063309416,False
285929,10,0.577276,-0.05452000000000001,0.630297,False,0.15276317457424168,False
128075,10,0.590741,-0.050848000000000004,0.6407916666666666,False,0.10276081833407523,False
62855,10,0.562404,-0.05816500000000002,0.6230669999999999,True,0.2479198193878456,False
209186,10,0.620136,-0.048686999999999925,0.668133,False,0.14291628393938532,False
349665,10,0.617795,-0.04739400000000005,0.6677293333333333,False,0.17888616100500776,False
110430,10,0.594121,-0.059782,0.649244,True,0.43592720590221307,False
66818,10,0.605501,-0.04932000000000003,0.6543623333333333,False,0.13145846698344055,False
286046,10,0.587534,-0.051456999999999975,0.6382893333333334,False,0.11150695311171391,False
156471,10,0.604941,-0.04949500000000007,0.6535303333333333,False,0.13589343986406996,False
173239,10,0.593958,-0.04924300000000004,0.647945,False,0.1665737970516203,False
196038,10,0.587349,-0.05320099999999994,0.6395026666666667,False,0.15280932530862307,False
305402,10,0.618504,-0.04510999999999998,0.6664066666666667,False,0.25125059156045826,False
200562,10,0.617454,-0.0471990000000001,0.663427,False,0.20165406697842272,False
200078,10,0.629579,-0.04869599999999996,0.6762626666666667,False,0.12149012803654981,False
16829,10,0.608498,-0.04977300000000007,0.6570073333333334,False,0.12391576083400209,False
179768,10,0.612011,-0.04778100000000007,0.6598026666666666,False,0.17838501554622926,False
290771,10,0.619158,-0.04647100000000004,0.6674413333333332,False,0.19121547951516754,False
121981,10,0.576312,-0.06312899999999999,0.634494,True,0.47165471286413424,False
254798,10,0.556092,-0.07126999999999994,0.6202456666666666,True,0.6660656473501131,True
165388,10,0.549314,-0.05311300000000008,0.6014463333333334,False,0.10535821739737923,False
311969,10,0.632766,-0.04548999999999992,0.6782446666666667,False,0.20606160488295,False
41833,10,0.579382,-0.05269900000000005,0.6305299999999999,False,0.11317595465076502,False
221187,10,0.613829,-0.04961800000000005,0.6626496666666667,False,0.13519345357104298,False
119484,10,0.582834,-0.052968000000000015,0.634975,False,0.15095870208750656,False
115574,10,0.622995,-0.04872200000000004,0.670585,False,0.12229046473589095,False
309588,10,0.569194,-0.051391000000000076,0.6201476666666667,False,0.09762690190052493,False
208910,10,0.56656,-0.05170800000000009,0.6172916666666667,False,0.10165788142353517,False
16469,10,0.601713,-0.050647,0.650956,False,0.1327738612745466,False
4883,10,0.566793,-0.055154000000000036,0.6201916666666666,False,0.17225260558938318,False
87194,10,0.585934,-0.05143600000000004,0.6362176666666667,False,0.1121867377959754,False
186264,10,0.554729,-0.05259899999999995,0.606619,False,0.11668690816890905,False
109842,10,0.560923,-0.05568200000000001,0.6153506666666666,False,0.1823173304644988,False
20836,10,0.626855,-0.04603899999999994,0.6721223333333333,False,0.18029913002775153,False
60472,10,0.593148,-0.070264,0.6549073333333334,True,0.7309348378153683,True
256170,10,0.581394,-0.05427900000000008,0.6340733333333334,False,0.17440841281950262,False
249184,10,0.58503,-0.05208199999999996,0.6359763333333334,False,0.1419606152958467,False
320695,10,0.586825,-0.05026699999999995,0.6371333333333333,False,0.107783785202409,False
352157,10,0.584444,-0.051603000000000065,0.6344486666666667,False,0.11402030312006096,False
100814,10,0.514972,-0.061555000000000026,0.5751463333333333,False,0.33369014986827866,False
115141,10,0.581576,-0.05303000000000002,0.633998,False,0.14490681901185892,False
164981,10,0.608563,-0.05099200000000004,0.6581663333333333,False,0.14735262966277282,False
30662,10,0.579782,-0.05459400000000003,0.6331976666666667,False,0.1779245026243035,False
283423,10,0.588343,-0.052373,0.6391886666666666,False,0.1408508772674831,False
335243,10,0.578776,-0.05211100000000002,0.6297423333333333,False,0.11453577334136429,False
276653,10,0.545507,-0.05497099999999999,0.6061076666666666,False,0.14355979549511175,False
174879,10,0.626676,-0.046579999999999955,0.6727786666666667,False,0.15845423102025943,False
34701,10,0.471151,-0.06794600000000006,0.5380886666666668,False,0.5114568067290445,False
139973,10,0.621525,-0.04847999999999997,0.6690586666666666,False,0.1358468529636235,False
1858,10,0.619184,-0.046030000000000015,0.6647783333333334,False,0.22988154722889012,False
354785,10,0.548371,-0.05638999999999994,0.603833,False,0.18963486532651788,False
144194,10,0.468063,-0.06740199999999996,0.5346190000000001,False,0.4644482111471236,False
161616,11,0.551143,-0.053497999999999934,0.603325,False,0.1169024604114225,False
221846,11,0.573568,-0.048642000000000074,0.6211163333333333,False,0.1697654946275776,False
84698,11,0.560021,-0.05015700000000001,0.6089356666666667,False,0.13222785354091668,False
114629,11,0.50233,-0.05454599999999998,0.5610983333333334,False,0.14858486886597747,False
83465,11,0.546295,-0.053564999999999974,0.5990133333333333,False,0.11649257611046666,False
369398,11,0.513607,-0.054530999999999996,0.5748793333333334,False,0.14276939781244985,False
13112,11,0.524139,-0.05546299999999993,0.5785313333333333,False,0.15782154723523376,False
235202,11,0.572842,-0.04814700000000005,0.624015,False,0.18585358954638737,False
104286,11,0.54309,-0.05069000000000001,0.5930816666666666,False,0.1388652574990654,False
224231,11,0.584911,-0.050357000000000096,0.633473,False,0.09572528457930109,False
12995,11,0.548192,-0.049960000000000004,0.597206,False,0.16622896944179383,False
74905,11,0.495831,-0.06038599999999994,0.5547836666666667,False,0.2683262750841329,False
294254,11,0.470937,-0.06207999999999997,0.5314756666666667,False,0.2896966217759617,False
265229,11,0.573812,-0.04895800000000006,0.6219903333333333,False,0.1370527246208359,False
366026,11,0.443903,-0.06447700000000006,0.5075336666666667,False,0.2890164881709643,False
269565,11,0.551288,-0.05154800000000004,0.6014956666666667,False,0.11530648553533979,False
242550,11,0.560491,-0.06331600000000004,0.6182016666666666,True,0.4430240517906383,False
82704,11,0.547731,-0.05284100000000003,0.5992743333333334,False,0.10241321092547008,False
213416,11,0.54549,-0.05261199999999999,0.5974853333333333,False,0.11662588230574132,False
45580,11,0.483123,-0.06252200000000002,0.5436796666666667,False,0.3355167333923323,False
280043,11,0.476198,-0.060667999999999944,0.5357656666666667,False,0.2758364068209249,False
50707,11,0.418279,-0.06673299999999999,0.484359,False,0.3240225597815141,False
28401,11,0.567915,-0.05038200000000004,0.6172596666666667,False,0.11530552463300622,False
33306,11,0.491222,-0.057982000000000034,0.5483703333333333,False,0.18092218955985756,False
23114,11,0.515481,-0.05621200000000004,0.571144,False,0.18894119563143863,False
114987,11,0.521708,-0.06914900000000002,0.5854233333333333,True,0.6423645721877375,True
325666,11,0.588078,-0.04830100000000004,0.6355583333333333,False,0.16904074995160182,False
92826,11,0.556022,-0.050636000000000014,0.6064736666666667,False,0.1304943817710986,False
165868,11,0.527355,-0.053539,0.5804863333333333,False,0.13009379887055966,False
306277,11,0.550972,-0.05032599999999998,0.600889,False,0.1378998060820947,False
219949,11,0.469532,-0.06184099999999998,0.5305676666666667,False,0.3023149275634524,False
81499,11,0.551909,-0.053622999999999976,0.6046483333333333,False,0.11317900812643207,False
278463,11,0.562296,-0.050319,0.6123666666666666,False,0.12783640707460953,False
180331,11,0.456231,-0.062386,0.518016,False,0.27404020880795027,False
294076,11,0.5693,-0.051292000000000004,0.6194423333333333,False,0.0969273289868607,False
160007,11,0.542819,-0.05162499999999992,0.5942156666666666,False,0.11509989178730884,False
288528,11,0.533078,-0.05355299999999996,0.5865666666666667,False,0.13654999852672037,False
125541,11,0.544593,-0.054100999999999955,0.597832,False,0.13787952939373058,False
271358,11,0.541173,-0.054470999999999936,0.594027,False,0.12608679880974638,False
165767,11,0.542175,-0.05143300000000006,0.593143,False,0.12577963170099377,False
52953,11,0.489892,-0.06211,0.550468,False,0.30092904821300587,False
57288,11,0.555696,-0.05005000000000004,0.6048456666666667,False,0.15048047761289174,False
116876,11,0.520848,-0.051364000000000076,0.5716116666666666,False,0.17435778746818217,False
356263,11,0.547729,-0.04901500000000003,0.6009953333333334,False,0.1759155748849447,False
129087,11,0.566981,-0.052732,0.6182503333333332,False,0.10650814222181451,False
174160,11,0.573263,-0.049403000000000086,0.6210726666666667,False,0.12901235227305724,False
155560,11,0.572482,-0.05062599999999995,0.6215206666666667,False,0.09890796128590447,False
93665,11,0.563111,-0.04965900000000001,0.6122523333333333,False,0.15076271011121428,False
58485,11,0.50762,-0.05526900000000001,0.5624836666666666,False,0.15099786400638293,False
10211,11,0.541423,-0.04942000000000002,0.5976796666666667,False,0.18144134007826848,False
18889,11,0.552526,-0.05188599999999999,0.6033066666666667,False,0.11624809913176294,False
245392,11,0.542781,-0.05242000000000002,0.594972,False,0.11731132891742009,False
354005,11,0.578916,-0.04943300000000006,0.627882,False,0.12438064105937863,False
315631,11,0.435544,-0.06634500000000004,0.5012526666666667,False,0.36412256011273225,False
131813,11,0.529699,-0.05093099999999995,0.5799856666666666,False,0.19106481842956333,False
99724,11,0.544267,-0.05277100000000001,0.595711,False,0.09969034616089208,False
215535,11,0.576701,-0.04995099999999997,0.6262456666666667,False,0.11770232084159286,False
351364,11,0.532882,-0.05426300000000006,0.5859293333333334,False,0.1465722262372565,False
26633,11,0.561699,-0.050935000000000064,0.6116199999999999,False,0.12168448983622888,False
146002,11,0.551775,-0.05017700000000003,0.6012613333333333,False,0.14346891277644028,False
124118,11,0.530401,-0.05528199999999994,0.5847113333333334,False,0.15425982857284173,False
209546,11,0.554335,-0.05141299999999993,0.605211,False,0.1162600147607946,False
293540,11,0.559048,-0.052007000000000025,0.610531,False,0.11632271649686948,False
130111,11,0.532778,-0.05441800000000008,0.5902193333333333,False,0.13283425184482336,False
1701,11,0.510257,-0.05791500000000005,0.569706,False,0.21023075712889316,False
24025,11,0.418162,-0.06802600000000003,0.48984,False,0.3764435583367973,False
211694,11,0.572834,-0.049760000000000026,0.6219786666666667,False,0.12044919995162354,False
101255,11,0.579553,-0.05062600000000006,0.6289183333333334,False,0.08609963438977652,False
299391,11,0.520792,-0.05303499999999994,0.5728776666666667,False,0.14932091390590904,False
139883,11,0.566744,-0.049892999999999965,0.6154156666666667,False,0.1336955293241157,False
238555,11,0.580553,-0.049171999999999993,0.6296856666666667,False,0.1256882410822083,False
221333,11,0.528467,-0.05548699999999995,0.5832353333333333,False,0.15456933185798338,False
30741,11,0.513287,-0.05629699999999993,0.5682583333333334,False,0.18325064190987136,False
123314,11,0.531241,-0.05561500000000008,0.5859113333333333,False,0.157158119478065,False
119325,11,0.527072,-0.05268099999999998,0.5792466666666667,False,0.12127900184833114,False
86574,11,0.558749,-0.05007699999999993,0.6078923333333334,False,0.12725442212904983,False
341911,11,0.530476,-0.054784000000000055,0.5842866666666667,False,0.14194310301385943,False
30866,11,0.540113,-0.07044400000000006,0.6034523333333334,True,0.6598287117481649,True
340723,11,0.566887,-0.05068699999999993,0.616983,False,0.11095909133405286,False
332911,11,0.564961,-0.05029899999999998,0.6140446666666667,False,0.13680635460833845,False
211089,11,0.540689,-0.052232999999999974,0.5924793333333334,False,0.12058468379781064,False
281527,11,0.566279,-0.05117800000000006,0.6166033333333334,False,0.1094377733524123,False
164419,11,0.542159,-0.05307600000000001,0.5940799999999999,False,0.11264975776834608,False
334030,11,0.506784,-0.055957000000000034,0.5616816666666667,False,0.17957207136752584,False
213058,11,0.560235,-0.05191499999999993,0.6112553333333334,False,0.1128372576485651,False
350737,11,0.549823,-0.06256300000000004,0.6065853333333333,True,0.44272576025685917,False
22780,11,0.483837,-0.06141499999999994,0.5437966666666666,False,0.2708736467921694,False
112321,11,0.537093,-0.06070599999999993,0.5941356666666667,True,0.3550068983426003,False
281168,11,0.590851,-0.048733000000000026,0.6393030000000001,False,0.14448234912684593,False
53587,11,0.538848,-0.054485000000000006,0.5927656666666666,False,0.12240157745612033,False
139041,11,0.575166,-0.05043900000000001,0.6248466666666667,False,0.09990829500936377,False
199191,11,0.548934,-0.05336299999999994,0.6012243333333332,False,0.12795285715522317,False
338428,11,0.519187,-0.054293000000000036,0.5725129999999999,False,0.15410867896379996,False
48625,11,0.520832,-0.07861000000000007,0.5899623333333334,True,0.7915622847507534,True
297458,11,0.572923,-0.04823600000000006,0.624461,False,0.18736772918735145,False
137752,11,0.545636,-0.05396299999999998,0.5983396666666666,False,0.14777125135411767,False
229734,11,0.492658,-0.05904599999999999,0.5502429999999999,False,0.222283578743683,False
244855,11,0.527536,-0.05361400000000005,0.5802763333333334,False,0.13599921039224794,False
264979,11,0.503847,-0.06926899999999991,0.567071,True,0.5835087049000943,False
314019,11,0.51333,-0.0576850000000001,0.5697266666666666,False,0.19674133283483775,False
104633,11,0.549573,-0.04968300000000003,0.5982643333333333,False,0.1621147830854986,False
284266,11,0.5001,-0.05813400000000002,0.5570906666666667,False,0.19226265954307806,False
277317,11,0.541325,-0.05254700000000001,0.5929996666666666,False,0.11298810445965626,False
289428,11,0.509279,-0.054937000000000014,0.5630356666666667,False,0.14203395957704668,False
288255,11,0.572269,-0.05005099999999996,0.6217473333333333,False,0.1125414662545934,False
67314,11,0.546551,-0.05305599999999999,0.598267,False,0.12242941517555699,False
219794,11,0.570049,-0.049192000000000013,0.6186536666666668,False,0.1396198791732516,False
130367,11,0.544695,-0.05269399999999991,0.5965683333333334,False,0.09532878230703361,False
335544,11,0.497044,-0.05924500000000005,0.5553536666666666,False,0.22611401797409794,False
123930,11,0.49398,-0.057097000000000064,0.5502066666666666,False,0.16954814271457433,False
236708,11,0.521988,-0.05696100000000004,0.5779230000000001,False,0.20314285380022468,False
146068,11,0.572993,-0.049719999999999986,0.622366,False,0.11373391394215845,False
298673,11,0.552701,-0.051495999999999986,0.603021,False,0.12176488168680603,False
207425,11,0.560523,-0.05079599999999995,0.6103466666666666,False,0.11964856185215819,False
328962,11,0.428605,-0.08397100000000002,0.5047066666666667,True,0.8080087833443216,True
145738,11,0.517837,-0.056547000000000014,0.573016,False,0.1843526211280023,False
146341,11,0.558838,-0.05098800000000003,0.6090626666666666,False,0.11536660703520767,False
138873,11,0.458723,-0.061450000000000005,0.5194070000000001,False,0.25472259244046935,False
191182,11,0.476594,-0.05591499999999999,0.5324570000000001,False,0.1694289187868503,False
256131,11,0.571111,-0.050131999999999954,0.6205693333333334,False,0.1157755593905354,False
158606,11,0.544322,-0.05370700000000006,0.5969563333333333,False,0.11516645043838503,False
115457,11,0.543246,-0.07148100000000002,0.6070113333333333,True,0.663688604211481,True
281875,11,0.528807,-0.05456300000000003,0.5820996666666667,False,0.13800092717233625,False
129303,11,0.535988,-0.05711699999999997,0.591075,False,0.19287258064303422,False
267138,11,0.562356,-0.04858300000000004,0.6155076666666667,False,0.18554580324197617,False
169951,11,0.55519,-0.05012300000000003,0.604003,False,0.15504224416430795,False
164722,11,0.575006,-0.04938799999999999,0.6233896666666666,False,0.1178632382408408,False
356768,11,0.453545,-0.06338300000000008,0.515811,False,0.2884910839636524,False
254496,11,0.52632,-0.05364499999999994,0.5790446666666667,False,0.1326608924473756,False
35337,11,0.503807,-0.05453399999999997,0.5572210000000001,False,0.1723009636882962,False
58369,11,0.566012,-0.04996100000000003,0.6153346666666667,False,0.13813504751342243,False
12406,11,0.578957,-0.049760999999999944,0.6271466666666666,False,0.11730243018389966,False
345496,11,0.509341,-0.05465299999999995,0.5675976666666667,False,0.12570501839115455,False
153878,11,0.528316,-0.05581599999999998,0.5825636666666667,False,0.16568621217921622,False
210325,11,0.489854,-0.05613100000000004,0.5498556666666667,False,0.14616170894719657,False
125140,11,0.570031,-0.052086999999999994,0.6205516666666666,False,0.10849353074483337,False
41313,11,0.513924,-0.054531999999999914,0.5677463333333334,False,0.14066482282537468,False
255155,11,0.533243,-0.053517999999999954,0.585753,False,0.1286771091200881,False
127400,11,0.549306,-0.05393700000000001,0.6020789999999999,False,0.12017134472048674,False
246777,11,0.580456,-0.04910800000000004,0.6316186666666667,False,0.12841729201393284,False
302698,11,0.530114,-0.05307000000000006,0.582223,False,0.12483042024275745,False
111754,11,0.512031,-0.05435699999999999,0.5715726666666666,False,0.15528630083231007,False
20302,11,0.571178,-0.050119000000000025,0.620424,False,0.1157755593905354,False
284802,11,0.526695,-0.054288,0.5799223333333333,False,0.16208922629093198,False
305939,11,0.547535,-0.050848000000000004,0.5980823333333333,False,0.15173745377412318,False
163429,11,0.558011,-0.049494999999999956,0.6122353333333334,False,0.15043496079090207,False
278058,11,0.506545,-0.07275799999999999,0.571938,True,0.6497494361471273,True
221571,11,0.532027,-0.055981999999999976,0.5872543333333334,False,0.17404304256405678,False
78147,11,0.582597,-0.05095499999999997,0.6323,False,0.1119952124583271,False
173617,11,0.567062,-0.050171999999999994,0.6166269999999999,False,0.124492894666567,False
138685,11,0.500282,-0.05740199999999995,0.5566056666666667,False,0.17253616800107785,False
290414,11,0.487031,-0.06050100000000003,0.5460133333333334,False,0.26726232049076487,False
358375,11,0.510826,-0.05827700000000002,0.5675633333333333,False,0.2124851740793931,False
35631,11,0.558908,-0.051723000000000074,0.6096553333333333,False,0.10480353687844869,False
337039,11,0.577956,-0.050350000000000006,0.6266696666666667,False,0.10156928877840976,False
267075,11,0.558519,-0.051278999999999963,0.609264,False,0.10919057580034472,False
29821,11,0.54052,-0.04965900000000001,0.5939873333333333,False,0.17739233069492916,False
294318,11,0.535843,-0.05405199999999999,0.5886946666666666,False,0.14353186715556124,False
39523,11,0.58072,-0.049190999999999985,0.6291669999999999,False,0.12458547911988438,False
77643,11,0.579305,-0.05022000000000004,0.6284006666666667,False,0.102668753654157,False
237717,11,0.568428,-0.049051999999999985,0.6161840000000001,False,0.1548384615630305,False
5069,11,0.546169,-0.05371099999999995,0.6011436666666666,False,0.11836310688028603,False
11028,11,0.55049,-0.05045199999999994,0.6001703333333334,False,0.14055659615752655,False
303657,11,0.517401,-0.05278700000000003,0.5699883333333333,False,0.15024490404746227,False
311699,11,0.53157,-0.054400000000000004,0.584974,False,0.1302552434232166,False
242357,11,0.472421,-0.059626999999999986,0.5380296666666666,False,0.24261927977530737,False
120646,11,0.554044,-0.06268799999999997,0.61152,True,0.45268342264176475,False
312417,11,0.537414,-0.052867,0.5890026666666667,False,0.11099758420475365,False
224622,11,0.505308,-0.059527,0.563664,False,0.28440122298909093,False
357412,11,0.579176,-0.049902,0.628021,False,0.10821375307497985,False
198943,11,0.536578,-0.05421200000000004,0.5905276666666667,False,0.13713789434700965,False
252370,11,0.560968,-0.05088199999999998,0.6114243333333333,False,0.12315519885185239,False
332523,11,0.549223,-0.05262100000000003,0.600641,False,0.11193991749929326,False
145060,11,0.535741,-0.052794999999999925,0.5883090000000001,False,0.1134811679637088,False
37435,11,0.532405,-0.05336200000000002,0.5854400000000001,False,0.13341296563818222,False
282713,11,0.582897,-0.05038799999999999,0.631875,False,0.08890632836816247,False
289239,11,0.566356,-0.049084000000000017,0.614363,False,0.16081712032927628,False
360446,11,0.560214,-0.05232100000000006,0.6113133333333334,False,0.11686598415529052,False
189600,11,0.497138,-0.05770499999999995,0.553117,False,0.1654698652830812,False
299,11,0.554401,-0.05314200000000002,0.6067536666666667,False,0.11359450496269775,False
225332,11,0.522515,-0.053459000000000034,0.5746976666666667,False,0.14952187475524803,False
31778,11,0.553199,-0.05342000000000002,0.6054303333333334,False,0.12468996502253063,False
60517,11,0.52952,-0.056097000000000063,0.5846076666666667,False,0.17460934288056718,False
58654,11,0.592744,-0.0476319999999999,0.6399913333333332,False,0.18055815967411204,False
153709,11,0.56926,-0.05093800000000004,0.6194106666666667,False,0.1017773416933753,False
339757,11,0.545573,-0.049914000000000014,0.594776,False,0.16498237841002616,False
336321,11,0.53543,-0.054134000000000015,0.5885186666666666,False,0.13718207423327122,False
308512,11,0.569986,-0.05123600000000006,0.6201273333333334,False,0.09884939181588037,False
210260,11,0.539107,-0.05326200000000003,0.5910426666666667,False,0.11328486138287422,False
50819,11,0.559862,-0.05044000000000004,0.6098346666666666,False,0.1252662791293155,False
37149,11,0.561554,-0.05018800000000001,0.6111333333333334,False,0.1390227458412674,False
161225,11,0.561844,-0.049709,0.6110513333333333,False,0.14974030779896655,False
362293,11,0.560599,-0.04928500000000002,0.6148859999999999,False,0.15066723574715585,False
178389,11,0.453386,-0.062,0.5143136666666667,False,0.25351528786174377,False
221208,11,0.477769,-0.06221699999999997,0.5390213333333334,False,0.3017755417511895,False
41291,11,0.531473,-0.05487399999999998,0.5854703333333333,False,0.1391971174879371,False
365214,11,0.550563,-0.05243500000000001,0.602506,False,0.11682363243132106,False
333281,11,0.558224,-0.049434999999999896,0.6068166666666667,False,0.15208855448575842,False
7737,11,0.481791,-0.05524099999999993,0.5409776666666667,False,0.16044455215551584,False
329588,11,0.507366,-0.058169000000000026,0.5650143333333334,False,0.21035727531019863,False
317105,11,0.473985,-0.05856300000000003,0.5318813333333333,False,0.1982879796982888,False
361689,11,0.520055,-0.055802999999999936,0.5742740000000001,False,0.1542415622146031,False
281131,11,0.512951,-0.05646499999999999,0.5685946666666667,False,0.18325064190987136,False
343638,11,0.547146,-0.05366099999999996,0.599882,False,0.1140605169993512,False
189790,11,0.554625,-0.052053000000000016,0.605357,False,0.12321493500525289,False
340726,11,0.454471,-0.06121099999999996,0.5150279999999999,False,0.22117722953595292,False
72525,11,0.566963,-0.051436999999999955,0.6174043333333333,False,0.10945397154521751,False
65444,11,0.5907,-0.04810499999999995,0.6380113333333334,False,0.1870297442649815,False
319360,11,0.536341,-0.050622000000000056,0.5934936666666667,False,0.14271697562034658,False
358935,11,0.524982,-0.056181000000000036,0.58045,False,0.18651115794367018,False
100448,11,0.5728,-0.04984600000000006,0.6213883333333333,False,0.12338994068923509,False
222075,11,0.5449,-0.05437099999999995,0.5979466666666667,False,0.13560798479894773,False
69369,11,0.521694,-0.051058999999999966,0.5773293333333332,False,0.18695180609752662,False
151722,11,0.481641,-0.06145900000000004,0.5412646666666666,False,0.2766871495917413,False
38033,11,0.535429,-0.05629899999999999,0.5904666666666667,False,0.18572644795688248,False
128351,11,0.529111,-0.054669999999999996,0.5833333333333334,False,0.14227894484920653,False
342871,11,0.554588,-0.05159200000000008,0.605153,False,0.11123806056097037,False
13912,11,0.483015,-0.059808999999999946,0.5416813333333333,False,0.23927683766127777,False
351129,11,0.542351,-0.05012899999999998,0.591584,False,0.16156219571976882,False
297365,11,0.528911,-0.05202899999999999,0.5803780000000001,False,0.1547492292008019,False
240570,11,0.533396,-0.05439700000000003,0.586823,False,0.1237486975979258,False
86317,11,0.554819,-0.05329100000000009,0.606852,False,0.11536374094158104,False
99561,11,0.555125,-0.050458,0.6052526666666667,False,0.1410059249532265,False
261740,11,0.514644,-0.054281000000000024,0.568026,False,0.14690158627821878,False
29971,11,0.567277,-0.061807999999999974,0.6240576666666667,True,0.42586664167773974,False
4101,11,0.556425,-0.052898,0.6080286666666667,False,0.10838336292306412,False
176472,11,0.533708,-0.05152000000000001,0.5901546666666667,False,0.13399925807346305,False
85669,11,0.541399,-0.05428900000000003,0.5946376666666667,False,0.13407161265744597,False
128393,11,0.577263,-0.05035299999999998,0.6260979999999999,False,0.10823024038970337,False
24702,11,0.487477,-0.05722900000000003,0.543748,False,0.15358619599199078,False
350152,11,0.582256,-0.049602000000000035,0.6311403333333333,False,0.11237729929109565,False
235514,11,0.56715,-0.05069599999999996,0.6164200000000001,False,0.10971351606236472,False
213078,11,0.552566,-0.05146899999999999,0.603302,False,0.12176488168680603,False
285706,11,0.553976,-0.052180000000000004,0.605731,False,0.11651312480987379,False
360795,11,0.570585,-0.05011500000000002,0.6195293333333334,False,0.1121059493120078,False
105461,11,0.557562,-0.051112000000000046,0.6076906666666667,False,0.10953877525736845,False
266248,11,0.523607,-0.05532199999999998,0.5785253333333333,False,0.1563273913755019,False
195779,11,0.548944,-0.054128000000000065,0.6015703333333334,False,0.1395049343160371,False
84715,11,0.54173,-0.053172,0.5940906666666667,False,0.11264975776834608,False
131659,11,0.542951,-0.052213000000000065,0.5944823333333333,False,0.12072834463855295,False
367955,11,0.545049,-0.051873999999999976,0.595975,False,0.11708554713856212,False
170017,11,0.51497,-0.058255999999999974,0.5720976666666667,False,0.22107805746282905,False
225994,11,0.513181,-0.05504600000000004,0.5668099999999999,False,0.14662696948312592,False
266161,11,0.508659,-0.056580000000000075,0.5645333333333333,False,0.19424450247278718,False
83876,11,0.520911,-0.05481499999999995,0.5751146666666667,False,0.14165574169997053,False
29327,11,0.541765,-0.05474699999999999,0.5951256666666667,False,0.1323509607145442,False
247815,11,0.582197,-0.047871,0.629659,False,0.17789815508607382,False
149552,11,0.537533,-0.05275699999999994,0.589568,False,0.10534437038279526,False
68617,11,0.552782,-0.05477200000000004,0.6060366666666667,False,0.14425929445744196,False
65934,11,0.556679,-0.051435999999999926,0.607231,False,0.11604379930568028,False
289682,11,0.569551,-0.049207,0.6183133333333334,False,0.1396198791732516,False
353036,11,0.52137,-0.054108000000000045,0.5740923333333333,False,0.15310472098608618,False
36396,11,0.580139,-0.04871200000000009,0.6277590000000001,False,0.1490884728354763,False
138966,11,0.552802,-0.05347299999999999,0.6047196666666667,False,0.12468996502253063,False
63441,11,0.524845,-0.05539099999999997,0.5793076666666667,False,0.15244243005168376,False
129973,11,0.504282,-0.05554800000000004,0.5587296666666667,False,0.17931796787149376,False
185429,11,0.584865,-0.048595000000000055,0.632193,False,0.1478194145368088,False
308443,11,0.579653,-0.04998400000000003,0.6284073333333333,False,0.10236653248655549,False
227942,11,0.578074,-0.049485,0.6268356666666667,False,0.12542108980004618,False
117806,11,0.535718,-0.05516999999999994,0.5894976666666666,False,0.14974901286600478,False
319275,11,0.537011,-0.055227000000000026,0.5913203333333333,False,0.15045153075808768,False
146037,11,0.514773,-0.054593,0.5685773333333334,False,0.13477425786378866,False
324282,11,0.531253,-0.055533000000000055,0.5858923333333333,False,0.15992662073889796,False
112065,11,0.573629,-0.050622000000000056,0.6230519999999999,False,0.09076549494122199,False
51332,11,0.540927,-0.052929000000000004,0.5932093333333334,False,0.10722966926646699,False
262451,11,0.520397,-0.055207000000000006,0.5752513333333333,False,0.15051458556105962,False
338784,11,0.54265,-0.052080000000000015,0.5940693333333332,False,0.12219840652052438,False
185753,11,0.516052,-0.05665500000000001,0.5718716666666667,False,0.2038709579684149,False
351224,11,0.551231,-0.05424200000000001,0.6039183333333334,False,0.12956517366340203,False
36066,11,0.471909,-0.055333999999999994,0.5331536666666666,False,0.20287911593833566,False
318029,11,0.536783,-0.05427599999999999,0.5900243333333334,False,0.14167201702029902,False
126286,11,0.570688,-0.05796100000000004,0.6255456666666667,True,0.2763861443727596,False
112886,11,0.467637,-0.058125999999999955,0.5294936666666666,False,0.18634698370084968,False
296341,11,0.520743,-0.056679000000000035,0.5757493333333333,False,0.20218770345948192,False
68587,11,0.570526,-0.049939999999999984,0.6199153333333333,False,0.11534976397105202,False
81030,11,0.560554,-0.04947100000000004,0.6093156666666667,False,0.14740564065169273,False
147721,11,0.589444,-0.04732999999999998,0.6359926666666667,False,0.1997960745254733,False
42982,11,0.515635,-0.05405599999999999,0.571702,False,0.15966020679070875,False
37220,11,0.578201,-0.05008900000000005,0.6278626666666667,False,0.11069841106792148,False
222077,11,0.521428,-0.057938000000000045,0.5773746666666667,False,0.23298243286580764,False
368857,11,0.505814,-0.05531700000000006,0.5597713333333334,False,0.15218066789645945,False
290049,11,0.562525,-0.049037,0.610469,False,0.16384398385580085,False
120031,11,0.532379,-0.07068299999999994,0.5964946666666667,True,0.682741652100498,True
182981,11,0.55769,-0.04942000000000002,0.6072816666666667,False,0.15569440085032166,False
190306,11,0.545146,-0.06489100000000003,0.6045523333333334,True,0.47570530749950635,False
3407,11,0.507208,-0.07057599999999997,0.5719433333333334,True,0.6100211150268413,False
282746,11,0.536483,-0.0544659999999999,0.5897876666666667,False,0.13092381895130398,False
145852,11,0.557985,-0.05335500000000004,0.6095853333333333,False,0.12102698961739672,False
73495,11,0.556292,-0.05057500000000004,0.6065133333333333,False,0.13197105345594523,False
373790,11,0.56164,-0.051219000000000015,0.6121426666666667,False,0.11429134149999903,False
130825,11,0.585253,-0.04765699999999995,0.6321106666666667,False,0.17064607094983872,False
291382,11,0.543341,-0.05431700000000006,0.596658,False,0.1341288532483753,False
15622,11,0.449316,-0.06197999999999998,0.5098023333333334,False,0.2260060887545978,False
36287,11,0.564169,-0.04882399999999998,0.6127743333333333,False,0.17970620195530332,False
16663,11,0.539364,-0.05300300000000002,0.5917673333333333,False,0.11177415264488696,False
96200,11,0.557771,-0.052783000000000024,0.609442,False,0.10133007110698797,False
26522,11,0.557573,-0.050656000000000034,0.607296,False,0.12170587724676618,False
48390,11,0.534493,-0.05224300000000004,0.592493,False,0.12298475114375605,False
58650,11,0.549532,-0.053158999999999956,0.601892,False,0.10389954550332224,False
49453,11,0.530319,-0.05392600000000003,0.5837733333333334,False,0.14344997884025482,False
85277,11,0.500389,-0.055790000000000006,0.5552963333333333,False,0.16202499272373766,False
221777,11,0.562869,-0.051591000000000053,0.6130136666666667,False,0.11075246575873204,False
60058,11,0.490564,-0.057863,0.5478633333333334,False,0.16968152165710174,False
194081,11,0.533212,-0.053842999999999974,0.585387,False,0.13526187627020678,False
53736,11,0.495607,-0.05891299999999999,0.5532496666666668,False,0.2101209998650055,False
231649,11,0.568216,-0.062886,0.6258676666666667,True,0.4709106157063053,False
367671,11,0.562449,-0.04994500000000002,0.6119643333333333,False,0.1411308749164274,False
39449,11,0.513588,-0.053622999999999976,0.5708913333333333,False,0.14017566121319677,False
187595,11,0.540398,-0.05423599999999995,0.5933826666666667,False,0.13228710036238642,False
137340,11,0.517532,-0.05601900000000004,0.5728153333333333,False,0.1715684796528181,False
57487,11,0.486263,-0.059481000000000006,0.545531,False,0.24069699058105937,False
239717,11,0.573758,-0.04865799999999998,0.621645,False,0.15079095730613518,False
73206,11,0.552186,-0.05265400000000009,0.603961,False,0.09192348166791335,False
356664,11,0.58418,-0.05109599999999992,0.6333923333333333,False,0.11333246972628698,False
198461,11,0.509893,-0.055636999999999937,0.566926,False,0.15447905611941976,False
54309,11,0.517989,-0.06278299999999992,0.5768586666666667,True,0.4048638881621187,False
241331,11,0.554634,-0.050159000000000065,0.60394,False,0.15008131769805436,False
69445,11,0.555998,-0.05286000000000002,0.607656,False,0.10984506953313401,False
266171,11,0.55592,-0.047163999999999984,0.602789,False,0.2564126003530305,False
26289,11,0.507954,-0.055401000000000034,0.5700516666666667,False,0.13688720455720177,False
80132,11,0.500774,-0.0544889999999999,0.5544083333333333,False,0.17860876473857462,False
3770,11,0.516084,-0.06510700000000003,0.577442,True,0.4241875601153003,False
107090,11,0.526068,-0.054678000000000004,0.5791103333333333,False,0.14364920061139333,False
97425,11,0.508885,-0.05473499999999998,0.5622816666666667,False,0.14203395957704668,False
116619,11,0.565846,-0.061390000000000056,0.621973,True,0.3795958532048297,False
56117,11,0.539061,-0.05370799999999998,0.5919186666666666,False,0.11112328542185476,False
240273,11,0.559438,-0.05083700000000002,0.6098296666666667,False,0.12012979728086913,False
342598,11,0.506845,-0.056201999999999974,0.561756,False,0.18503424083761125,False
237881,11,0.526785,-0.05398700000000001,0.5794796666666667,False,0.15127584141917824,False
177892,11,0.539306,-0.05435400000000001,0.5930856666666666,False,0.12252386922966645,False
44907,11,0.506716,-0.05604799999999999,0.5619336666666667,False,0.17957207136752584,False
346692,11,0.566321,-0.05151899999999998,0.6170036666666666,False,0.11091640275953117,False
282789,11,0.521602,-0.054327000000000014,0.5754630000000001,False,0.15336160897183518,False
47662,11,0.536981,-0.05409699999999995,0.59029,False,0.14167201702029902,False
325405,11,0.520275,-0.05495799999999995,0.5741776666666667,False,0.13668955730598167,False
82920,11,0.535173,-0.055440000000000045,0.5896086666666667,False,0.14657877149528664,False
81516,11,0.535594,-0.05562100000000003,0.5897353333333334,False,0.16106057828931647,False
20916,11,0.533309,-0.06264899999999995,0.591885,True,0.46595764484432317,False
49123,11,0.472083,-0.06075500000000006,0.532585,False,0.2692973703383656,False
89725,11,0.543219,-0.050979,0.5930719999999999,False,0.13234537145072575,False
201728,11,0.508543,-0.05610599999999999,0.5633,False,0.17957207136752584,False
172103,11,0.547318,-0.06246700000000005,0.604924,True,0.449653007475125,False
141530,11,0.551175,-0.04808200000000007,0.6041336666666667,False,0.21038132830466197,False
122049,11,0.552724,-0.051968000000000014,0.6034056666666666,False,0.11624809913176294,False
229690,11,0.505456,-0.054636999999999936,0.5587506666666666,False,0.16854183364885844,False
247974,11,0.534874,-0.05603400000000003,0.5894843333333334,False,0.16771724653074777,False
30369,11,0.531868,-0.05593800000000004,0.5865393333333334,False,0.17404304256405678,False
191277,11,0.560897,-0.050854999999999984,0.6107969999999999,False,0.1246269032657677,False
306012,11,0.548382,-0.051503999999999994,0.5995266666666667,False,0.12192056327419894,False
209400,11,0.494605,-0.05689300000000003,0.5506306666666667,False,0.17902904143459566,False
31959,11,0.515713,-0.05526200000000003,0.569621,False,0.14442914199302312,False
85197,11,0.559658,-0.05160799999999999,0.6105550000000001,False,0.10682634573712543,False
117026,11,0.432349,-0.066114,0.4971946666666667,False,0.36957218473039277,False
357599,11,0.585641,-0.04890400000000006,0.633627,False,0.13766832447818386,False
193575,11,0.504104,-0.05781599999999998,0.5602863333333333,False,0.19975500342468447,False
177254,11,0.54179,-0.06251499999999999,0.5987643333333333,True,0.44115756216206903,False
279291,11,0.510758,-0.055346999999999924,0.56547,False,0.16399819837034335,False
347011,11,0.557767,-0.05078899999999997,0.6074243333333333,False,0.11698433163154899,False
55789,11,0.58513,-0.049111999999999933,0.6333796666666667,False,0.1374333020501052,False
277408,11,0.553445,-0.052398000000000056,0.604722,False,0.11940334667815519,False
140373,11,0.514545,-0.06726399999999999,0.5766496666666666,True,0.5069251064917424,False
240870,11,0.504107,-0.07139499999999999,0.5696653333333334,True,0.6123174985029901,False
188208,11,0.513482,-0.058589,0.5705536666666666,False,0.22876285006613256,False
120087,11,0.522145,-0.05466599999999999,0.576256,False,0.13893814015058945,False
312690,11,0.542831,-0.052399000000000084,0.594688,False,0.11731132891742009,False
207505,11,0.530172,-0.05210500000000007,0.5813883333333334,False,0.14402399854373463,False
80131,11,0.542926,-0.050648000000000026,0.5927746666666667,False,0.14183093520991474,False
114137,11,0.547974,-0.052829000000000015,0.599562,False,0.10670363569416046,False
139893,11,0.583083,-0.04974199999999995,0.6317526666666667,False,0.10557789292874706,False
204693,11,0.532406,-0.055342,0.5868946666666667,False,0.14773928551474036,False
332547,11,0.555817,-0.05197200000000002,0.60753,False,0.11583965152362544,False
82540,11,0.550907,-0.053537999999999974,0.6034510000000001,False,0.1169024604114225,False
38409,11,0.537402,-0.053464999999999985,0.5898236666666667,False,0.12893900804781824,False
124782,11,0.542884,-0.05379800000000001,0.5954860000000001,False,0.12701047408583552,False
51599,11,0.570628,-0.050416000000000016,0.6204506666666667,False,0.10954702018904063,False
302100,11,0.560712,-0.04895700000000003,0.612802,False,0.16125508760561527,False
184101,11,0.55531,-0.053261,0.6069289999999999,False,0.11683017197795359,False
303520,11,0.562618,-0.051364999999999994,0.613141,False,0.11926480853246621,False
33568,11,0.557316,-0.05085099999999998,0.6125156666666667,False,0.12859978390058277,False
334993,11,0.504446,-0.053691000000000044,0.5574913333333332,False,0.17365871775686365,False
216161,11,0.543339,-0.05454300000000001,0.596329,False,0.1266256588758363,False
48896,11,0.56428,-0.05139400000000005,0.614435,False,0.11727616474980573,False
292002,11,0.570922,-0.050628000000000006,0.6206813333333333,False,0.10181953327821057,False
306491,11,0.569611,-0.05115100000000006,0.619663,False,0.09520844360658512,False
6019,11,0.537082,-0.05287300000000006,0.594693,False,0.10988848087543014,False
73158,11,0.542139,-0.053848999999999925,0.5949043333333334,False,0.1289876212625243,False
264951,11,0.534772,-0.05349599999999999,0.5872266666666667,False,0.125423762011191,False
347806,11,0.540513,-0.053207000000000004,0.5922776666666666,False,0.11424030519399696,False
199295,11,0.504366,-0.05577399999999999,0.5593876666666667,False,0.17590575919280016,False
249974,11,0.551335,-0.053366000000000025,0.6035013333333333,False,0.1169024604114225,False
1130,11,0.519351,-0.054690000000000016,0.5796273333333334,False,0.15396024851084747,False
138091,11,0.54252,-0.05445100000000003,0.5958106666666666,False,0.12930368037600998,False
324734,11,0.569001,-0.04817899999999997,0.6166999999999999,False,0.20025975048822017,False
14470,11,0.530503,-0.06071300000000002,0.5876753333333333,True,0.36001609656689637,False
254615,11,0.585342,-0.05460699999999996,0.6367853333333334,True,0.1941565998127822,False
371112,11,0.562803,-0.05207799999999996,0.6134633333333334,False,0.1208103685506348,False
52418,11,0.555415,-0.05107000000000006,0.6058563333333333,False,0.12064915408949353,False
156960,11,0.530691,-0.05340400000000001,0.5829960000000001,False,0.13465741690994862,False
139042,11,0.553015,-0.05346799999999996,0.6049783333333334,False,0.12468996502253063,False
346047,11,0.545207,-0.05218800000000001,0.596543,False,0.13177665637552466,False
111477,11,0.558021,-0.05130000000000001,0.6126863333333333,False,0.1165805995086579,False
369972,11,0.571526,-0.050815000000000055,0.6219943333333333,False,0.09733340610974185,False
21930,11,0.546019,-0.059083,0.6021913333333333,True,0.28565629098875955,False
352159,11,0.531578,-0.05409799999999998,0.5847973333333333,False,0.14521443425615477,False
111043,11,0.534162,-0.05367199999999994,0.5871333333333334,False,0.12012755630504084,False
145684,11,0.551706,-0.05220999999999998,0.6028413333333333,False,0.11552964799437368,False
282579,11,0.560638,-0.04834800000000006,0.6140363333333333,False,0.19788596954455104,False
70407,11,0.550927,-0.052710000000000035,0.602285,False,0.09152103036727721,False
316526,11,0.555831,-0.05301200000000006,0.607809,False,0.1110907206302401,False
83707,11,0.536903,-0.053342,0.5902086666666667,False,0.12893900804781824,False
138403,11,0.520626,-0.05620999999999998,0.5797606666666667,False,0.20272963991563395,False
53893,11,0.494706,-0.05674800000000002,0.549716,False,0.18368211217830296,False
193738,11,0.556821,-0.05237999999999998,0.608129,False,0.12077669968628947,False
178349,11,0.475991,-0.07465499999999997,0.5448270000000001,True,0.6682597195874694,True
56673,11,0.567217,-0.049568000000000056,0.6164116666666667,False,0.13513935998637855,False
281137,11,0.580927,-0.05160200000000004,0.6309553333333333,False,0.10035964981230659,False
295170,11,0.563021,-0.05025999999999997,0.6122219999999999,False,0.14004016975294142,False
106743,11,0.537506,-0.05021599999999993,0.587414,False,0.18105865342452943,False
336048,11,0.471181,-0.06345799999999996,0.532824,False,0.3517238588407402,False
290048,11,0.577629,-0.051064,0.627544,False,0.10621118629244675,False
232328,11,0.559184,-0.05136200000000002,0.6093486666666666,False,0.11238408171093357,False
136716,11,0.545839,-0.052284,0.5998769999999999,False,0.12043875064734928,False
142788,11,0.5813,-0.05013400000000001,0.6307236666666667,False,0.09210977159223772,False
183321,11,0.552051,-0.052844,0.6038519999999999,False,0.09830036315427493,False
35924,11,0.546988,-0.05342799999999992,0.5995156666666667,False,0.12081104846597629,False
139258,11,0.550252,-0.05885000000000007,0.6057739999999999,True,0.26237489198648095,False
110140,11,0.551927,-0.05342200000000008,0.6042756666666667,False,0.12286682483119571,False
345899,11,0.580379,-0.04798000000000002,0.627598,False,0.19384539628666345,False
42001,11,0.554644,-0.05495899999999998,0.607453,False,0.14347712526618217,False
258744,11,0.545969,-0.05421500000000001,0.5996,False,0.1336181666259745,False
330879,11,0.583464,-0.04971599999999998,0.6316069999999999,False,0.1050588242017205,False
367696,11,0.465901,-0.06087200000000004,0.525689,False,0.2443680518621893,False
149415,11,0.570212,-0.06223599999999996,0.6274966666666667,True,0.4531138392571686,False
198691,11,0.525644,-0.05497099999999999,0.5795296666666666,False,0.15431936147461126,False
36466,11,0.560389,-0.053783000000000025,0.6124456666666668,False,0.13488726352376684,False
81158,11,0.580681,-0.06022899999999998,0.6358953333333334,True,0.39611571967316617,False
104248,11,0.532543,-0.05562400000000001,0.5873573333333333,False,0.15338932430937166,False
99829,11,0.518982,-0.0572379999999999,0.5749466666666666,False,0.17882771850600995,False
110615,11,0.551831,-0.05048200000000003,0.601928,False,0.1356805964296186,False
157284,11,0.507469,-0.05518500000000004,0.561812,False,0.14950720317666522,False
138656,11,0.540846,-0.052848000000000006,0.5930613333333333,False,0.10157744205360696,False
94036,11,0.481461,-0.05929800000000002,0.540134,False,0.22135059981955613,False
274088,11,0.552275,-0.05176500000000006,0.6032186666666667,False,0.11245990761120916,False
215856,11,0.514073,-0.056064,0.5691173333333334,False,0.1749177120861838,False
263638,11,0.540588,-0.055526000000000075,0.5949673333333333,False,0.15892400431215786,False
130970,11,0.524889,-0.055064,0.5794480000000001,False,0.1622718162246844,False
308944,11,0.450325,-0.06320999999999999,0.5125646666666667,False,0.2690016857506164,False
344652,11,0.542481,-0.05499799999999999,0.596375,False,0.13779875382239093,False
327837,11,0.543146,-0.053974999999999995,0.5960913333333333,False,0.13725090980535373,False
285929,11,0.519259,-0.058016999999999985,0.5761103333333334,False,0.21739306548338275,False
128075,11,0.536268,-0.054472999999999994,0.5895326666666666,False,0.12992255414909337,False
62855,11,0.507463,-0.05494100000000002,0.5634786666666667,False,0.14203395957704668,False
209186,11,0.568572,-0.051564000000000054,0.619177,False,0.09532722100050989,False
349665,11,0.566542,-0.05125299999999999,0.6165086666666667,False,0.1094377733524123,False
110430,11,0.542791,-0.05132999999999999,0.5969383333333333,False,0.13031210904957016,False
66818,11,0.552812,-0.052688999999999986,0.604378,False,0.0999654788713052,False
286046,11,0.533954,-0.05357999999999996,0.5868263333333333,False,0.12284963641718458,False
156471,11,0.55395,-0.0509909999999999,0.6044423333333334,False,0.12274499724723509,False
173239,11,0.539549,-0.05440900000000004,0.592236,False,0.12578129187995746,False
196038,11,0.531619,-0.05573000000000006,0.586506,False,0.1563171694282937,False
305402,11,0.571236,-0.04726800000000009,0.6177846666666666,False,0.22457504602607223,False
200562,11,0.567733,-0.049720999999999904,0.6166133333333333,False,0.13366054539370434,False
200078,11,0.578612,-0.050966999999999985,0.628822,False,0.10419921641577118,False
16829,11,0.555954,-0.052544000000000035,0.6075743333333333,False,0.11805721493366492,False
179768,11,0.558212,-0.05379899999999993,0.610005,False,0.1299145238354373,False
290771,11,0.569968,-0.049189999999999956,0.6182516666666666,False,0.1396198791732516,False
121981,11,0.524198,-0.052113999999999994,0.5799836666666667,False,0.1882194850236771,False
254798,11,0.500549,-0.05554300000000001,0.5613343333333334,False,0.15984043825272465,False
165388,11,0.492309,-0.05700499999999997,0.5480166666666667,False,0.18053856211731534,False
311969,11,0.583502,-0.049264000000000085,0.6315080000000001,False,0.12479090356442088,False
41833,11,0.524525,-0.054856999999999934,0.5786626666666667,False,0.1475930586326904,False
221187,11,0.561884,-0.05194499999999991,0.6130533333333333,False,0.11647011257457585,False
119484,11,0.518628,-0.06420599999999999,0.5790879999999999,True,0.42404730643617067,False
115574,11,0.574087,-0.04890799999999995,0.6229330000000001,False,0.13082652562619196,False
309588,11,0.514121,-0.05507299999999993,0.5679666666666666,False,0.1402000559371351,False
208910,11,0.511581,-0.054979,0.5654696666666666,False,0.15995334832827207,False
16469,11,0.54969,-0.05202300000000004,0.6012543333333333,False,0.1045209557959772,False
4883,11,0.510129,-0.05666399999999994,0.5662896666666667,False,0.2121201131232598,False
87194,11,0.53156,-0.05437399999999992,0.5849546666666666,False,0.1399681077222572,False
186264,11,0.499398,-0.05533100000000002,0.5538183333333334,False,0.1626355751777016,False
109842,11,0.503089,-0.05783399999999994,0.5602056666666666,False,0.20948610854720326,False
20836,11,0.579519,-0.047336000000000045,0.6264226666666667,False,0.2209649187848061,False
60472,11,0.542158,-0.05098999999999998,0.5995726666666666,False,0.1322659392692689,False
256170,11,0.524616,-0.056777999999999995,0.580561,False,0.2171297137660202,False
249184,11,0.530025,-0.05500500000000008,0.5840556666666666,False,0.14741482668965375,False
320695,11,0.531743,-0.055082000000000075,0.58522,False,0.14976059430675756,False
352157,11,0.530378,-0.05406599999999995,0.583623,False,0.15376769816873095,False
100814,11,0.451087,-0.06388499999999997,0.5141953333333333,False,0.2952392194775291,False
115141,11,0.526809,-0.05476700000000001,0.580997,False,0.13392108744568965,False
164981,11,0.554741,-0.053821999999999925,0.6076196666666667,False,0.12996142164976057,False
30662,11,0.522135,-0.057647000000000004,0.5787643333333333,False,0.21460118017230384,False
283423,11,0.534268,-0.054074999999999984,0.5877756666666666,False,0.14248276166234286,False
335243,11,0.523187,-0.055589,0.5776166666666667,False,0.16055546561108291,False
276653,11,0.485343,-0.06016399999999994,0.5437759999999999,False,0.25223496166481807,False
174879,11,0.558672,-0.06800400000000006,0.6195346666666667,True,0.6048980313188609,False
34701,11,0.399148,-0.07200299999999998,0.4697986666666667,False,0.46734212294687255,False
139973,11,0.571521,-0.05000400000000005,0.621017,False,0.11547149922030131,False
1858,11,0.570076,-0.04910799999999993,0.618158,False,0.1396198791732516,False
354785,11,0.485895,-0.06247600000000003,0.5463423333333334,False,0.33490754392916855,False
144194,11,0.398448,-0.06961499999999998,0.4673253333333333,False,0.4287299607573785,False
161616,12,0.495279,-0.055864000000000025,0.5503543333333334,False,0.15923147142010557,False
221846,12,0.522865,-0.05070299999999994,0.5728810000000001,False,0.20808849098959176,False
84698,12,0.506537,-0.053483999999999976,0.558912,False,0.16487579657469587,False
114629,12,0.44344,-0.05889000000000005,0.500882,False,0.17680778015867654,False
83465,12,0.490866,-0.05542899999999995,0.5456736666666666,False,0.14836151787221827,False
369398,12,0.455688,-0.057919000000000054,0.5124776666666667,False,0.15994098665417417,False
13112,12,0.465956,-0.05818300000000004,0.5232323333333333,False,0.18045953481322186,False
235202,12,0.521921,-0.050920999999999994,0.5719173333333333,False,0.20585007713118578,False
104286,12,0.488816,-0.05427399999999999,0.5418953333333333,False,0.18752157067394806,False
224231,12,0.533369,-0.05154199999999998,0.5845159999999999,False,0.13532054106793168,False
12995,12,0.496261,-0.051931000000000005,0.547535,False,0.222036388713611,False
74905,12,0.433226,-0.06260500000000002,0.4950913333333333,False,0.246383842761042,False
294254,12,0.405435,-0.065502,0.4697963333333333,False,0.23877473386210546,False
265229,12,0.506564,-0.06724799999999997,0.5677153333333333,True,0.493916898075415,False
366026,12,0.375433,-0.06846999999999998,0.442572,False,0.37312566476000963,False
269565,12,0.496082,-0.05520599999999998,0.5500686666666667,False,0.16440306982786984,False
242550,12,0.508372,-0.052118999999999915,0.5642233333333334,False,0.18298881671214898,False
82704,12,0.493872,-0.05385899999999999,0.5473916666666666,False,0.19454308030607087,False
213416,12,0.487884,-0.057606000000000046,0.5438253333333334,False,0.1525471641249644,False
45580,12,0.42042,-0.06270300000000001,0.4830626666666667,False,0.2039758498157519,False
280043,12,0.413471,-0.06272700000000003,0.4755116666666666,False,0.18622609667132262,False
50707,12,0.346264,-0.072015,0.4165183333333333,False,0.4085748206217586,False
28401,12,0.515629,-0.052285999999999944,0.5672803333333333,False,0.1705810890126029,False
33306,12,0.430084,-0.06113799999999997,0.49017,False,0.21006975078205606,False
23114,12,0.454728,-0.060752999999999946,0.5139673333333333,False,0.21656932668280582,False
114987,12,0.463728,-0.057979999999999976,0.525431,False,0.17853927032024358,False
325666,12,0.537373,-0.050705,0.5872766666666667,False,0.16182633200339408,False
92826,12,0.502142,-0.05388000000000004,0.5549406666666666,False,0.17851338080326015,False
165868,12,0.469781,-0.057574000000000014,0.52601,False,0.18031418865041207,False
306277,12,0.495633,-0.05533900000000003,0.5493009999999999,False,0.1579989953151847,False
219949,12,0.403408,-0.06612400000000002,0.4681043333333333,False,0.29058459132353165,False
81499,12,0.497245,-0.05466399999999999,0.551562,False,0.17676982741268543,False
278463,12,0.506644,-0.055652000000000035,0.5605183333333333,False,0.15220694661532452,False
180331,12,0.390911,-0.06531999999999999,0.45525299999999996,False,0.22918656700130702,False
294076,12,0.514496,-0.054804000000000075,0.5681293333333334,False,0.13474628694659596,False
160007,12,0.486449,-0.05637000000000003,0.5412373333333333,False,0.1750642760316273,False
288528,12,0.477211,-0.055867000000000056,0.5323066666666667,False,0.17443344607197034,False
125541,12,0.487244,-0.05734899999999998,0.5435103333333333,False,0.16522982677291742,False
271358,12,0.483766,-0.05740700000000004,0.5401943333333333,False,0.16082917319280807,False
165767,12,0.472938,-0.06923699999999994,0.5362403333333333,True,0.5459405409745924,False
52953,12,0.425543,-0.06434899999999999,0.48914566666666665,False,0.2552909694638879,False
57288,12,0.501892,-0.05380399999999996,0.5544446666666666,False,0.180022552479,False
116876,12,0.466099,-0.05474899999999999,0.5197196666666667,False,0.22215104260559196,False
356263,12,0.471612,-0.07611700000000005,0.538695,True,0.695519744731719,True
129087,12,0.513618,-0.05336299999999994,0.5667706666666666,False,0.15107603435152966,False
174160,12,0.508656,-0.06460699999999997,0.568195,True,0.4050409681108626,False
155560,12,0.521263,-0.051219000000000015,0.5722843333333333,False,0.17257694678000354,False
93665,12,0.509983,-0.053128000000000064,0.5619546666666667,False,0.16792219456766827,False
58485,12,0.449746,-0.05787399999999998,0.5067516666666666,False,0.14311202112991092,False
10211,12,0.48771,-0.05371300000000001,0.5399919999999999,False,0.20194043085984653,False
18889,12,0.497669,-0.05485699999999999,0.5515356666666666,False,0.1732361843229483,False
245392,12,0.486575,-0.05620599999999998,0.541519,False,0.1691859440202621,False
354005,12,0.508295,-0.07062099999999993,0.5718533333333333,True,0.6100211150268413,False
315631,12,0.364697,-0.070847,0.43404333333333334,False,0.4078825706445542,False
131813,12,0.472463,-0.05723600000000001,0.5275973333333334,False,0.1662682693443017,False
99724,12,0.489477,-0.05478999999999995,0.543594,False,0.1642297435646169,False
215535,12,0.522964,-0.053737000000000035,0.5754389999999999,False,0.13993520440508997,False
351364,12,0.475467,-0.057414999999999994,0.5318313333333333,False,0.15648583219695128,False
26633,12,0.508057,-0.05364199999999997,0.5607966666666666,False,0.1471178701129944,False
146002,12,0.498772,-0.05300300000000002,0.550833,False,0.1949664068272104,False
124118,12,0.471912,-0.05848900000000001,0.529332,False,0.20445028355790437,False
209546,12,0.500683,-0.05365200000000003,0.5535886666666666,False,0.17524509074665864,False
293540,12,0.504332,-0.05471599999999999,0.558145,False,0.16644122897468341,False
130111,12,0.47947,-0.053307999999999967,0.5331480000000001,False,0.23270781634617693,False
1701,12,0.449832,-0.06042499999999995,0.5094203333333334,False,0.1893935405139436,False
24025,12,0.346101,-0.07206099999999999,0.416817,False,0.4085748206217586,False
211694,12,0.519901,-0.05293300000000001,0.5717763333333333,False,0.15033938634624563,False
101255,12,0.526853,-0.05269999999999997,0.5788616666666667,False,0.12038650255512655,False
299391,12,0.464242,-0.056550000000000045,0.5196203333333334,False,0.19944752321570086,False
139883,12,0.515402,-0.051342,0.566261,False,0.18476893553356558,False
238555,12,0.527834,-0.05271899999999996,0.5793706666666667,False,0.12430471856911955,False
221333,12,0.470388,-0.05807900000000005,0.5276029999999999,False,0.18493184014283565,False
30741,12,0.455,-0.05828700000000003,0.5126236666666667,False,0.15221678649435968,False
123314,12,0.471235,-0.06000599999999995,0.5297773333333333,False,0.23347766667083317,False
119325,12,0.469783,-0.05728899999999998,0.525536,False,0.1752964386061675,False
86574,12,0.505393,-0.05335600000000007,0.557656,False,0.1805950471698499,False
341911,12,0.472773,-0.05770299999999995,0.529503,False,0.1666744918760486,False
30866,12,0.486,-0.05411299999999997,0.5455566666666667,False,0.21264985818147988,False
340723,12,0.514302,-0.05258499999999999,0.5662543333333333,False,0.1798230634108187,False
332911,12,0.512097,-0.05286400000000002,0.5641060000000001,False,0.16868328395966187,False
211089,12,0.483878,-0.056811,0.539163,False,0.17796124980397932,False
281527,12,0.513974,-0.052304999999999935,0.5659033333333333,False,0.1911837898725881,False
164419,12,0.486686,-0.05547299999999994,0.54136,False,0.16329399032050038,False
334030,12,0.447228,-0.059556,0.5055843333333333,False,0.17858539794654707,False
213058,12,0.506039,-0.05419600000000002,0.5594746666666667,False,0.1719298693916947,False
350737,12,0.497201,-0.05262199999999995,0.5531366666666666,False,0.21463515225368307,False
22780,12,0.420087,-0.06375000000000003,0.4830586666666667,False,0.23406456286571842,False
112321,12,0.483707,-0.053386000000000045,0.539533,False,0.21187073319907532,False
281168,12,0.53981,-0.051041,0.5900816666666667,False,0.13304806846698386,False
53587,12,0.480884,-0.057964000000000016,0.5376883333333333,False,0.17574434654017354,False
139041,12,0.522301,-0.05286499999999994,0.5743573333333333,False,0.13659663286431564,False
199191,12,0.491389,-0.05754500000000001,0.54754,False,0.16323512395632697,False
338428,12,0.462367,-0.05681999999999998,0.5183446666666667,False,0.19795119309797313,False
48625,12,0.464743,-0.056088999999999944,0.528339,False,0.1916469487412629,False
297458,12,0.52234,-0.050582999999999934,0.5721406666666667,False,0.20808849098959176,False
137752,12,0.486734,-0.05890200000000001,0.5439896666666667,False,0.2184375231338967,False
229734,12,0.430454,-0.06220399999999998,0.4916053333333333,False,0.21689163960148547,False
244855,12,0.470695,-0.05684100000000003,0.5264603333333334,False,0.1974893489834814,False
264979,12,0.445787,-0.058060000000000056,0.5075833333333334,False,0.14323765276123646,False
314019,12,0.452244,-0.061085999999999974,0.5121963333333334,False,0.20997134838048498,False
104633,12,0.498304,-0.051268999999999953,0.5490443333333334,False,0.2152664833714167,False
284266,12,0.44056,-0.05953999999999998,0.4996313333333333,False,0.177289652401494,False
277317,12,0.483731,-0.05759399999999992,0.5396426666666666,False,0.16581432050682804,False
289428,12,0.451115,-0.05816400000000005,0.5082033333333333,False,0.14083304107961547,False
288255,12,0.51961,-0.05265900000000001,0.5713996666666666,False,0.15388755692352182,False
67314,12,0.470969,-0.07558199999999998,0.5390423333333333,True,0.6788444209952456,True
219794,12,0.513962,-0.056087,0.5677506666666666,False,0.17190729253299092,False
130367,12,0.490064,-0.05463100000000004,0.5440493333333333,False,0.1702191152089164,False
335544,12,0.434549,-0.06249499999999997,0.49596066666666666,False,0.24826159935280392,False
123930,12,0.433961,-0.06001899999999999,0.493006,False,0.18451240384463322,False
236708,12,0.462009,-0.059979000000000005,0.5209820000000001,False,0.21712110105603594,False
146068,12,0.496552,-0.07644099999999998,0.564086,True,0.7260403199333759,True
298673,12,0.484824,-0.06787700000000002,0.5472406666666666,True,0.5152504170603278,False
207425,12,0.506114,-0.05440900000000004,0.5593186666666666,False,0.16463927757145783,False
328962,12,0.362115,-0.06649,0.434432,False,0.281470802590125,False
145738,12,0.459825,-0.05801200000000001,0.5173486666666667,False,0.1765021353519286,False
146341,12,0.505629,-0.05320899999999995,0.5580976666666667,False,0.17529190510499798,False
138873,12,0.391661,-0.06706200000000001,0.45685233333333336,False,0.30866356769115605,False
191182,12,0.414802,-0.061792000000000014,0.474635,False,0.1792968570995289,False
256131,12,0.517616,-0.05349500000000007,0.56999,False,0.1581573808666344,False
158606,12,0.488318,-0.056004,0.5435563333333333,False,0.14811169376009312,False
115457,12,0.487915,-0.05533100000000002,0.5486293333333333,False,0.15111899180005614,False
281875,12,0.470863,-0.05794400000000005,0.52768,False,0.18284577473342045,False
129303,12,0.478328,-0.057660000000000045,0.535807,False,0.15348066360586227,False
267138,12,0.511736,-0.05062,0.561677,False,0.22785232315189394,False
169951,12,0.502844,-0.052346000000000004,0.554449,False,0.21773853537756188,False
164722,12,0.523337,-0.051668999999999965,0.5742456666666667,False,0.15655975517795132,False
356768,12,0.386659,-0.066886,0.45237733333333335,False,0.29625893796352415,False
254496,12,0.449132,-0.07718800000000003,0.5184723333333333,True,0.660599715621569,True
35337,12,0.438616,-0.065191,0.5002546666666666,True,0.2856537302752899,False
58369,12,0.512614,-0.053397999999999946,0.5648663333333334,False,0.17796710246651581,False
12406,12,0.528302,-0.050655000000000006,0.578659,False,0.18936202095320082,False
345496,12,0.451962,-0.05737900000000007,0.5084323333333334,False,0.14355418318878949,False
153878,12,0.471886,-0.05642999999999998,0.5281113333333334,False,0.20138648554890823,False
210325,12,0.430765,-0.059089,0.488868,False,0.2114630920779865,False
125140,12,0.517407,-0.052624000000000004,0.5698519999999999,False,0.16814907842807794,False
41313,12,0.454337,-0.05958700000000006,0.512239,False,0.1891531623485538,False
255155,12,0.475875,-0.05736800000000003,0.5319596666666667,False,0.15798009529184726,False
127400,12,0.493282,-0.05602399999999996,0.5486103333333333,False,0.16226049670193607,False
246777,12,0.528572,-0.05188399999999993,0.5795306666666667,False,0.15443970067444635,False
302698,12,0.475223,-0.05489099999999997,0.5295070000000001,False,0.20471289876788423,False
111754,12,0.454143,-0.057887999999999995,0.510854,False,0.14493803709144287,False
20302,12,0.519338,-0.05184,0.5706043333333333,False,0.17344544397879524,False
284802,12,0.468323,-0.058372000000000035,0.5253336666666667,False,0.19739335481955084,False
305939,12,0.49394,-0.053595000000000004,0.5466193333333333,False,0.19230237318836801,False
163429,12,0.506517,-0.05149400000000004,0.5573446666666667,False,0.19506324250268514,False
278058,12,0.44856,-0.05798500000000001,0.5114693333333333,False,0.1460564494180635,False
221571,12,0.472902,-0.05912500000000004,0.5309793333333334,False,0.21838543076784747,False
78147,12,0.528073,-0.05452400000000002,0.5814073333333334,False,0.13547442315484173,False
173617,12,0.512926,-0.05413599999999996,0.5657406666666667,False,0.16605977711001946,False
138685,12,0.441985,-0.05829699999999999,0.49998366666666666,False,0.15116374156799922,False
290414,12,0.424735,-0.06229600000000002,0.4864326666666667,False,0.21472088713148235,False
358375,12,0.452277,-0.05854900000000002,0.5107353333333333,False,0.16664481908586323,False
35631,12,0.50437,-0.054537999999999975,0.5579696666666667,False,0.17102005226236167,False
337039,12,0.526583,-0.051373,0.5776150000000001,False,0.1629784807979227,False
267075,12,0.502775,-0.055744000000000016,0.5570306666666666,False,0.16743738956039025,False
29821,12,0.486838,-0.05368200000000001,0.539179,False,0.21243335793051168,False
294318,12,0.479176,-0.05666699999999997,0.5349713333333334,False,0.1900432789497444,False
39523,12,0.526496,-0.05422400000000005,0.5790423333333333,False,0.14801648096939302,False
77643,12,0.526565,-0.05274000000000001,0.578465,False,0.13220456820205082,False
237717,12,0.518273,-0.05015500000000006,0.5680603333333334,False,0.21461876602175384,False
5069,12,0.474984,-0.071185,0.5403443333333333,True,0.5821560204366363,False
11028,12,0.484177,-0.06631300000000001,0.545203,True,0.45166668173924746,False
303657,12,0.458933,-0.05846800000000002,0.5155073333333333,False,0.1949343512392249,False
311699,12,0.474584,-0.05698599999999998,0.5307080000000001,False,0.18328183131291367,False
242357,12,0.398575,-0.07384599999999997,0.46768133333333334,True,0.49839979865808476,False
120646,12,0.500492,-0.05355199999999993,0.5570893333333333,False,0.17066174730585548,False
312417,12,0.482931,-0.05448299999999995,0.5368753333333333,False,0.2026154740514944,False
224622,12,0.444755,-0.06055299999999997,0.504966,False,0.183757537351256,False
357412,12,0.524215,-0.05496100000000004,0.5774896666666667,False,0.1515879297517408,False
198943,12,0.479399,-0.05717899999999998,0.535589,False,0.1635062151598144,False
252370,12,0.506273,-0.05469500000000005,0.559697,False,0.14242706894629184,False
332523,12,0.494085,-0.05513800000000002,0.548384,False,0.16843891084747648,False
145060,12,0.478277,-0.057464000000000015,0.5341846666666666,False,0.1661417717546795,False
37435,12,0.475463,-0.05694199999999999,0.5312116666666667,False,0.17223161417359426,False
282713,12,0.507126,-0.07577100000000003,0.574436,True,0.7178316214954953,True
289239,12,0.514714,-0.051641999999999966,0.5655033333333334,False,0.17776657519430833,False
360446,12,0.505718,-0.05449599999999999,0.559489,False,0.16107477308788476,False
189600,12,0.438342,-0.058796000000000015,0.4967743333333334,False,0.18944103057586487,False
299,12,0.499176,-0.055225000000000024,0.5537066666666667,False,0.1626355751777016,False
225332,12,0.465088,-0.05742699999999995,0.5211923333333334,False,0.17528047714951514,False
31778,12,0.497974,-0.05522499999999997,0.5525973333333334,False,0.1551675216290434,False
60517,12,0.471348,-0.058172,0.5288283333333333,False,0.1837332750583459,False
58654,12,0.54046,-0.052284,0.5911933333333333,False,0.12447344102976947,False
153709,12,0.515045,-0.05421500000000001,0.5681676666666666,False,0.14690158627821878,False
339757,12,0.491908,-0.05366499999999996,0.5443226666666666,False,0.18363721789241388,False
336321,12,0.479398,-0.05603199999999997,0.5347973333333332,False,0.1761720354792169,False
308512,12,0.517666,-0.05232000000000003,0.5696246666666667,False,0.17762712475667522,False
210260,12,0.484504,-0.05460300000000001,0.53866,False,0.1910698150636881,False
50819,12,0.505295,-0.05456699999999992,0.5584863333333333,False,0.17102005226236167,False
37149,12,0.508129,-0.053424999999999945,0.560475,False,0.15222344825814388,False
161225,12,0.50915,-0.05269400000000002,0.560849,False,0.1628842697737098,False
362293,12,0.491099,-0.06949999999999995,0.5538606666666667,True,0.5539529632067628,False
178389,12,0.38722,-0.066166,0.45199733333333336,False,0.2732326481127784,False
221208,12,0.413949,-0.06381999999999999,0.47723466666666664,False,0.23051674882103937,False
41291,12,0.474058,-0.057414999999999994,0.5306259999999999,False,0.16097165618628548,False
365214,12,0.495663,-0.054900000000000004,0.5497413333333333,False,0.17100350060041347,False
333281,12,0.503673,-0.054551000000000016,0.5565186666666667,False,0.17386884383266982,False
7737,12,0.424179,-0.05761200000000005,0.48100066666666663,False,0.21649980857573597,False
329588,12,0.445781,-0.061585,0.5062273333333334,False,0.20664096335464013,False
317105,12,0.41156,-0.06242500000000001,0.4726976666666667,False,0.19014079068307083,False
361689,12,0.462508,-0.05754700000000007,0.5194736666666667,False,0.16657525347781357,False
281131,12,0.43114,-0.08181100000000002,0.5045023333333334,True,0.746670982902065,True
343638,12,0.491022,-0.05612400000000001,0.5463250000000001,False,0.1476489845180219,False
189790,12,0.499476,-0.05514900000000006,0.553593,False,0.16540981460928136,False
340726,12,0.387218,-0.06725300000000001,0.45245700000000005,False,0.3108280534456684,False
72525,12,0.514628,-0.05233500000000002,0.5666636666666666,False,0.18142645760683826,False
65444,12,0.539043,-0.05165699999999995,0.589516,False,0.11447217949457275,False
319360,12,0.48169,-0.05465099999999995,0.534998,False,0.21015192909980893,False
358935,12,0.464956,-0.06002599999999997,0.5237003333333333,False,0.21273725086309386,False
100448,12,0.519409,-0.053390999999999966,0.5716183333333333,False,0.15626926077642264,False
222075,12,0.461721,-0.08317900000000006,0.5352973333333334,True,0.7697851773661838,True
69369,12,0.468205,-0.05348900000000001,0.520884,False,0.24820085020259833,False
151722,12,0.418231,-0.06340999999999997,0.48099066666666673,False,0.22326642907027436,False
38033,12,0.47848,-0.05694900000000003,0.5352123333333334,False,0.17384880623231105,False
128351,12,0.449377,-0.07973399999999997,0.5207563333333334,True,0.7119587775251507,True
342871,12,0.479013,-0.07557499999999995,0.5465936666666668,True,0.6933936222943519,True
13912,12,0.419646,-0.06336900000000001,0.48182833333333336,False,0.21605175150165057,False
351129,12,0.491599,-0.05075200000000002,0.5421433333333333,False,0.23575770297293197,False
297365,12,0.474281,-0.05463000000000001,0.5280440000000001,False,0.20928171475129617,False
240570,12,0.476021,-0.057374999999999954,0.5324033333333333,False,0.15798009529184726,False
86317,12,0.498454,-0.05636499999999994,0.5537943333333334,False,0.17697384116038956,False
99561,12,0.499257,-0.05586799999999997,0.5533216666666666,False,0.1719986905778268,False
261740,12,0.456763,-0.057881000000000016,0.513444,False,0.16944435268880004,False
29971,12,0.515483,-0.05179400000000001,0.570615,False,0.17374612151404922,False
4101,12,0.493605,-0.06281999999999993,0.5531176666666666,True,0.3463992635177577,False
176472,12,0.479327,-0.05438099999999996,0.5327543333333333,False,0.222734165096701,False
85669,12,0.484218,-0.05718099999999998,0.540435,False,0.1659459774820126,False
128393,12,0.524419,-0.052844,0.5764326666666667,False,0.14082695350870877,False
24702,12,0.427688,-0.05978899999999998,0.48662366666666673,False,0.21500961028607282,False
350152,12,0.531439,-0.050817,0.581851,False,0.17721819912921916,False
235514,12,0.514938,-0.052212000000000036,0.5666446666666667,False,0.18142645760683826,False
213078,12,0.497832,-0.054734000000000005,0.5514776666666666,False,0.17474178431162657,False
285706,12,0.49814,-0.055836,0.5527573333333334,False,0.15281052315112492,False
360795,12,0.504363,-0.066222,0.565216,True,0.48799748515571445,False
105461,12,0.503884,-0.053678000000000003,0.5567066666666667,False,0.17372162672181593,False
266248,12,0.462906,-0.06070100000000006,0.521814,False,0.24276541671864604,False
195779,12,0.494728,-0.054215999999999986,0.5489146666666667,False,0.19026291663551956,False
84715,12,0.486602,-0.055128000000000066,0.5410780000000001,False,0.1722539918222725,False
131659,12,0.486466,-0.05648499999999995,0.541527,False,0.1750642760316273,False
367955,12,0.48944,-0.05560900000000002,0.5438040000000001,False,0.14110414296715262,False
170017,12,0.452975,-0.06199500000000002,0.5137236666666667,False,0.25152737684619225,False
225994,12,0.455802,-0.05737900000000001,0.5124033333333333,False,0.15868363166557306,False
266161,12,0.449269,-0.05939,0.5077223333333333,False,0.17429551167448837,False
83876,12,0.46149,-0.059421,0.5193756666666667,False,0.2186320237634899,False
29327,12,0.487415,-0.054350000000000065,0.5418973333333333,False,0.19836813129586062,False
247815,12,0.528155,-0.05404199999999992,0.58014,False,0.15918264653725994,False
149552,12,0.480341,-0.05719200000000002,0.5360546666666667,False,0.16730899686729864,False
68617,12,0.495457,-0.057325000000000015,0.5519310000000001,False,0.15083947169420192,False
65934,12,0.503605,-0.053074000000000066,0.556133,False,0.1838515480107842,False
289682,12,0.516596,-0.052954999999999974,0.5683016666666667,False,0.1407676511547144,False
353036,12,0.465044,-0.05632599999999999,0.5206306666666667,False,0.2078282394937333,False
36396,12,0.528395,-0.05174400000000001,0.5791283333333334,False,0.14399916152373407,False
138966,12,0.495037,-0.05776500000000001,0.5513713333333333,False,0.16804325538282747,False
63441,12,0.467022,-0.05782300000000001,0.5240343333333334,False,0.1900977292109921,False
129973,12,0.447244,-0.05703800000000003,0.5037853333333334,False,0.16645381708453735,False
185429,12,0.532228,-0.052636999999999934,0.5835176666666667,False,0.11629087221522222,False
308443,12,0.52696,-0.05269299999999999,0.57875,False,0.12038650255512655,False
227942,12,0.526477,-0.051597000000000004,0.57737,False,0.15153325534509735,False
117806,12,0.477315,-0.05840300000000004,0.5346403333333333,False,0.19575248924729266,False
319275,12,0.47141,-0.06560100000000002,0.533553,True,0.4018613278003225,False
146037,12,0.457863,-0.056910000000000016,0.5140006666666667,False,0.19056447934461399,False
324282,12,0.450955,-0.08029799999999998,0.522998,True,0.718329277843204,True
112065,12,0.523513,-0.05011599999999994,0.5737976666666667,False,0.21551342362477194,False
51332,12,0.484003,-0.05692400000000003,0.5395953333333333,False,0.1646673707220651,False
262451,12,0.461913,-0.05848399999999998,0.5193046666666666,False,0.19738828464109065,False
338784,12,0.487803,-0.05484699999999998,0.5417276666666666,False,0.16881999658111507,False
185753,12,0.456673,-0.05937899999999996,0.5151439999999999,False,0.19995049797228523,False
351224,12,0.496365,-0.054866000000000026,0.551023,False,0.1625645249207291,False
36066,12,0.412982,-0.05892700000000001,0.4707113333333333,False,0.1928753162250347,False
318029,12,0.478626,-0.058157000000000014,0.5354893333333334,False,0.17662223390001372,False
126286,12,0.502748,-0.06794,0.5673616666666667,True,0.5247298401605013,False
112886,12,0.406269,-0.061368000000000034,0.46655633333333335,False,0.1558107456223707,False
296341,12,0.462674,-0.05806899999999998,0.5202796666666666,False,0.17664041083229554,False
68587,12,0.517833,-0.05269299999999999,0.5696083333333334,False,0.14945228819215728,False
81030,12,0.508576,-0.05197799999999997,0.5597183333333334,False,0.18039345259608547,False
147721,12,0.536918,-0.05252599999999996,0.5877119999999999,False,0.1239294078253987,False
42982,12,0.457092,-0.058542999999999956,0.5141393333333333,False,0.2011998026193606,False
37220,12,0.524659,-0.05354199999999998,0.57705,False,0.13907824558248758,False
222077,12,0.440845,-0.08058300000000002,0.5138796666666666,True,0.725990422140017,True
368857,12,0.448563,-0.057250999999999996,0.5051693333333334,False,0.1486146357498842,False
290049,12,0.510316,-0.05220900000000006,0.5614676666666667,False,0.1972598303659567,False
120031,12,0.47672,-0.05565900000000007,0.537387,False,0.17239315270562383,False
182981,12,0.495161,-0.062529,0.5533203333333333,True,0.35162827077882924,False
190306,12,0.490472,-0.054674,0.5485516666666667,False,0.17786034413044918,False
3407,12,0.450453,-0.056755,0.511815,False,0.17405632905197593,False
282746,12,0.479526,-0.056957000000000035,0.5356526666666667,False,0.1729613206240175,False
145852,12,0.501335,-0.05664999999999998,0.5568866666666666,False,0.20547204525867685,False
73495,12,0.50279,-0.05350200000000005,0.5553163333333333,False,0.18216877554385544,False
373790,12,0.506777,-0.054862999999999995,0.5604253333333333,False,0.1402954119157244,False
130825,12,0.526181,-0.05907200000000001,0.581448,True,0.2898286283364195,False
291382,12,0.486288,-0.057052999999999965,0.5424289999999999,False,0.17004509166125611,False
15622,12,0.384836,-0.06447999999999998,0.44848266666666664,False,0.2040603896336083,False
36287,12,0.512442,-0.05172700000000008,0.5632013333333333,False,0.18234617836018194,False
16663,12,0.473408,-0.06595599999999996,0.5350463333333333,True,0.4359371686347083,False
96200,12,0.503379,-0.054391999999999996,0.5572346666666667,False,0.18271679451658196,False
26522,12,0.50228,-0.05529300000000004,0.5560273333333333,False,0.1573465335146754,False
48390,12,0.480595,-0.053898,0.5339413333333334,False,0.22707633115831252,False
58650,12,0.493029,-0.056503000000000025,0.5484173333333333,False,0.17274862518918344,False
49453,12,0.471798,-0.05852099999999999,0.5287873333333334,False,0.2013999283633009,False
85277,12,0.441517,-0.05887199999999998,0.49936166666666665,False,0.17379480474674847,False
221777,12,0.508562,-0.054306999999999994,0.5619636666666666,False,0.15181312526804283,False
60058,12,0.43055,-0.06001400000000001,0.489847,False,0.20215337904495156,False
194081,12,0.478741,-0.05447099999999999,0.5330026666666666,False,0.21483112324658798,False
53736,12,0.434737,-0.060870000000000035,0.49495466666666665,False,0.19111147774543388,False
231649,12,0.517757,-0.05045900000000003,0.5723583333333334,False,0.20836786402459526,False
367671,12,0.509283,-0.053165999999999936,0.5613753333333333,False,0.1571266716959019,False
39449,12,0.440806,-0.07278200000000007,0.5072016666666667,True,0.5580483420760631,False
187595,12,0.467979,-0.07241900000000007,0.534337,True,0.6047602940361486,False
137340,12,0.428641,-0.088891,0.5065746666666667,True,0.9394067842183937,True
57487,12,0.421453,-0.06480999999999998,0.4844866666666667,False,0.25645125917915845,False
239717,12,0.520116,-0.05364199999999997,0.5720966666666666,False,0.14940853154498193,False
73206,12,0.495834,-0.05635199999999996,0.5509533333333333,False,0.16629318083743835,False
356664,12,0.53279,-0.05139000000000005,0.584082,False,0.14320473396229902,False
198461,12,0.450241,-0.05965200000000004,0.5085546666666666,False,0.18357235713240097,False
54309,12,0.46076,-0.05722900000000003,0.5198403333333333,False,0.17242212907474075,False
241331,12,0.500744,-0.05388999999999999,0.5533903333333333,False,0.18758374614721637,False
69445,12,0.498745,-0.057253,0.5545336666666666,False,0.16775361947193623,False
266171,12,0.490928,-0.064992,0.5499773333333333,True,0.37452310836059993,False
26289,12,0.436246,-0.071708,0.5025183333333333,True,0.5294216856543289,False
80132,12,0.442352,-0.05842200000000003,0.499463,False,0.16480191896972415,False
3770,12,0.457145,-0.058938999999999964,0.5181399999999999,False,0.2110527273029719,False
107090,12,0.468966,-0.057101999999999986,0.52526,False,0.18600279662209904,False
97425,12,0.451183,-0.05770200000000003,0.507896,False,0.13877769371395932,False
116619,12,0.51507,-0.05077599999999993,0.569384,False,0.20283640187914775,False
56117,12,0.482135,-0.05692600000000003,0.5379883333333333,False,0.1738555897447856,False
240273,12,0.505658,-0.05377999999999994,0.5584570000000001,False,0.17276375695484636,False
342598,12,0.448029,-0.05881599999999998,0.5059736666666667,False,0.1723898714588816,False
237881,12,0.470153,-0.05663199999999996,0.5259033333333333,False,0.20600476493779182,False
177892,12,0.480982,-0.05832399999999993,0.5379826666666666,False,0.18270250587692577,False
44907,12,0.448783,-0.05793300000000007,0.5060876666666667,False,0.14487021656019022,False
346692,12,0.512075,-0.054246000000000016,0.5654119999999999,False,0.17109262449583426,False
282789,12,0.463266,-0.058336,0.5202656666666666,False,0.18937942532819957,False
47662,12,0.477559,-0.05942200000000003,0.535206,False,0.23246911947242943,False
325405,12,0.462677,-0.05759800000000004,0.5193949999999999,False,0.17006989288634833,False
82920,12,0.478586,-0.056587,0.5347906666666667,False,0.18708528496673957,False
81516,12,0.478131,-0.05746300000000004,0.53498,False,0.16764257013673325,False
20916,12,0.475366,-0.05794300000000002,0.5348776666666667,False,0.17096315332309142,False
49123,12,0.391108,-0.08097499999999996,0.465343,True,0.6629074971536781,True
89725,12,0.487615,-0.05560399999999999,0.5416773333333333,False,0.14864630957628225,False
201728,12,0.449665,-0.058877999999999986,0.5076189999999999,False,0.17208614707576275,False
172103,12,0.493945,-0.05337299999999995,0.5503493333333334,False,0.19463451466769766,False
141530,12,0.498005,-0.053169999999999995,0.5494789999999999,False,0.19626112056740075,False
122049,12,0.496858,-0.05586599999999997,0.5514246666666667,False,0.16873758065651057,False
229690,12,0.449999,-0.055457000000000034,0.5051826666666667,False,0.20287894295086153,False
247974,12,0.476295,-0.05857899999999994,0.5340256666666666,False,0.20049617270614367,False
30369,12,0.473682,-0.058186000000000015,0.5311186666666666,False,0.17443745254297416,False
191277,12,0.506429,-0.05446799999999996,0.5596926666666667,False,0.14577631227505797,False
306012,12,0.492059,-0.05632300000000001,0.5467756666666667,False,0.17274862518918344,False
209400,12,0.43258,-0.062025,0.4928943333333334,False,0.2142029863801709,False
31959,12,0.457585,-0.05812799999999996,0.5147576666666667,False,0.17581106110053124,False
85197,12,0.504471,-0.055186999999999986,0.558465,False,0.17306490946222966,False
117026,12,0.362658,-0.069691,0.43115666666666663,False,0.3842201280932431,False
357599,12,0.535242,-0.05039899999999997,0.5851426666666667,False,0.17725251621527582,False
193575,12,0.436499,-0.06760499999999997,0.500841,True,0.4161751544545876,False
177254,12,0.47747,-0.06431999999999999,0.5411883333333333,True,0.3658439503266695,False
279291,12,0.440891,-0.06986700000000007,0.505918,True,0.5113651578955137,False
347011,12,0.502107,-0.05566000000000004,0.5561433333333333,False,0.1614408382824668,False
55789,12,0.522244,-0.062886,0.5805386666666666,True,0.4462812118070085,False
277408,12,0.49945,-0.05399499999999996,0.5529126666666667,False,0.19414044560715574,False
140373,12,0.456796,-0.05774900000000005,0.5177166666666667,False,0.15817134080507161,False
240870,12,0.444019,-0.060087999999999975,0.507876,False,0.16682058827553775,False
188208,12,0.450824,-0.06265799999999999,0.5121256666666666,False,0.2630220759373021,False
120087,12,0.465612,-0.056532999999999944,0.5215226666666667,False,0.2049997644187574,False
312690,12,0.485114,-0.05771699999999996,0.5410583333333333,False,0.16744762527690898,False
207505,12,0.474239,-0.055932999999999955,0.528896,False,0.17841900873568947,False
80131,12,0.4899,-0.05302600000000002,0.5421333333333334,False,0.1938032418151637,False
114137,12,0.492049,-0.05592499999999995,0.5469419999999999,False,0.16226049670193607,False
139893,12,0.5303,-0.052783000000000024,0.5820693333333333,False,0.11765431645997836,False
204693,12,0.475089,-0.05731700000000006,0.5317476666666666,False,0.16097165618628548,False
332547,12,0.501165,-0.054652000000000034,0.5549236666666667,False,0.17010206029522273,False
82540,12,0.474216,-0.07669100000000001,0.5431893333333334,True,0.7056970011937433,True
38409,12,0.481614,-0.05578800000000006,0.5366276666666666,False,0.17172935655797905,False
124782,12,0.486887,-0.05599700000000002,0.542151,False,0.16456522743960308,False
51599,12,0.515575,-0.05505300000000002,0.5690823333333334,False,0.14316754108330795,False
302100,12,0.499318,-0.061394000000000004,0.5565663333333334,True,0.2943324266084309,False
184101,12,0.499715,-0.05559499999999995,0.554532,False,0.16413400051243804,False
303520,12,0.50663,-0.05598799999999993,0.5610769999999999,False,0.17806320437805606,False
33568,12,0.503708,-0.05360799999999999,0.556397,False,0.17651089183193172,False
334993,12,0.446434,-0.05801199999999995,0.5030056666666667,False,0.15144224521606536,False
216161,12,0.478947,-0.064392,0.540056,True,0.36906064366644853,False
48896,12,0.511575,-0.052705,0.563843,False,0.1710623509689559,False
292002,12,0.517511,-0.053410999999999986,0.5699943333333334,False,0.15256032347242268,False
306491,12,0.515875,-0.053736000000000006,0.5687493333333333,False,0.14321579781349453,False
6019,12,0.481772,-0.05530999999999997,0.5362696666666666,False,0.17212445313707972,False
73158,12,0.486653,-0.055486000000000035,0.5415933333333333,False,0.16329399032050038,False
264951,12,0.47781,-0.05696200000000001,0.5336166666666667,False,0.18195641925245395,False
347806,12,0.485275,-0.05523800000000001,0.5398360000000001,False,0.1823582199466557,False
199295,12,0.44646,-0.05790599999999996,0.5036553333333333,False,0.14993176770017178,False
249974,12,0.494807,-0.05652800000000002,0.550281,False,0.171244373288591,False
1130,12,0.453911,-0.06544,0.5157676666666667,True,0.3422762026008409,False
138091,12,0.485582,-0.05693799999999999,0.541691,False,0.17952811187829915,False
324734,12,0.51479,-0.05421100000000001,0.5669903333333334,False,0.1489188616634134,False
14470,12,0.475559,-0.05494399999999994,0.532426,False,0.1948506041925327,False
254615,12,0.535157,-0.050185000000000035,0.586816,False,0.18688371683185406,False
371112,12,0.484999,-0.07780400000000004,0.5542276666666667,True,0.7259162758160173,True
52418,12,0.501752,-0.053663000000000016,0.5545506666666666,False,0.17647658616601775,False
156960,12,0.475029,-0.055662000000000045,0.5299383333333333,False,0.1835914951365714,False
139042,12,0.497172,-0.05584300000000003,0.5522233333333334,False,0.15131975653502558,False
346047,12,0.489669,-0.055537999999999976,0.5440903333333333,False,0.1455836457296716,False
111477,12,0.490876,-0.06714500000000001,0.5527393333333334,True,0.4612427679265325,False
369972,12,0.516574,-0.054952,0.570147,False,0.13228073104448224,False
21930,12,0.489391,-0.05662800000000001,0.5468373333333334,False,0.1701095192074036,False
352159,12,0.474245,-0.05733299999999997,0.5304996666666667,False,0.16097165618628548,False
111043,12,0.477361,-0.056801000000000046,0.533119,False,0.1894210261640816,False
145684,12,0.49558,-0.05612600000000001,0.5504006666666666,False,0.15578954826669944,False
282579,12,0.510509,-0.05012899999999998,0.5600443333333334,False,0.24154618932699282,False
70407,12,0.496605,-0.054321999999999926,0.5503896666666667,False,0.19573689418054854,False
316526,12,0.500195,-0.05563600000000002,0.5549563333333333,False,0.1596166730944309,False
83707,12,0.479642,-0.057261000000000006,0.5355966666666667,False,0.1507541859866062,False
138403,12,0.461628,-0.05899800000000005,0.5196966666666667,False,0.2128111540615375,False
53893,12,0.411562,-0.083144,0.4859073333333333,True,0.7153707040717352,True
193738,12,0.501746,-0.055074999999999985,0.5559226666666667,False,0.17335550528825275,False
178349,12,0.412482,-0.06350899999999998,0.47970633333333335,False,0.2215549391125653,False
56673,12,0.514768,-0.05244899999999997,0.5662566666666667,False,0.1841319283046041,False
281137,12,0.528861,-0.052065999999999946,0.5807723333333333,False,0.15177231618561077,False
295170,12,0.510005,-0.05301599999999995,0.5621023333333334,False,0.16792219456766827,False
106743,12,0.464196,-0.07331000000000004,0.529808,True,0.6066750550347665,False
336048,12,0.404789,-0.066392,0.470203,False,0.29632241939031334,False
290048,12,0.52347,-0.05415899999999996,0.5765973333333333,False,0.15864000218075774,False
232328,12,0.504378,-0.05480600000000002,0.558036,False,0.16851343067402674,False
136716,12,0.490713,-0.05512599999999995,0.5448916666666667,False,0.15148922146514854,False
142788,12,0.52911,-0.05219000000000007,0.5806146666666666,False,0.1502822517685605,False
183321,12,0.494682,-0.05736899999999995,0.5505426666666666,False,0.16173730658347477,False
35924,12,0.491958,-0.05503000000000002,0.546454,False,0.17250758947469755,False
139258,12,0.497006,-0.05324599999999996,0.55212,False,0.1897525861998834,False
110140,12,0.477602,-0.07432499999999992,0.5449593333333334,True,0.6658371981242601,True
345899,12,0.530389,-0.04998999999999998,0.5797089999999999,False,0.2126598628729724,False
42001,12,0.49803,-0.05661400000000005,0.5540923333333333,False,0.18559391447166548,False
258744,12,0.47512,-0.07084900000000005,0.5404243333333333,True,0.5819729056377304,False
330879,12,0.513804,-0.06965999999999994,0.576816,True,0.6200483007379888,False
367696,12,0.402979,-0.06292200000000003,0.4652176666666667,False,0.19042761218273932,False
149415,12,0.518246,-0.05196600000000007,0.5736353333333334,False,0.1673157134045405,False
198691,12,0.467756,-0.057887999999999995,0.5246716666666666,False,0.18577232685466322,False
36466,12,0.505777,-0.054611999999999994,0.5601126666666667,False,0.1427118959952069,False
81158,12,0.530236,-0.05044499999999996,0.5839423333333333,False,0.18912417966592956,False
104248,12,0.473719,-0.05882399999999999,0.5314763333333333,False,0.21047525357447963,False
99829,12,0.458716,-0.06026600000000004,0.5179726666666666,False,0.22323133478014062,False
110615,12,0.497733,-0.05409799999999998,0.5506256666666666,False,0.1963190389689585,False
157284,12,0.449287,-0.058181999999999956,0.50647,False,0.14113249615012435,False
138656,12,0.484909,-0.05593700000000007,0.5398163333333333,False,0.18364040045172564,False
94036,12,0.419352,-0.06210899999999997,0.48052399999999995,False,0.19206383266906712,False
274088,12,0.49568,-0.05659499999999995,0.550665,False,0.176825203323355,False
215856,12,0.453795,-0.060278,0.5126683333333334,False,0.20175398224859764,False
263638,12,0.483179,-0.05740899999999993,0.5399603333333333,False,0.1623263759271308,False
130970,12,0.446723,-0.07816600000000007,0.5171883333333334,True,0.6777809621938349,True
308944,12,0.383234,-0.06709099999999996,0.44903133333333334,False,0.30102875578659877,False
344652,12,0.483931,-0.05854999999999999,0.541297,False,0.20025388904339564,False
327837,12,0.48579,-0.05735600000000002,0.542019,False,0.1637306602678903,False
285929,12,0.457657,-0.061602000000000046,0.518064,False,0.27013835026283234,False
128075,12,0.479909,-0.05635899999999999,0.5356393333333332,False,0.1770929395021111,False
62855,12,0.44964,-0.05782300000000001,0.5065023333333333,False,0.14159270323411305,False
209186,12,0.513251,-0.055320999999999954,0.5673196666666667,False,0.1461825531815101,False
349665,12,0.513937,-0.05260500000000001,0.5660913333333334,False,0.18485271533501998,False
110430,12,0.489045,-0.053746000000000016,0.5419856666666667,False,0.18395084366770714,False
66818,12,0.498417,-0.05439499999999997,0.5522433333333333,False,0.17755778471378206,False
286046,12,0.47793,-0.05602400000000002,0.5331393333333333,False,0.17683715820997573,False
156471,12,0.498839,-0.05511100000000008,0.5525766666666666,False,0.17116069923189633,False
173239,12,0.484418,-0.05513099999999993,0.5393083333333334,False,0.16929519173264718,False
196038,12,0.454122,-0.07749699999999993,0.5243633333333334,True,0.6747029387599356,True
305402,12,0.521912,-0.04932399999999992,0.5705506666666667,False,0.24570531142745541,False
200562,12,0.512478,-0.055255000000000054,0.5658883333333333,False,0.1642205536508002,False
200078,12,0.525819,-0.05279299999999998,0.5780033333333333,False,0.13524579666353018,False
16829,12,0.502316,-0.053637999999999963,0.5555893333333333,False,0.16920994961241256,False
179768,12,0.503056,-0.055156000000000094,0.5577596666666667,False,0.16621036170085882,False
290771,12,0.517162,-0.05280600000000002,0.5687626666666666,False,0.15024490404746227,False
121981,12,0.466188,-0.05801000000000006,0.5222326666666667,False,0.1819803835467918,False
254798,12,0.441889,-0.058660000000000045,0.49951000000000007,False,0.16928297925423638,False
165388,12,0.431137,-0.061172000000000004,0.49092,False,0.19718383745273957,False
311969,12,0.530074,-0.05342799999999992,0.582114,False,0.13317892828308023,False
41833,12,0.46557,-0.058955000000000035,0.523159,False,0.2119962306338452,False
221187,12,0.507266,-0.054618000000000055,0.560993,False,0.14027098670394644,False
119484,12,0.460087,-0.058540999999999954,0.5205163333333332,False,0.20366058081045832,False
115574,12,0.521167,-0.05291999999999997,0.5727496666666667,False,0.1518294894328493,False
309588,12,0.456012,-0.05810900000000008,0.513109,False,0.16319983753506323,False
208910,12,0.452752,-0.058828999999999965,0.5102976666666666,False,0.1756451833052854,False
16469,12,0.495516,-0.054174,0.548973,False,0.19683077086551437,False
4883,12,0.44997,-0.060159000000000074,0.5089640000000001,False,0.17822233049811917,False
87194,12,0.474475,-0.05708500000000005,0.5306563333333333,False,0.175288824404756,False
186264,12,0.441325,-0.058072999999999986,0.498484,False,0.14758538014921788,False
109842,12,0.441189,-0.06190000000000001,0.5017336666666666,False,0.2152959169923737,False
20836,12,0.530056,-0.049463000000000035,0.5788099999999999,False,0.22100165178717485,False
60472,12,0.487898,-0.05426000000000003,0.541068,False,0.18752157067394806,False
256170,12,0.467628,-0.05698799999999998,0.524546,False,0.19707464597380134,False
249184,12,0.455967,-0.07405799999999996,0.5236740000000001,True,0.6039066352800058,False
320695,12,0.473698,-0.05804499999999996,0.5307553333333334,False,0.17386585421932993,False
352157,12,0.473992,-0.05638599999999999,0.5296046666666666,False,0.19049995643624426,False
100814,12,0.384438,-0.06664900000000001,0.4501656666666667,False,0.29625893796352415,False
115141,12,0.467105,-0.05970399999999998,0.5251633333333333,False,0.2279451656052058,False
164981,12,0.499928,-0.054813000000000056,0.5544106666666667,False,0.1721639272576024,False
30662,12,0.442149,-0.079986,0.5146886666666667,True,0.725990422140017,True
283423,12,0.477516,-0.05675199999999997,0.5333756666666666,False,0.1894210261640816,False
335243,12,0.463741,-0.05944599999999994,0.5219013333333333,False,0.21911757321827355,False
276653,12,0.424323,-0.06102000000000002,0.48505766666666666,False,0.19209302193330463,False
174879,12,0.506634,-0.05203799999999992,0.563994,False,0.177328855649646,False
34701,12,0.305711,-0.09343699999999999,0.3920033333333333,True,0.9316649658542493,True
139973,12,0.516941,-0.05457999999999996,0.5699956666666667,False,0.1384411446568596,False
1858,12,0.518384,-0.05169200000000007,0.5692146666666666,False,0.16328411348438476,False
354785,12,0.422136,-0.06375900000000001,0.4854673333333334,False,0.2574123158162097,False
144194,12,0.323844,-0.074604,0.396785,False,0.4160553325204019,False
161616,13,0.436624,-0.05865500000000001,0.4943486666666667,False,0.18629736496376292,False
221846,13,0.467652,-0.05521300000000001,0.5213616666666666,False,0.2095469513161047,False
84698,13,0.450774,-0.05576300000000001,0.5057773333333334,False,0.1929323582315134,False
114629,13,0.382088,-0.06135200000000002,0.4426193333333333,False,0.1587216653247663,False
83465,13,0.431231,-0.05963500000000005,0.48946399999999995,False,0.2282387487671836,False
369398,13,0.394691,-0.06099699999999997,0.45466200000000007,False,0.13896562693978937,False
13112,13,0.405289,-0.06066699999999997,0.465128,False,0.16457857371813941,False
235202,13,0.466386,-0.055534999999999946,0.5203829999999999,False,0.20584346398808517,False
104286,13,0.431974,-0.05684199999999995,0.48796,False,0.23560806669502224,False
224231,13,0.481597,-0.051771999999999985,0.5332923333333334,False,0.2386488909821563,False
12995,13,0.440254,-0.05600700000000003,0.49490233333333333,False,0.20871837652725703,False
74905,13,0.366372,-0.06685400000000002,0.43180966666666665,False,0.27808248960094545,False
294254,13,0.320801,-0.08463399999999999,0.3990576666666667,True,0.6948318339921266,True
265229,13,0.452055,-0.05450900000000003,0.5108103333333333,False,0.2176139243522891,False
366026,13,0.302043,-0.07339000000000001,0.37379300000000004,False,0.3370525842621867,False
269565,13,0.436868,-0.059214000000000044,0.49474599999999996,False,0.18914592436921496,False
242550,13,0.453234,-0.05513800000000002,0.5073656666666667,False,0.1918378209616023,False
82704,13,0.436786,-0.05708599999999997,0.49279633333333334,False,0.19087073828026166,False
213416,13,0.427978,-0.05990599999999996,0.48711733333333335,False,0.20165674622910898,False
45580,13,0.354154,-0.06626599999999999,0.4192323333333334,False,0.2634990511933527,False
280043,13,0.346251,-0.06722,0.4119733333333333,False,0.29098408831062916,False
50707,13,0.271866,-0.07439800000000002,0.3454696666666666,False,0.40307626628007787,False
28401,13,0.460456,-0.05517300000000003,0.5146666666666667,False,0.19864599322688814,False
33306,13,0.365909,-0.06417500000000004,0.4290716666666667,False,0.17788670357248404,False
23114,13,0.392433,-0.062295000000000045,0.45421399999999995,False,0.1678246531062123,False
114987,13,0.402677,-0.061050999999999966,0.46270433333333333,False,0.16666707603693456,False
325666,13,0.483281,-0.05409199999999997,0.536244,False,0.22265532597254292,False
92826,13,0.444245,-0.057896999999999976,0.500803,False,0.1663054093204398,False
165868,13,0.409028,-0.060753,0.4687213333333333,False,0.1534167168403591,False
306277,13,0.437571,-0.058062,0.4947253333333333,False,0.1474385969431912,False
219949,13,0.334432,-0.06897599999999998,0.4024573333333333,False,0.3268592954431112,False
81499,13,0.437038,-0.06020700000000001,0.4953973333333333,False,0.1832292137133085,False
278463,13,0.448884,-0.05775999999999998,0.5059413333333334,False,0.14325450310475896,False
180331,13,0.321195,-0.069716,0.38944566666666663,False,0.27627930191255257,False
294076,13,0.45775,-0.05674599999999996,0.5138486666666666,False,0.19958025817093214,False
160007,13,0.428599,-0.05785000000000001,0.4859556666666667,False,0.19808922133854934,False
288528,13,0.417303,-0.05990800000000002,0.475864,False,0.16383346338709953,False
125541,13,0.427996,-0.05924800000000002,0.48661099999999996,False,0.20503402229717219,False
271358,13,0.424138,-0.05962799999999996,0.48302566666666663,False,0.21783090514240463,False
165767,13,0.415839,-0.05709900000000001,0.476984,False,0.22096592244234145,False
52953,13,0.357496,-0.06804700000000002,0.42431033333333334,False,0.32321478076855636,False
57288,13,0.448371,-0.053520999999999985,0.5019863333333333,False,0.2608904666991606,False
116876,13,0.409485,-0.056614,0.4654773333333333,False,0.2767836015566295,False
356263,13,0.415607,-0.05600499999999997,0.47831599999999996,False,0.24506319083060493,False
129087,13,0.457342,-0.05627599999999999,0.512647,False,0.20500093617652448,False
174160,13,0.451998,-0.056657999999999986,0.5113056666666667,False,0.177618519006806,False
155560,13,0.454788,-0.066475,0.5161776666666668,True,0.3999827289265617,False
93665,13,0.454152,-0.055830999999999964,0.5090819999999999,False,0.1716827183394052,False
58485,13,0.389892,-0.05985399999999996,0.44908600000000004,False,0.15316822675686292,False
10211,13,0.431368,-0.056342,0.4868336666666666,False,0.2521505641802963,False
18889,13,0.440108,-0.05756099999999997,0.49676766666666666,False,0.1715897073899433,False
245392,13,0.419066,-0.06750899999999999,0.4828073333333333,True,0.34642833062060585,False
354005,13,0.452439,-0.05585600000000007,0.5132166666666667,False,0.17765256317323,False
315631,13,0.291021,-0.07367600000000002,0.36375399999999997,False,0.358867961052626,False
131813,13,0.415344,-0.05711900000000003,0.472502,False,0.23720078680062165,False
99724,13,0.432001,-0.05747599999999997,0.4885816666666667,False,0.21312100218041757,False
215535,13,0.465957,-0.057006999999999974,0.5218740000000001,False,0.19773495295755922,False
351364,13,0.41653,-0.05893699999999996,0.47495966666666667,False,0.17755614673656772,False
26633,13,0.451356,-0.056701,0.5070373333333333,False,0.17405632905197593,False
146002,13,0.444182,-0.05458999999999997,0.498243,False,0.24330057431778654,False
124118,13,0.410748,-0.061163999999999996,0.4710203333333333,False,0.16795313587947314,False
209546,13,0.441267,-0.05941599999999997,0.4987616666666667,False,0.17600586722770817,False
293540,13,0.445528,-0.05880400000000002,0.5029693333333333,False,0.17904425254928522,False
130111,13,0.419706,-0.059763999999999984,0.47731799999999996,False,0.19909144308395252,False
1701,13,0.385681,-0.06415100000000001,0.44859,False,0.1979669987532374,False
24025,13,0.272309,-0.07379199999999997,0.345524,False,0.37887316660866177,False
211694,13,0.464847,-0.055053999999999936,0.519194,False,0.21299333509847335,False
101255,13,0.472715,-0.05413800000000002,0.5263736666666666,False,0.23707234588938303,False
299391,13,0.406101,-0.058141,0.4637116666666667,False,0.19694026782444204,False
139883,13,0.461791,-0.05361100000000002,0.5146456666666667,False,0.2384944847743277,False
238555,13,0.472952,-0.05488200000000004,0.527113,False,0.20858471264799103,False
221333,13,0.409744,-0.060643999999999976,0.469533,False,0.15481634233005742,False
30741,13,0.391313,-0.063687,0.45320000000000005,False,0.18952227032962365,False
123314,13,0.409245,-0.06198999999999999,0.47057366666666667,False,0.18938098955789742,False
119325,13,0.41223,-0.05755300000000002,0.469695,False,0.23408008640274355,False
86574,13,0.44945,-0.055942999999999965,0.5045306666666667,False,0.1816495965862957,False
341911,13,0.41221,-0.06056299999999998,0.4718196666666667,False,0.17402365184724666,False
30866,13,0.428661,-0.05733899999999997,0.48492466666666667,False,0.2260449737712223,False
340723,13,0.459746,-0.05455600000000005,0.513645,False,0.22742330353952872,False
332911,13,0.455554,-0.05654300000000001,0.5108706666666667,False,0.1804859746294657,False
211089,13,0.425873,-0.05800499999999997,0.48347999999999997,False,0.19306669513216285,False
281527,13,0.458512,-0.05546200000000007,0.5129216666666666,False,0.20071190040271336,False
164419,13,0.429564,-0.057122000000000006,0.48613633333333334,False,0.22259280066363576,False
334030,13,0.370134,-0.077094,0.441382,True,0.5766222105091924,False
213058,13,0.450197,-0.055842,0.5054903333333334,False,0.17934739010727754,False
350737,13,0.442217,-0.05498399999999998,0.4964136666666667,False,0.23539008939355555,False
22780,13,0.353077,-0.06701000000000001,0.41900033333333336,False,0.2897504631835588,False
112321,13,0.426535,-0.057172,0.482445,False,0.23314695740675345,False
281168,13,0.473685,-0.06612499999999999,0.534782,True,0.4484120372394116,False
53587,13,0.418517,-0.062367000000000006,0.4794163333333333,False,0.19054651678337597,False
139041,13,0.466554,-0.05574699999999999,0.5213403333333333,False,0.20827140555884682,False
199191,13,0.431573,-0.059816000000000036,0.490632,False,0.20609243355283619,False
338428,13,0.387227,-0.07513999999999998,0.45626033333333327,True,0.5344818143438435,False
48625,13,0.383858,-0.08088500000000004,0.4564776666666666,True,0.6547944518732411,True
297458,13,0.46793,-0.054410000000000014,0.5210643333333334,False,0.2344223689801084,False
137752,13,0.427727,-0.059006999999999976,0.486699,False,0.20503402229717219,False
229734,13,0.365913,-0.06454100000000002,0.42967500000000003,False,0.19153602591035743,False
244855,13,0.408683,-0.062011999999999956,0.46897133333333335,False,0.17355631782990497,False
264979,13,0.38672,-0.05906699999999998,0.44545133333333337,False,0.1771231953964946,False
314019,13,0.388076,-0.064168,0.45121666666666665,False,0.19948933693429735,False
104633,13,0.445363,-0.052941000000000016,0.4977466666666667,False,0.27502233440006124,False
284266,13,0.377686,-0.06287399999999999,0.43944866666666665,False,0.1628170590384483,False
277317,13,0.424152,-0.05957900000000005,0.48306933333333335,False,0.20971431762198686,False
289428,13,0.391799,-0.05931599999999998,0.450731,False,0.16770785063429489,False
288255,13,0.464488,-0.055122000000000004,0.5187890000000001,False,0.208850583744932,False
67314,13,0.413473,-0.05749600000000005,0.47699766666666665,False,0.2233110825755206,False
219794,13,0.45873,-0.055232,0.514247,False,0.19766660046478737,False
130367,13,0.430441,-0.05962299999999998,0.4884,False,0.22469211119511184,False
335544,13,0.369867,-0.06468200000000002,0.43382000000000004,False,0.18684771493237767,False
123930,13,0.372953,-0.06100800000000001,0.4336313333333333,False,0.1388927762512238,False
236708,13,0.397888,-0.06412099999999998,0.46062833333333336,False,0.2238899267065298,False
146068,13,0.432724,-0.063828,0.5007563333333334,True,0.289119402416505,False
298673,13,0.427362,-0.05746199999999996,0.4882956666666667,False,0.2063350415300002,False
207425,13,0.449474,-0.05663999999999997,0.5053703333333334,False,0.17830177549141948,False
328962,13,0.268574,-0.09354100000000004,0.35309799999999997,True,0.9586092023931007,True
145738,13,0.398061,-0.061763999999999986,0.45857433333333336,False,0.16953767902745648,False
146341,13,0.450847,-0.054782,0.5051046666666666,False,0.22342135181055806,False
138873,13,0.31163,-0.08003099999999996,0.387338,True,0.5437303653592129,False
191182,13,0.350599,-0.06420300000000001,0.4139983333333333,False,0.18953508111177853,False
256131,13,0.462263,-0.055352999999999986,0.5169966666666667,False,0.19175334908982555,False
158606,13,0.429493,-0.05882499999999996,0.48737766666666665,False,0.2148498230588804,False
115457,13,0.430224,-0.05769099999999999,0.48712833333333333,False,0.20494938212665587,False
281875,13,0.409479,-0.061383999999999994,0.46971633333333335,False,0.15608871762776574,False
129303,13,0.418925,-0.059402999999999984,0.477747,False,0.18658515393345868,False
267138,13,0.457266,-0.05446999999999996,0.5104526666666667,False,0.2352032441096534,False
169951,13,0.446063,-0.05678099999999997,0.5013656666666666,False,0.20148430494903558,False
164722,13,0.470222,-0.05311500000000008,0.522855,False,0.24629009823172535,False
356768,13,0.315941,-0.07071799999999995,0.3853816666666667,False,0.2791169402635537,False
254496,13,0.390238,-0.058894,0.45522999999999997,False,0.18413995886129564,False
35337,13,0.378897,-0.05971900000000002,0.44044,False,0.18776109609397934,False
58369,13,0.456458,-0.05615600000000004,0.5116946666666666,False,0.17654812470704792,False
12406,13,0.47464,-0.05366200000000004,0.5272996666666667,False,0.22806086548934515,False
345496,13,0.391894,-0.060067999999999955,0.45106566666666664,False,0.14987851287020498,False
153878,13,0.410599,-0.061287000000000036,0.470267,False,0.15623701550655741,False
210325,13,0.366331,-0.06443399999999999,0.4289833333333333,False,0.19001906701071683,False
125140,13,0.458971,-0.05843599999999993,0.5154696666666666,False,0.1949343512392249,False
41313,13,0.39288,-0.061456999999999984,0.4537136666666666,False,0.1499338041958393,False
255155,13,0.416533,-0.059342000000000006,0.475217,False,0.17675396446277256,False
127400,13,0.433905,-0.05937700000000001,0.49216433333333337,False,0.19965916499279493,False
246777,13,0.473419,-0.05515300000000006,0.5274823333333333,False,0.18830446978884033,False
302698,13,0.416936,-0.05828700000000003,0.474091,False,0.16444277709988336,False
111754,13,0.394059,-0.060084000000000026,0.453411,False,0.14513461969387653,False
20302,13,0.463223,-0.05611499999999997,0.517913,False,0.1931230357685199,False
284802,13,0.408895,-0.05942799999999998,0.46797099999999997,False,0.182665725549898,False
305939,13,0.437639,-0.05630099999999999,0.49303800000000003,False,0.20878857118068578,False
163429,13,0.451427,-0.05508999999999997,0.5053183333333333,False,0.21272619992651007,False
278058,13,0.388203,-0.060356999999999994,0.4477693333333333,False,0.14663457404266148,False
221571,13,0.409608,-0.06329399999999996,0.47151233333333337,False,0.19854836855982547,False
78147,13,0.474148,-0.053925,0.5282726666666667,False,0.22960357165838038,False
173617,13,0.447956,-0.06496999999999997,0.5093146666666667,True,0.2892947616749684,False
138685,13,0.377294,-0.064691,0.43985366666666664,False,0.20230883195656052,False
290414,13,0.358473,-0.06626199999999999,0.423413,False,0.24661061081687027,False
358375,13,0.388905,-0.06337199999999998,0.45066933333333337,False,0.16760806161971442,False
35631,13,0.446788,-0.05758199999999997,0.5033553333333333,False,0.15623311779327057,False
337039,13,0.473034,-0.05354900000000001,0.5258576666666667,False,0.2371199633049371,False
267075,13,0.443486,-0.05928899999999998,0.5015933333333333,False,0.16996745104388214,False
29821,13,0.42924,-0.05759799999999998,0.48553266666666667,False,0.21999962049782107,False
294318,13,0.42057,-0.05860599999999999,0.4785296666666667,False,0.1770961861119665,False
39523,13,0.469914,-0.056581999999999966,0.52571,False,0.20600476493779182,False
77643,13,0.458955,-0.06760999999999995,0.5216083333333333,True,0.4682903948628471,False
237717,13,0.46459,-0.05368299999999998,0.517097,False,0.24020857046122268,False
5069,13,0.416157,-0.05882700000000002,0.4791033333333334,False,0.18312087633767693,False
11028,13,0.429081,-0.055096000000000034,0.487916,False,0.27121688031748803,False
303657,13,0.38292,-0.076013,0.45308466666666664,True,0.5568825110640565,False
311699,13,0.41523,-0.05935400000000002,0.47379466666666664,False,0.16800330749113765,False
242357,13,0.331771,-0.06680400000000003,0.4009223333333333,False,0.23447546446084122,False
120646,13,0.445413,-0.055079000000000045,0.499983,False,0.23546940998879273,False
312417,13,0.424799,-0.05813200000000002,0.4817146666666667,False,0.19531885398674548,False
224622,13,0.378682,-0.06607299999999999,0.442915,False,0.27667439609763644,False
357412,13,0.46872,-0.05549499999999996,0.524037,False,0.19930809331910102,False
198943,13,0.417403,-0.061995999999999996,0.47779333333333335,False,0.19596178185042962,False
252370,13,0.44738,-0.05889299999999997,0.5048736666666667,False,0.17207786779188522,False
332523,13,0.435482,-0.058603000000000016,0.49293000000000003,False,0.17432110198192288,False
145060,13,0.41786,-0.060417,0.47729266666666664,False,0.17463547216662736,False
37435,13,0.414958,-0.06050500000000003,0.4742753333333334,False,0.16354536863070473,False
282713,13,0.452797,-0.05432899999999996,0.5142733333333332,False,0.22921442277407872,False
289239,13,0.461023,-0.05369099999999999,0.514031,False,0.24191682820804827,False
360446,13,0.449071,-0.056647,0.505001,False,0.18396420744022904,False
189600,13,0.375374,-0.06296800000000002,0.4369513333333333,False,0.17009998632940887,False
299,13,0.441026,-0.058150000000000035,0.49820100000000006,False,0.14815022757149787,False
225332,13,0.405451,-0.059636999999999996,0.46435133333333334,False,0.18370843214389873,False
31778,13,0.438737,-0.05923700000000004,0.49663666666666667,False,0.18591591666480528,False
60517,13,0.409811,-0.06153700000000001,0.47022633333333336,False,0.16143696364464874,False
58654,13,0.48675,-0.053710000000000035,0.5399846666666667,False,0.21847813588333756,False
153709,13,0.458816,-0.05622899999999997,0.5143736666666666,False,0.20231955694406253,False
339757,13,0.437548,-0.05436000000000002,0.4916763333333333,False,0.2582907887542285,False
336321,13,0.420145,-0.059253,0.4783243333333333,False,0.1873908758010847,False
308512,13,0.460906,-0.05675999999999998,0.5161859999999999,False,0.19828363243239794,False
210260,13,0.427084,-0.05741999999999997,0.483565,False,0.21385536755931486,False
50819,13,0.428977,-0.07631800000000005,0.4980446666666667,True,0.6114495738406365,False
37149,13,0.450803,-0.057326000000000044,0.5068286666666667,False,0.14186423542130885,False
161225,13,0.454707,-0.05444300000000002,0.508567,False,0.2221176026439411,False
362293,13,0.438057,-0.053042000000000034,0.496585,False,0.27101791089413463,False
178389,13,0.317893,-0.06932700000000003,0.38616633333333333,False,0.27413043908222307,False
221208,13,0.344696,-0.06925300000000001,0.41213799999999995,False,0.36801600453830274,False
41291,13,0.392313,-0.08174499999999996,0.46594800000000003,True,0.6759017083119905,True
365214,13,0.417287,-0.078376,0.48783766666666667,True,0.6172658879320625,False
333281,13,0.447906,-0.05576700000000001,0.5032676666666668,False,0.20461650438796009,False
7737,13,0.353769,-0.07040999999999997,0.419913,True,0.3768700728939698,False
329588,13,0.382335,-0.063446,0.4451606666666666,False,0.17692875052764537,False
317105,13,0.345503,-0.06605699999999998,0.4103493333333333,False,0.23683969705837477,False
361689,13,0.402122,-0.060385999999999995,0.46156166666666665,False,0.16840405164069053,False
281131,13,0.367546,-0.06359400000000004,0.43721233333333337,False,0.18170789162362355,False
343638,13,0.431326,-0.05969600000000003,0.48983133333333334,False,0.2266969657063226,False
189790,13,0.427683,-0.071793,0.493928,True,0.5046099881999262,False
340726,13,0.317157,-0.07006099999999998,0.386282,False,0.27154486829072033,False
72525,13,0.459596,-0.05503199999999997,0.513729,False,0.21243569408422017,False
65444,13,0.486389,-0.052654000000000034,0.5387106666666667,False,0.22425548860927091,False
319360,13,0.400225,-0.08146500000000001,0.472752,True,0.675136460196048,True
358935,13,0.402124,-0.062832,0.46402066666666664,False,0.19042761218273932,False
100448,13,0.462304,-0.05710500000000002,0.518171,False,0.17941890197594154,False
222075,13,0.40274,-0.058981000000000006,0.469787,False,0.18990231092070267,False
69369,13,0.411157,-0.05704799999999999,0.4670186666666667,False,0.245233348535089,False
151722,13,0.350841,-0.06739,0.4169043333333333,False,0.2926047477382935,False
38033,13,0.417922,-0.060558,0.477277,False,0.171901778232057,False
128351,13,0.388245,-0.06113200000000002,0.45557766666666666,False,0.15036415292380365,False
342871,13,0.419874,-0.059139,0.4844916666666667,False,0.18596841802129846,False
13912,13,0.352984,-0.066662,0.41854833333333336,False,0.286584760180889,False
351129,13,0.437096,-0.054503000000000024,0.4903486666666667,False,0.25138044346628,False
297365,13,0.41602,-0.05826100000000001,0.47307066666666664,False,0.17993149539762548,False
240570,13,0.414138,-0.06188300000000002,0.4745183333333333,False,0.1745249013471058,False
86317,13,0.441023,-0.05743100000000001,0.49809866666666663,False,0.15964512641549145,False
99561,13,0.441209,-0.05804799999999999,0.49853033333333335,False,0.1457898328958219,False
261740,13,0.395147,-0.06161599999999995,0.45551800000000003,False,0.16174699636307532,False
29971,13,0.460508,-0.05497500000000005,0.5144226666666667,False,0.20905734760985906,False
4101,13,0.434988,-0.05861700000000003,0.495006,False,0.18444307470533425,False
176472,13,0.413948,-0.06537900000000002,0.47566099999999994,True,0.245533270132029,False
85669,13,0.424234,-0.05998399999999998,0.48328366666666667,False,0.18817050348071726,False
128393,13,0.468239,-0.05617999999999995,0.523307,False,0.18449927041131367,False
24702,13,0.363289,-0.06439900000000004,0.4261513333333333,False,0.17808949814947614,False
350152,13,0.477566,-0.053873000000000004,0.5304203333333334,False,0.2229357577775237,False
235514,13,0.459286,-0.05565199999999998,0.5137913333333334,False,0.19916319538618957,False
213078,13,0.439205,-0.058626999999999985,0.49653433333333336,False,0.18641097175624854,False
285706,13,0.43846,-0.05968000000000001,0.4968586666666667,False,0.20101689750174767,False
360795,13,0.448268,-0.056095000000000006,0.5077386666666667,False,0.17201070872490076,False
105461,13,0.445835,-0.05804900000000002,0.502427,False,0.1574379990686622,False
266248,13,0.401446,-0.06145999999999996,0.462653,False,0.17928264487452367,False
195779,13,0.437531,-0.057197,0.49373433333333333,False,0.17248018190016579,False
84715,13,0.427952,-0.05864999999999998,0.485428,False,0.20543156817114308,False
131659,13,0.42924,-0.057226,0.486219,False,0.22617570524005115,False
367955,13,0.431335,-0.05810499999999996,0.488608,False,0.19150859346868518,False
170017,13,0.389042,-0.06393300000000002,0.45232900000000004,False,0.19240785136725375,False
225994,13,0.396058,-0.059743999999999964,0.45501366666666665,False,0.16979963501613904,False
266161,13,0.387209,-0.06205999999999995,0.448379,False,0.1578079631344934,False
83876,13,0.398153,-0.06333700000000003,0.4601846666666667,False,0.18895120079613262,False
29327,13,0.428739,-0.058676000000000006,0.485973,False,0.2053523219252845,False
247815,13,0.472599,-0.05555600000000005,0.5276503333333333,False,0.19054232526780898,False
149552,13,0.420812,-0.059529,0.47956200000000004,False,0.18604659020544556,False
68617,13,0.437247,-0.058209999999999984,0.49516199999999994,False,0.15085336802211852,False
65934,13,0.448892,-0.054712999999999956,0.5030586666666667,False,0.23891340161494226,False
289682,13,0.452691,-0.06390500000000005,0.512946,True,0.31940231462573193,False
353036,13,0.390024,-0.07502000000000003,0.4588126666666667,True,0.5397356582431555,False
36396,13,0.474313,-0.05408199999999996,0.5276156666666666,False,0.23347229881425122,False
138966,13,0.436886,-0.05815100000000001,0.49490833333333334,False,0.1635036785998301,False
63441,13,0.405161,-0.061861,0.465676,False,0.17401487094376447,False
129973,13,0.385195,-0.062048999999999965,0.4455736666666667,False,0.14249470730548258,False
185429,13,0.47757,-0.05465800000000004,0.5315543333333334,False,0.2045153428300461,False
308443,13,0.471656,-0.055303999999999964,0.5260896666666667,False,0.19667924530694084,False
227942,13,0.469771,-0.05670599999999998,0.524774,False,0.20526847555949,False
117806,13,0.415686,-0.06162899999999999,0.4762396666666667,False,0.17578770191248286,False
319275,13,0.411076,-0.060334,0.47316566666666665,False,0.16923531549248752,False
146037,13,0.398757,-0.05910600000000005,0.457131,False,0.1821811718066769,False
324282,13,0.389287,-0.061668,0.457165,False,0.1587857392154164,False
112065,13,0.469057,-0.054456000000000004,0.5220663333333333,False,0.22833512901352168,False
51332,13,0.424315,-0.05968800000000002,0.4830816666666667,False,0.21783090514240463,False
262451,13,0.400386,-0.061527,0.46089866666666673,False,0.19798749557335973,False
338784,13,0.429606,-0.058197,0.48668633333333333,False,0.18993365865564385,False
185753,13,0.393435,-0.06323800000000002,0.4553866666666666,False,0.1729262548824507,False
351224,13,0.412321,-0.08404400000000001,0.486639,True,0.7590281805402205,True
36066,13,0.32976,-0.08322200000000002,0.40488366666666664,True,0.6554963431956885,True
318029,13,0.417552,-0.06107400000000002,0.47765366666666664,False,0.17184551563678013,False
126286,13,0.446279,-0.05646899999999999,0.5065716666666666,False,0.1805668364961139,False
112886,13,0.342613,-0.06365599999999999,0.4055063333333333,False,0.1657302307189225,False
296341,13,0.401974,-0.060699999999999976,0.46179699999999996,False,0.16058423737595093,False
68587,13,0.462046,-0.055786999999999975,0.5168016666666667,False,0.1954308492911058,False
81030,13,0.430723,-0.077853,0.49995100000000003,True,0.6579047723713158,True
147721,13,0.481852,-0.055066000000000004,0.5360713333333333,False,0.18369942285381607,False
42982,13,0.396201,-0.06089099999999997,0.4563093333333333,False,0.1495616751596869,False
37220,13,0.469627,-0.05503199999999997,0.5241623333333333,False,0.2101746046996838,False
222077,13,0.377787,-0.063058,0.4466866666666667,False,0.16200592995289792,False
368857,13,0.38871,-0.05985299999999999,0.44769566666666666,False,0.15868705701894653,False
290049,13,0.454837,-0.055479,0.5092260000000001,False,0.18530464216600412,False
120031,13,0.417094,-0.05962599999999996,0.47539766666666666,False,0.18301559619406604,False
182981,13,0.438448,-0.05671300000000001,0.4970996666666667,False,0.203292218673141,False
190306,13,0.43385,-0.056622000000000006,0.4898226666666667,False,0.24132623892975344,False
3407,13,0.390037,-0.06041599999999997,0.44923266666666667,False,0.14114584151748769,False
282746,13,0.419418,-0.060107999999999995,0.4784756666666667,False,0.18075997176389483,False
145852,13,0.443191,-0.058143999999999973,0.500837,False,0.1531068022263599,False
73495,13,0.431194,-0.07159599999999994,0.4967586666666666,True,0.5131805677095564,False
373790,13,0.449622,-0.05715500000000001,0.506013,False,0.1598577296056795,False
130825,13,0.473681,-0.05249999999999999,0.5283716666666667,False,0.2658355461610816,False
291382,13,0.426653,-0.059634999999999994,0.48542733333333327,False,0.20939527652239542,False
15622,13,0.315184,-0.06965199999999999,0.38311199999999995,False,0.27049714933535657,False
36287,13,0.457629,-0.054812999999999945,0.5114133333333334,False,0.22315087327664584,False
16663,13,0.415996,-0.05741200000000002,0.47625599999999996,False,0.20953169870226532,False
96200,13,0.447262,-0.05611700000000003,0.502804,False,0.20483044917227122,False
26522,13,0.445567,-0.05671299999999996,0.5018066666666666,False,0.20148430494903558,False
48390,13,0.416537,-0.064058,0.4772083333333333,True,0.24198973238903898,False
58650,13,0.432666,-0.060363,0.49174233333333334,False,0.20517649002691,False
49453,13,0.410824,-0.06097399999999997,0.47098033333333333,False,0.16296317947202477,False
85277,13,0.379923,-0.06159399999999998,0.4406096666666666,False,0.15827622183649148,False
221777,13,0.450916,-0.057645999999999975,0.5074489999999999,False,0.1335002261224962,False
60058,13,0.366095,-0.06445499999999998,0.4290696666666667,False,0.19001906701071683,False
194081,13,0.42057,-0.05817100000000003,0.47750766666666666,False,0.17516012655749405,False
53736,13,0.370515,-0.064222,0.4336196666666667,False,0.16656833100232224,False
231649,13,0.464868,-0.05288900000000002,0.516947,False,0.25472361184801273,False
367671,13,0.453536,-0.055747000000000047,0.5084226666666667,False,0.18361903021747417,False
39449,13,0.38056,-0.060245999999999966,0.44498466666666664,False,0.1503334433669497,False
187595,13,0.407227,-0.06075199999999997,0.471868,False,0.1633080051809775,False
137340,13,0.364891,-0.06374999999999997,0.4370213333333333,False,0.18949205546612632,False
57487,13,0.355196,-0.06625700000000001,0.42097066666666666,False,0.27054229828381676,False
239717,13,0.440251,-0.07986500000000002,0.511375,True,0.7114578274287627,True
73206,13,0.437933,-0.05790099999999998,0.4953176666666666,False,0.16680660827109614,False
356664,13,0.471103,-0.06168699999999999,0.5293576666666667,True,0.29674958189001993,False
198461,13,0.389315,-0.06092599999999998,0.4498163333333334,False,0.1366873568510184,False
54309,13,0.400478,-0.060282,0.4597423333333333,False,0.1646906836437555,False
241331,13,0.444464,-0.05627999999999994,0.4999473333333333,False,0.20682951048738285,False
69445,13,0.440588,-0.058157000000000014,0.4984436666666667,False,0.14815022757149787,False
266171,13,0.438303,-0.05262499999999998,0.4950503333333333,False,0.2821325718230674,False
26289,13,0.375052,-0.061194000000000026,0.4397506666666667,False,0.16244354380021908,False
80132,13,0.379496,-0.06285600000000002,0.440874,False,0.17549764434840093,False
3770,13,0.39527,-0.06187500000000001,0.4561663333333333,False,0.17279042507163186,False
107090,13,0.408834,-0.06013200000000002,0.467956,False,0.16941517405965434,False
97425,13,0.389711,-0.06147200000000003,0.4499263333333334,False,0.14891156312772158,False
116619,13,0.45997,-0.05510000000000004,0.5136286666666666,False,0.21243569408422017,False
56117,13,0.424161,-0.05797399999999997,0.48178566666666667,False,0.2069953923037671,False
240273,13,0.449995,-0.055663000000000074,0.5050303333333334,False,0.19261747226901235,False
342598,13,0.368651,-0.079378,0.44117500000000004,True,0.6112248923205912,False
237881,13,0.41026,-0.059892999999999974,0.469066,False,0.16543221627913585,False
177892,13,0.421487,-0.05949500000000002,0.4805916666666667,False,0.2021356775782249,False
44907,13,0.386872,-0.061910999999999994,0.447457,False,0.15748138831513017,False
346692,13,0.454699,-0.05737599999999993,0.5110316666666667,False,0.14368921307433685,False
282789,13,0.402872,-0.060394,0.46258,False,0.16840405164069053,False
47662,13,0.416416,-0.061143,0.4769853333333334,False,0.17636254774273485,False
325405,13,0.386583,-0.076094,0.45651166666666665,True,0.5626259479668213,False
82920,13,0.417888,-0.06069800000000003,0.47721566666666665,False,0.163758805532357,False
81516,13,0.41701,-0.06112099999999998,0.4769116666666666,False,0.1649883462229832,False
20916,13,0.414614,-0.06075200000000003,0.4744296666666667,False,0.15123218461354782,False
49123,13,0.321508,-0.0696,0.39489966666666665,False,0.3051371306889561,False
89725,13,0.430327,-0.057288000000000006,0.4870536666666667,False,0.20869344246946434,False
201728,13,0.390154,-0.05951099999999998,0.44945399999999996,False,0.16893961683472403,False
172103,13,0.439752,-0.05419300000000005,0.4936716666666667,False,0.2688464639993903,False
141530,13,0.442662,-0.055342999999999976,0.49728066666666665,False,0.2231145657270841,False
122049,13,0.439053,-0.057804999999999995,0.49621166666666666,False,0.1664953879861007,False
229690,13,0.390779,-0.059219999999999995,0.4487446666666666,False,0.17747727020143286,False
247974,13,0.416742,-0.05955300000000002,0.47597033333333333,False,0.17502354159794872,False
30369,13,0.413318,-0.06036399999999997,0.472956,False,0.1752529898871955,False
191277,13,0.449107,-0.05732200000000004,0.5054776666666666,False,0.14533153433963736,False
306012,13,0.43344,-0.05861900000000003,0.4912936666666667,False,0.19912873166899708,False
209400,13,0.369604,-0.06297600000000003,0.432263,False,0.15073513079567855,False
31959,13,0.397555,-0.06003000000000003,0.45695099999999994,False,0.1633279654554746,False
85197,13,0.4454,-0.059070999999999985,0.5031763333333333,False,0.1740293579368074,False
117026,13,0.290783,-0.07187499999999997,0.36193000000000003,False,0.31120002875555036,False
357599,13,0.479578,-0.05566399999999999,0.5334869999999999,False,0.1783202061610104,False
193575,13,0.373339,-0.06316000000000005,0.43798066666666663,False,0.1675425657765302,False
177254,13,0.422006,-0.05546400000000001,0.48042199999999996,False,0.25622122918155615,False
279291,13,0.37864,-0.062251,0.44342966666666667,False,0.16933367680825034,False
347011,13,0.444936,-0.05717099999999997,0.5016033333333333,False,0.18455185428759716,False
55789,13,0.468169,-0.05407500000000004,0.525181,False,0.25126123652952187,False
277408,13,0.443198,-0.056252000000000024,0.49869766666666665,False,0.19929486251039338,False
140373,13,0.396495,-0.060300999999999993,0.45594533333333337,False,0.1586836838289118,False
240870,13,0.381439,-0.06258000000000002,0.4431883333333333,False,0.169021598553843,False
188208,13,0.375643,-0.075181,0.44664966666666667,True,0.5325093131165167,False
120087,13,0.405748,-0.05986400000000003,0.46450166666666665,False,0.17340439419541898,False
312690,13,0.425992,-0.05912200000000001,0.4846456666666666,False,0.2015011480866617,False
207505,13,0.414848,-0.05939100000000003,0.47308633333333333,False,0.19153945908566603,False
80131,13,0.433038,-0.056862000000000024,0.48862133333333335,False,0.23229151156199873,False
114137,13,0.432408,-0.059641,0.49081033333333335,False,0.2175064582649385,False
139893,13,0.475124,-0.055176,0.5295023333333333,False,0.18678969657636124,False
204693,13,0.413686,-0.061402999999999985,0.473727,False,0.15543999018677424,False
332547,13,0.442234,-0.058930999999999956,0.4997386666666667,False,0.16879171343681276,False
82540,13,0.414411,-0.05980500000000005,0.4798446666666667,False,0.18506877790998807,False
38409,13,0.420225,-0.06138899999999997,0.479747,False,0.17476326453394808,False
124782,13,0.427585,-0.05930200000000002,0.48578533333333335,False,0.19761273327272524,False
51599,13,0.439968,-0.07560699999999998,0.5087236666666667,True,0.6324161199849073,True
302100,13,0.44495,-0.05436799999999997,0.50166,False,0.2736654506707836,False
184101,13,0.442383,-0.057331999999999994,0.499136,False,0.15814973716433656,False
303520,13,0.449388,-0.057242000000000015,0.506212,False,0.15041249154206796,False
33568,13,0.447235,-0.05647300000000005,0.502753,False,0.20980368980663078,False
334993,13,0.386902,-0.059531999999999974,0.44592733333333334,False,0.15850133030763197,False
216161,13,0.418627,-0.060319999999999985,0.4803043333333334,False,0.17131353786489395,False
48896,13,0.457098,-0.054477,0.5109843333333334,False,0.2352032441096534,False
292002,13,0.447927,-0.06958400000000003,0.51212,True,0.5097214205953666,False
306491,13,0.460721,-0.05515399999999998,0.5154023333333333,False,0.19864599322688814,False
6019,13,0.423532,-0.05823999999999996,0.4807953333333333,False,0.18838928235743366,False
73158,13,0.429657,-0.05699599999999999,0.4861496666666667,False,0.2353642489219886,False
264951,13,0.396684,-0.08112600000000003,0.46975533333333336,True,0.6696080640394936,True
347806,13,0.426831,-0.058443999999999996,0.48420633333333335,False,0.20031837646431536,False
199295,13,0.383782,-0.06267800000000001,0.44486933333333334,False,0.15791193893896338,False
249974,13,0.434462,-0.06034499999999998,0.4935346666666667,False,0.19673849495676024,False
1130,13,0.393537,-0.06037399999999998,0.4555996666666667,False,0.14937649239769638,False
138091,13,0.426229,-0.05935299999999999,0.484777,False,0.2038767015617198,False
324734,13,0.458521,-0.05626899999999996,0.514104,False,0.20085161768092008,False
14470,13,0.417348,-0.05821100000000001,0.47447,False,0.16829273340940562,False
254615,13,0.481119,-0.054037999999999975,0.5338726666666667,False,0.23778718558469447,False
371112,13,0.428501,-0.05649799999999999,0.49210100000000007,False,0.24746796934183155,False
52418,13,0.446781,-0.05497099999999999,0.501316,False,0.2487120224704824,False
156960,13,0.417373,-0.057655999999999985,0.47436433333333333,False,0.1977096583206,False
139042,13,0.437801,-0.05937100000000001,0.49599600000000005,False,0.18132200888311775,False
346047,13,0.431882,-0.05778700000000003,0.4889193333333333,False,0.1967563128009479,False
111477,13,0.425897,-0.06497899999999995,0.491598,True,0.2575645104141455,False
369972,13,0.460919,-0.055654999999999955,0.5163396666666666,False,0.19580465648040274,False
21930,13,0.430667,-0.058724,0.48869233333333334,False,0.21317784055170055,False
352159,13,0.413435,-0.06081000000000003,0.47308600000000006,False,0.16437330585435506,False
111043,13,0.416717,-0.060643999999999976,0.47608,False,0.1650444352793923,False
145684,13,0.438036,-0.05754400000000004,0.49510733333333334,False,0.1669506287225839,False
282579,13,0.455749,-0.054759999999999975,0.5089653333333334,False,0.2107828574913061,False
70407,13,0.429424,-0.06718100000000005,0.4923186666666666,True,0.3695277929413355,False
316526,13,0.439814,-0.06038099999999996,0.4986133333333333,False,0.18333457580215573,False
83707,13,0.417399,-0.06224299999999999,0.47798133333333337,False,0.19662194476200692,False
138403,13,0.399937,-0.061690999999999996,0.4607303333333333,False,0.18777703027011242,False
53893,13,0.348466,-0.06309599999999999,0.41824466666666665,False,0.17158983649695833,False
193738,13,0.443027,-0.05871900000000002,0.5005313333333333,False,0.17680778015867654,False
178349,13,0.345529,-0.06695300000000004,0.41133400000000003,False,0.2681390575672605,False
56673,13,0.45786,-0.056908000000000014,0.5132816666666666,False,0.19208180738764088,False
281137,13,0.473489,-0.05537200000000003,0.527759,False,0.185501577415893,False
295170,13,0.455329,-0.05467600000000006,0.5094516666666666,False,0.21679350891583948,False
106743,13,0.407747,-0.05644899999999997,0.46981633333333334,False,0.28155154658652165,False
336048,13,0.334957,-0.069832,0.4036423333333334,False,0.34678194528859724,False
290048,13,0.467325,-0.056145,0.5228079999999999,False,0.18985391800421925,False
232328,13,0.44898,-0.055398,0.5041806666666667,False,0.2044046056106672,False
136716,13,0.434072,-0.056641,0.490208,False,0.23886182397912692,False
142788,13,0.473218,-0.05589199999999994,0.527876,False,0.18598956745119782,False
183321,13,0.43486,-0.059821999999999986,0.4938643333333333,False,0.20017429582907567,False
35924,13,0.432622,-0.059336,0.49052266666666666,False,0.19916117896625,False
139258,13,0.441464,-0.05554199999999998,0.4962406666666667,False,0.23197838723846045,False
110140,13,0.41991,-0.05769200000000002,0.4831463333333333,False,0.1997777491083919,False
345899,13,0.476496,-0.053893000000000024,0.529088,False,0.2198604054616756,False
42001,13,0.424142,-0.07388799999999995,0.492272,True,0.5370955123659795,False
258744,13,0.399705,-0.07541500000000001,0.47359799999999996,True,0.5627476224618542,False
330879,13,0.459335,-0.054469000000000045,0.5188676666666666,False,0.22940025542497117,False
367696,13,0.338113,-0.06486599999999998,0.402331,False,0.18813265077364105,False
149415,13,0.463185,-0.05506099999999997,0.5172143333333333,False,0.2080117123985504,False
198691,13,0.378412,-0.08934399999999998,0.45727066666666666,True,0.8968664363001734,True
36466,13,0.44889,-0.05688700000000002,0.5050186666666666,False,0.1719648349573374,False
81158,13,0.476172,-0.054064000000000056,0.5290296666666666,False,0.23053733716421923,False
104248,13,0.412423,-0.06129600000000002,0.472895,False,0.17139932546644857,False
99829,13,0.384595,-0.07412099999999999,0.45409766666666673,True,0.4898763041148073,False
110615,13,0.440378,-0.05735499999999999,0.4966473333333333,False,0.17443139524228793,False
157284,13,0.388049,-0.061238000000000015,0.4482683333333333,False,0.14640106514748172,False
138656,13,0.425267,-0.05964199999999997,0.483674,False,0.2111975065483655,False
94036,13,0.353883,-0.065469,0.418232,False,0.24243059715691884,False
274088,13,0.436821,-0.058858999999999995,0.4949253333333334,False,0.19084376063055766,False
215856,13,0.391587,-0.062207999999999986,0.4531516666666667,False,0.15856717121983033,False
263638,13,0.42308,-0.060099000000000014,0.4822823333333333,False,0.19482541197076395,False
130970,13,0.387755,-0.058967999999999965,0.45312233333333335,False,0.17824155948405979,False
308944,13,0.311562,-0.07167200000000001,0.381707,False,0.28120315499988974,False
344652,13,0.422431,-0.0615,0.4829476666666667,False,0.2014922479356501,False
327837,13,0.426243,-0.05954700000000002,0.48505966666666667,False,0.20670376877617683,False
285929,13,0.393984,-0.06367299999999998,0.4569666666666667,False,0.1982607488462395,False
128075,13,0.419673,-0.060235999999999956,0.47861666666666663,False,0.183782378628948,False
62855,13,0.389726,-0.05991399999999997,0.44894300000000004,False,0.1446731087725192,False
209186,13,0.456082,-0.057169000000000025,0.512635,False,0.17298599246540294,False
349665,13,0.458593,-0.055344000000000004,0.513024,False,0.1991887353317042,False
110430,13,0.43232,-0.056725000000000025,0.488052,False,0.2490136448564818,False
66818,13,0.440113,-0.05830400000000002,0.497114,False,0.16665083227576266,False
286046,13,0.416868,-0.061062000000000005,0.47625066666666666,False,0.1649883462229832,False
156471,13,0.440612,-0.05822699999999997,0.49780033333333334,False,0.14815022757149787,False
173239,13,0.426215,-0.058203000000000005,0.48339399999999993,False,0.18888731440668896,False
196038,13,0.39305,-0.061072000000000015,0.45959700000000003,False,0.16106376630299393,False
305402,13,0.46827,-0.05364200000000002,0.5204726666666667,False,0.24425941672444554,False
200562,13,0.455772,-0.05670599999999998,0.5119943333333333,False,0.18664939372346262,False
200078,13,0.469039,-0.05678000000000005,0.52449,False,0.20306399729521218,False
16829,13,0.445239,-0.05707699999999999,0.5011696666666666,False,0.18272612126238064,False
179768,13,0.442939,-0.06011699999999992,0.5014023333333334,False,0.1736540027230046,False
290771,13,0.463454,-0.053708000000000033,0.5168613333333333,False,0.2374352320225311,False
121981,13,0.408181,-0.058006999999999975,0.466189,False,0.20951118223681395,False
254798,13,0.381595,-0.06029399999999996,0.44134433333333334,False,0.16534949648480746,False
165388,13,0.366664,-0.064473,0.4300366666666666,False,0.19099627071811207,False
311969,13,0.475636,-0.05443800000000004,0.5297373333333334,False,0.2085983799388734,False
41833,13,0.403792,-0.061778,0.46462899999999996,False,0.17934247212833077,False
221187,13,0.450326,-0.05693999999999999,0.506492,False,0.17077288996909457,False
119484,13,0.400416,-0.05967100000000003,0.4597103333333334,False,0.19524453539654404,False
115574,13,0.464066,-0.05710100000000007,0.5197733333333333,False,0.18243949291370837,False
309588,13,0.395289,-0.06072299999999997,0.4551406666666667,False,0.13761582019868449,False
208910,13,0.37732,-0.075432,0.4472176666666667,True,0.5331555602932517,False
16469,13,0.437293,-0.058223000000000025,0.4941663333333333,False,0.15085336802211852,False
4883,13,0.386622,-0.06334799999999996,0.448907,False,0.16760806161971442,False
87194,13,0.415127,-0.059347999999999956,0.4737206666666667,False,0.16950536578896816,False
186264,13,0.379048,-0.06227700000000003,0.43992366666666666,False,0.1738919277472344,False
109842,13,0.373568,-0.06762099999999999,0.439282,False,0.3400498984718069,False
20836,13,0.476288,-0.05376799999999998,0.528621,False,0.2198604054616756,False
60472,13,0.432635,-0.05526300000000001,0.4875636666666667,False,0.263139298985267,False
256170,13,0.405466,-0.062161999999999995,0.46590333333333334,False,0.17491125522943957,False
249184,13,0.393774,-0.062193,0.459922,False,0.17784461626878323,False
320695,13,0.413783,-0.059914999999999996,0.4730746666666667,False,0.17581941275243293,False
352157,13,0.412461,-0.061531,0.47227700000000006,False,0.18270680339170495,False
100814,13,0.314647,-0.06979099999999999,0.38339066666666666,False,0.26602181277626996,False
115141,13,0.40514,-0.06196499999999999,0.46635133333333334,False,0.17927287691840652,False
164981,13,0.442904,-0.057023999999999964,0.499191,False,0.18009090389576857,False
30662,13,0.379428,-0.06272100000000003,0.447904,False,0.17173053211698325,False
283423,13,0.418391,-0.05912499999999998,0.476725,False,0.1760486432328056,False
335243,13,0.402668,-0.06107299999999999,0.4631986666666667,False,0.16816822995293812,False
276653,13,0.359719,-0.064604,0.42312833333333333,False,0.19246397045120828,False
174879,13,0.451454,-0.05518000000000001,0.5055866666666667,False,0.20858393732351985,False
34701,13,0.226192,-0.079519,0.31035033333333334,False,0.5377771182012236,False
139973,13,0.460542,-0.05639899999999998,0.5163346666666667,False,0.1965105250628196,False
1858,13,0.455149,-0.06323499999999993,0.5145363333333334,True,0.291424222933172,False
354785,13,0.354312,-0.067824,0.420781,False,0.3195624523287059,False
144194,13,0.244918,-0.07892600000000002,0.3224033333333333,False,0.5157063954242315,False
161616,14,0.375189,-0.06143500000000002,0.4356973333333333,False,0.15777459413764186,False
221846,14,0.41245,-0.05520200000000003,0.4676556666666667,False,0.2935081354705007,False
84698,14,0.39322,-0.057553999999999994,0.45017700000000005,False,0.2591812885676408,False
114629,14,0.295358,-0.08672999999999997,0.37362866666666666,True,0.8275354145205738,True
83465,14,0.369336,-0.06189499999999998,0.4304776666666667,False,0.149936094379968,False
369398,14,0.331573,-0.06311800000000001,0.39398399999999995,False,0.1549328597114809,False
13112,14,0.338929,-0.06636000000000003,0.40339133333333327,False,0.2290925659856993,False
235202,14,0.41047,-0.05591600000000002,0.466259,False,0.27534741905387494,False
104286,14,0.372784,-0.05919000000000002,0.4311913333333333,False,0.2037384975059335,False
224231,14,0.424493,-0.05710399999999999,0.4798196666666667,False,0.2301482194841682,False
12995,14,0.383696,-0.056558,0.44007033333333334,False,0.3160424588512242,False
74905,14,0.297142,-0.06922999999999996,0.36558,False,0.26261690481906386,False
294254,14,0.25089,-0.069911,0.32570866666666665,False,0.28809377701490524,False
265229,14,0.385561,-0.066494,0.44805999999999996,True,0.29467114893876256,False
366026,14,0.225527,-0.076516,0.301001,False,0.4867134814635253,False
269565,14,0.376782,-0.06008599999999997,0.4365773333333333,False,0.15728232489747032,False
242550,14,0.394975,-0.058259000000000005,0.45219366666666666,False,0.20011072532822982,False
82704,14,0.375318,-0.06146800000000002,0.43532533333333334,False,0.16039006979685455,False
213416,14,0.365228,-0.06275000000000003,0.42703,False,0.1461003023155191,False
45580,14,0.285443,-0.06871100000000002,0.353339,False,0.2737622715745213,False
280043,14,0.276443,-0.06980799999999998,0.34538833333333335,False,0.2978462838376403,False
50707,14,0.193329,-0.078537,0.27048633333333333,False,0.47541756525839995,False
28401,14,0.391858,-0.06859799999999999,0.45598099999999997,True,0.4028809628030152,False
33306,14,0.297439,-0.06846999999999998,0.3644773333333333,False,0.24101971829540045,False
23114,14,0.326822,-0.06561099999999997,0.3913276666666667,False,0.16473662999526292,False
114987,14,0.338131,-0.06454599999999999,0.40151200000000004,False,0.19342305113704952,False
325666,14,0.42637,-0.05691099999999999,0.48234133333333334,False,0.24597768368786446,False
92826,14,0.384181,-0.060064000000000006,0.4435226666666667,False,0.15689993086941229,False
165868,14,0.34514,-0.063888,0.407983,False,0.1747563376413852,False
306277,14,0.377436,-0.060134999999999994,0.43688,False,0.1569724409550247,False
219949,14,0.262713,-0.07171900000000003,0.33351766666666666,False,0.3296348163875053,False
81499,14,0.374263,-0.06277499999999997,0.436182,False,0.16246226119805862,False
278463,14,0.387416,-0.06146800000000002,0.447648,False,0.14593631058463083,False
180331,14,0.248188,-0.07300700000000002,0.320098,False,0.3601110184188364,False
294076,14,0.398771,-0.058979000000000004,0.45700566666666664,False,0.1821811718066769,False
160007,14,0.36817,-0.06042900000000001,0.4277393333333333,False,0.16316391145717182,False
288528,14,0.354688,-0.06261499999999998,0.41640066666666664,False,0.1793048587873702,False
125541,14,0.365955,-0.06204100000000001,0.427065,False,0.15075624567090845,False
271358,14,0.362301,-0.06183700000000003,0.4234016666666667,False,0.14683351526736793,False
165767,14,0.355191,-0.060648000000000035,0.41465599999999997,False,0.20359717293372928,False
52953,14,0.286681,-0.07081499999999996,0.35657333333333335,False,0.3042767833703766,False
57288,14,0.390463,-0.057908000000000015,0.4469086666666667,False,0.23989979586712493,False
116876,14,0.334275,-0.07521,0.40328633333333336,True,0.47506838116100547,False
356263,14,0.357391,-0.05821599999999999,0.41487,False,0.2833563465407421,False
129087,14,0.39811,-0.05923200000000001,0.4563566666666667,False,0.1836928258993064,False
174160,14,0.39415,-0.05784800000000001,0.45160133333333335,False,0.2443246841808724,False
155560,14,0.397455,-0.05733300000000002,0.45783533333333337,False,0.27211181100969895,False
93665,14,0.395336,-0.05881599999999998,0.45315700000000003,False,0.1861013580152133,False
58485,14,0.325624,-0.06426799999999999,0.3884206666666667,False,0.15634393264738908,False
10211,14,0.373262,-0.05810599999999999,0.43077999999999994,False,0.24001804491221737,False
18889,14,0.378992,-0.061116000000000004,0.43892299999999995,False,0.15664063137479606,False
245392,14,0.356162,-0.06290400000000002,0.420601,False,0.17654776279618709,False
354005,14,0.379581,-0.07285799999999998,0.4467716666666666,True,0.4744548132055283,False
315631,14,0.213906,-0.07711499999999996,0.28987466666666667,False,0.4711159121556675,False
131813,14,0.354116,-0.061228000000000005,0.4139743333333333,False,0.18666900338758824,False
99724,14,0.359724,-0.07227700000000004,0.4270673333333333,True,0.4286608669165023,False
215535,14,0.407724,-0.058233000000000035,0.4655483333333333,False,0.19154834954003416,False
351364,14,0.354528,-0.062002,0.41550833333333337,False,0.184016383579996,False
26633,14,0.392064,-0.059291999999999956,0.45049233333333333,False,0.16922488952065115,False
146002,14,0.38436,-0.05982200000000004,0.44243799999999994,False,0.1699781071253937,False
124118,14,0.347474,-0.063274,0.41004466666666667,False,0.17111356484463713,False
209546,14,0.380035,-0.06123200000000001,0.4406616666666667,False,0.1594084839176479,False
293540,14,0.38589,-0.05963799999999997,0.44525,False,0.16180411539074188,False
130111,14,0.358899,-0.060807,0.41935833333333333,False,0.15454588283948986,False
1701,14,0.319077,-0.066604,0.38486333333333334,False,0.1966243876021813,False
24025,14,0.194081,-0.07822800000000002,0.27083033333333334,False,0.47541756525839995,False
211694,14,0.406183,-0.058663999999999994,0.4636436666666666,False,0.19276341530980076,False
101255,14,0.41182,-0.06089499999999998,0.4704626666666667,False,0.15838503583382152,False
299391,14,0.343978,-0.062122999999999984,0.40477366666666664,False,0.1783046807704853,False
139883,14,0.403146,-0.058645,0.460113,False,0.19124166403519394,False
238555,14,0.414444,-0.058508000000000004,0.47174333333333335,False,0.1870130039481946,False
221333,14,0.346185,-0.06355899999999998,0.4087723333333333,False,0.17346521395366823,False
30741,14,0.32389,-0.06742300000000001,0.3900676666666667,False,0.1897251367082069,False
123314,14,0.343154,-0.06609100000000001,0.407878,False,0.2348806535467745,False
119325,14,0.349642,-0.06258799999999998,0.41055166666666665,False,0.17563323907489667,False
86574,14,0.390929,-0.05852099999999999,0.44859066666666664,False,0.18814825328531387,False
341911,14,0.347419,-0.06479100000000004,0.41080066666666665,False,0.20809074570753117,False
30866,14,0.368836,-0.05982500000000002,0.42783233333333337,False,0.18868774578935493,False
340723,14,0.401942,-0.057803999999999967,0.45866333333333337,False,0.24162612426977573,False
332911,14,0.397091,-0.05846299999999999,0.45491400000000004,False,0.18763750467312434,False
211089,14,0.364886,-0.06098700000000001,0.424879,False,0.14093908100467897,False
281527,14,0.399831,-0.05868099999999998,0.457439,False,0.19696181471767413,False
164419,14,0.352094,-0.07746999999999998,0.4227813333333333,True,0.5568178175779516,False
334030,14,0.305139,-0.06499500000000002,0.37416699999999997,False,0.1371860826623707,False
213058,14,0.390056,-0.060141,0.448764,False,0.14280730275106454,False
350737,14,0.383167,-0.05905000000000005,0.4408616666666667,False,0.20709111294287563,False
22780,14,0.282533,-0.070544,0.35189899999999996,False,0.29835406933897984,False
112321,14,0.366213,-0.06032199999999999,0.42548499999999995,False,0.16380671163100655,False
281168,14,0.416404,-0.057281000000000026,0.47663300000000003,False,0.2122754204978791,False
53587,14,0.354769,-0.06374799999999997,0.4180566666666667,False,0.19556046893737947,False
139041,14,0.409325,-0.05722900000000003,0.46606,False,0.2399661381173499,False
199191,14,0.370299,-0.061273999999999995,0.431087,False,0.13496558469186407,False
338428,14,0.324813,-0.06241399999999997,0.391469,False,0.17735593107624933,False
48625,14,0.305603,-0.07825499999999996,0.38473466666666667,True,0.5088229992920925,False
297458,14,0.411272,-0.056657999999999986,0.4671806666666667,False,0.2658511805811269,False
137752,14,0.357062,-0.07066500000000003,0.42384099999999997,True,0.3735865617452465,False
229734,14,0.297838,-0.068075,0.36473500000000003,False,0.21656001788563245,False
244855,14,0.34548,-0.06320300000000001,0.408286,False,0.15869984380298346,False
264979,14,0.322714,-0.06400600000000001,0.3850736666666667,False,0.1740308510749142,False
314019,14,0.291835,-0.09624099999999997,0.377385,True,0.9427438991538415,True
104633,14,0.388886,-0.056477,0.44418433333333335,False,0.2919258686517332,False
284266,14,0.309868,-0.06781800000000004,0.37603800000000004,False,0.1973069968140456,False
277317,14,0.339554,-0.08459799999999995,0.4158123333333334,True,0.7206634058620979,True
289428,14,0.330023,-0.061776,0.390979,False,0.19515621804919428,False
288255,14,0.406093,-0.05839500000000003,0.463397,False,0.19126750098778803,False
67314,14,0.323135,-0.09033799999999997,0.4025256666666667,True,0.8792805656269398,True
219794,14,0.399643,-0.059087,0.45744500000000005,False,0.17916093018556606,False
130367,14,0.367688,-0.062753,0.42939766666666673,False,0.14758753632539912,False
335544,14,0.291085,-0.07878200000000002,0.365167,True,0.5229886691248912,False
123930,14,0.291022,-0.08193099999999998,0.3659786666666667,True,0.6150241146561799,False
236708,14,0.33203,-0.06585800000000003,0.39730899999999997,False,0.20736694193655567,False
146068,14,0.373285,-0.05943900000000002,0.43418699999999993,False,0.1973216769356178,False
298673,14,0.366513,-0.06084900000000004,0.42623300000000003,False,0.14911751757382194,False
207425,14,0.381742,-0.06773199999999996,0.44577666666666665,True,0.34167740691170534,False
328962,14,0.194975,-0.07359899999999997,0.2752213333333333,False,0.32864013627881594,False
145738,14,0.332555,-0.06550600000000001,0.3968136666666666,False,0.21036350706839926,False
146341,14,0.393283,-0.057564000000000004,0.44991966666666666,False,0.2591812885676408,False
138873,14,0.238373,-0.07325700000000002,0.313888,False,0.38467397843162426,False
191182,14,0.283082,-0.067517,0.34949433333333335,False,0.2156536582805336,False
256131,14,0.404132,-0.05813099999999999,0.46133699999999994,False,0.21340353335841244,False
158606,14,0.35155,-0.07794300000000004,0.4231203333333333,True,0.5603494400779401,False
115457,14,0.370496,-0.059728,0.429545,False,0.18284462150939235,False
281875,14,0.347067,-0.06241199999999997,0.4091363333333333,False,0.18746618201100626,False
129303,14,0.35649,-0.06243500000000002,0.41791433333333333,False,0.17769959242128533,False
267138,14,0.398204,-0.059062,0.4557353333333333,False,0.18504998987152343,False
169951,14,0.388302,-0.05776100000000001,0.4457363333333333,False,0.23438489536951942,False
164722,14,0.414582,-0.05563999999999997,0.46938033333333334,False,0.2601051229740885,False
356768,14,0.2416,-0.07434100000000002,0.31473333333333336,False,0.4175959213883655,False
254496,14,0.32743,-0.06280799999999997,0.3889333333333333,False,0.14903096487578216,False
35337,14,0.315205,-0.06369199999999997,0.3775726666666667,False,0.18282936356875515,False
58369,14,0.396462,-0.059995999999999994,0.455178,False,0.14832889739270239,False
12406,14,0.418173,-0.05646699999999999,0.47370500000000004,False,0.2465392203699163,False
345496,14,0.328017,-0.06387700000000002,0.3906243333333333,False,0.15535012559781625,False
153878,14,0.346916,-0.06368299999999999,0.4098003333333333,False,0.18625174474425402,False
210325,14,0.301039,-0.06529200000000002,0.366045,False,0.14112188679213594,False
125140,14,0.398558,-0.060412999999999994,0.458312,False,0.15729433987562855,False
41313,14,0.328676,-0.06420399999999998,0.39196433333333336,False,0.16935592607638933,False
255155,14,0.354859,-0.06167400000000001,0.41575566666666663,False,0.18577935851453897,False
127400,14,0.371083,-0.06282199999999999,0.4327566666666667,False,0.14367128563276563,False
246777,14,0.416963,-0.056456000000000006,0.47298466666666666,False,0.2688725164910137,False
302698,14,0.355642,-0.06129399999999996,0.41593366666666665,False,0.17951158089744126,False
111754,14,0.331241,-0.06281799999999998,0.3931476666666667,False,0.16127296576524056,False
20302,14,0.391537,-0.07168599999999997,0.4580326666666667,True,0.44455649884591264,False
284802,14,0.346173,-0.062722,0.40779699999999997,False,0.1678421661280063,False
305939,14,0.377236,-0.060402999999999984,0.43627166666666667,False,0.15051695120580322,False
163429,14,0.393601,-0.057826000000000044,0.450515,False,0.2443246841808724,False
278058,14,0.324845,-0.06335800000000003,0.38720266666666664,False,0.14844594422826107,False
221571,14,0.343307,-0.06630100000000005,0.40860566666666664,False,0.2471548998709438,False
78147,14,0.417344,-0.05680400000000002,0.4731883333333333,False,0.2596677636874486,False
173617,14,0.387058,-0.06089800000000001,0.4493133333333333,False,0.14828726502641787,False
138685,14,0.310448,-0.06684600000000002,0.37657566666666664,False,0.16134071778499118,False
290414,14,0.29012,-0.068353,0.35777600000000004,False,0.23276791185501278,False
358375,14,0.322937,-0.06596800000000003,0.3880396666666666,False,0.1633654440689904,False
35631,14,0.386825,-0.059963000000000044,0.4459943333333333,False,0.14224606213003477,False
337039,14,0.408182,-0.06485200000000002,0.46926633333333334,True,0.2251140422073578,False
267075,14,0.383188,-0.06029800000000002,0.4431496666666666,False,0.15376472699517715,False
29821,14,0.350079,-0.07916100000000004,0.4220523333333333,True,0.5881154336130772,False
294318,14,0.358797,-0.06177300000000002,0.4195143333333333,False,0.1583643345816771,False
39523,14,0.41281,-0.05710399999999999,0.46974,False,0.24627926490249616,False
77643,14,0.401131,-0.057823999999999987,0.46221700000000004,False,0.24074001997086417,False
237717,14,0.408006,-0.05658400000000002,0.46362299999999995,False,0.2832773561445081,False
5069,14,0.353773,-0.062383999999999995,0.41497133333333336,False,0.188505292896752,False
11028,14,0.369749,-0.059331999999999996,0.427669,False,0.1938512926869981,False
303657,14,0.290435,-0.09248499999999998,0.37742933333333334,True,0.8883612030427833,True
311699,14,0.350378,-0.06485199999999997,0.41339733333333334,False,0.20961243839666893,False
242357,14,0.243329,-0.08844199999999999,0.32455833333333334,True,0.8547840826786326,True
120646,14,0.362682,-0.082731,0.4361956666666667,True,0.669247828351649,True
312417,14,0.363643,-0.06115599999999999,0.42379100000000003,False,0.14093908100467897,False
224622,14,0.310411,-0.06827100000000003,0.3779493333333333,False,0.2104991782826168,False
357412,14,0.409838,-0.058882000000000045,0.46759100000000003,False,0.19281231712268387,False
198943,14,0.353717,-0.06368600000000002,0.4168396666666667,False,0.19046382249004667,False
252370,14,0.387891,-0.059489000000000014,0.44718133333333326,False,0.17449793037236652,False
332523,14,0.373109,-0.062372999999999956,0.4342253333333333,False,0.17179790698727604,False
145060,14,0.356417,-0.061443000000000025,0.417518,False,0.17404503779141664,False
37435,14,0.351465,-0.06349299999999997,0.413962,False,0.17372082525918184,False
282713,14,0.396586,-0.05621100000000001,0.45216966666666664,False,0.30618853315617,False
289239,14,0.404485,-0.05653800000000003,0.46007400000000004,False,0.2924916321139452,False
360446,14,0.388765,-0.06030599999999997,0.4478513333333334,False,0.14514798457595113,False
189600,14,0.309818,-0.065556,0.37451133333333336,False,0.14686693079937693,False
299,14,0.378827,-0.06219899999999995,0.43967633333333334,False,0.16888861805772817,False
225332,14,0.341889,-0.06356200000000001,0.4041426666666667,False,0.16776580276471578,False
31778,14,0.375994,-0.062743,0.43756833333333334,False,0.15964463758866687,False
60517,14,0.346219,-0.06359199999999998,0.40912599999999993,False,0.17346521395366823,False
58654,14,0.416153,-0.07059700000000002,0.4811210000000001,True,0.45646671071165573,False
153709,14,0.398117,-0.060699,0.45732599999999995,False,0.1495136641095904,False
339757,14,0.379821,-0.05772699999999997,0.43642566666666666,False,0.28066603271274315,False
336321,14,0.336197,-0.08394799999999997,0.41191333333333335,True,0.7300566476436605,True
308512,14,0.400607,-0.06029899999999999,0.4597263333333333,False,0.1646906836437555,False
210260,14,0.367659,-0.059425000000000006,0.4264156666666667,False,0.20164911037565783,False
50819,14,0.36802,-0.06095699999999998,0.43409733333333334,False,0.15789423928066784,False
37149,14,0.391017,-0.059786000000000006,0.449983,False,0.1620477669128265,False
161225,14,0.396731,-0.05797599999999997,0.4535293333333333,False,0.22764327355081193,False
362293,14,0.379996,-0.058060999999999974,0.43638400000000005,False,0.25631890837993615,False
178389,14,0.246066,-0.07182699999999997,0.3170596666666667,False,0.33361906381329126,False
221208,14,0.260198,-0.08449800000000002,0.3396143333333333,True,0.7111424194377868,True
41291,14,0.329027,-0.06328600000000001,0.398466,False,0.1491452216513036,False
365214,14,0.355832,-0.06145500000000004,0.4229273333333334,False,0.18346108190457927,False
333281,14,0.390494,-0.05741200000000002,0.4473576666666667,False,0.25869647276126634,False
7737,14,0.291146,-0.06262299999999998,0.35636466666666666,False,0.19871593549358244,False
329588,14,0.315069,-0.06726599999999999,0.38106166666666663,False,0.19124828878184227,False
317105,14,0.276968,-0.06853500000000001,0.34467699999999996,False,0.2689351960551079,False
361689,14,0.338155,-0.063967,0.40092833333333333,False,0.17995551534184961,False
281131,14,0.301937,-0.06560899999999997,0.36687433333333336,False,0.14294640849196794,False
343638,14,0.371064,-0.06026199999999998,0.4311373333333333,False,0.15900621282086735,False
189790,14,0.368521,-0.05916199999999999,0.4318933333333333,False,0.2109956506609588,False
340726,14,0.244271,-0.07288600000000003,0.31621533333333335,False,0.3628923337748279,False
72525,14,0.400128,-0.05946800000000002,0.4581173333333333,False,0.1860507209192271,False
65444,14,0.43004,-0.05634900000000004,0.4851573333333334,False,0.26865956948451464,False
319360,14,0.340989,-0.05923600000000001,0.40763466666666665,False,0.2735524380370511,False
358935,14,0.33648,-0.06564399999999998,0.40118666666666664,False,0.20853940697441703,False
100448,14,0.404706,-0.05759799999999998,0.46213966666666667,False,0.24070298187188718,False
222075,14,0.340019,-0.06272099999999997,0.4014933333333333,False,0.15909978251503568,False
69369,14,0.351791,-0.059365999999999974,0.4103843333333333,False,0.2454427211095205,False
151722,14,0.280427,-0.07041400000000003,0.349833,False,0.303128144092515,False
38033,14,0.35252,-0.06540200000000002,0.41630733333333336,False,0.23932888279821296,False
128351,14,0.323446,-0.064799,0.3870226666666667,False,0.1408772726610172,False
342871,14,0.359548,-0.060326000000000046,0.41947833333333334,False,0.17422915640021333,False
13912,14,0.282929,-0.07005500000000003,0.351853,False,0.29676486325643603,False
351129,14,0.354351,-0.08274499999999996,0.42768200000000006,True,0.6620704101447468,True
297365,14,0.354368,-0.061651999999999985,0.41488966666666666,False,0.1816749415388692,False
240570,14,0.349056,-0.06508200000000003,0.41307166666666667,False,0.2267782340582043,False
86317,14,0.379398,-0.061624999999999985,0.439625,False,0.1603039356514002,False
99561,14,0.38046,-0.060749,0.4403086666666667,False,0.1544995707692795,False
261740,14,0.331326,-0.06382100000000002,0.394412,False,0.1829589168297038,False
29971,14,0.402916,-0.05759199999999998,0.4596356666666666,False,0.2564652643741614,False
4101,14,0.347635,-0.08735299999999996,0.42540933333333336,True,0.8540852111515221,True
176472,14,0.352802,-0.06114599999999998,0.41535900000000003,False,0.18492602761696653,False
85669,14,0.360754,-0.06347999999999998,0.4230686666666667,False,0.1556158957716219,False
128393,14,0.408071,-0.060168,0.4669096666666667,False,0.17198089174464865,False
24702,14,0.29789,-0.06539899999999998,0.3629556666666667,False,0.14372815446945456,False
350152,14,0.422054,-0.055512000000000006,0.4770196666666666,False,0.26123416689521795,False
235514,14,0.392125,-0.06716100000000003,0.4554496666666667,True,0.301885476690546,False
213078,14,0.377804,-0.06140100000000004,0.4382803333333333,False,0.14809664742877768,False
285706,14,0.376702,-0.061758000000000035,0.43776733333333334,False,0.1573725710227958,False
360795,14,0.389831,-0.05843700000000002,0.44748733333333335,False,0.18814825328531387,False
105461,14,0.384341,-0.06149399999999999,0.4446866666666667,False,0.1418569124800804,False
266248,14,0.337379,-0.06406700000000004,0.400577,False,0.1865920926420958,False
195779,14,0.375648,-0.06188300000000002,0.435969,False,0.15835244645034294,False
84715,14,0.366657,-0.06129499999999999,0.4270703333333333,False,0.1480657422010859,False
131659,14,0.368275,-0.06096499999999999,0.42799366666666666,False,0.14209397990381475,False
367955,14,0.371089,-0.06024600000000002,0.4306213333333333,False,0.15900621282086735,False
170017,14,0.321872,-0.06717000000000001,0.387963,False,0.1936565996268462,False
225994,14,0.332715,-0.06334300000000004,0.3948583333333333,False,0.16710162527644423,False
266161,14,0.321821,-0.065388,0.3860996666666667,False,0.16784323595515388,False
83876,14,0.333627,-0.06452599999999997,0.3977566666666667,False,0.19411214447087752,False
29327,14,0.366994,-0.061744999999999994,0.427716,False,0.15767219056192383,False
247815,14,0.413239,-0.05935999999999997,0.471331,False,0.19206762046556322,False
149552,14,0.357796,-0.06301600000000002,0.4196496666666667,False,0.15115883050910875,False
68617,14,0.377289,-0.05995800000000001,0.4366643333333333,False,0.15530025334156394,False
65934,14,0.381578,-0.06731400000000004,0.44469166666666665,True,0.32099376273469193,False
289682,14,0.393317,-0.05937399999999998,0.4542013333333334,False,0.16846878980073476,False
353036,14,0.326606,-0.06341799999999997,0.39389133333333337,False,0.14999724704150916,False
36396,14,0.417779,-0.05653399999999997,0.4734956666666667,False,0.2465392203699163,False
138966,14,0.374084,-0.06280199999999997,0.43533566666666673,False,0.16246226119805862,False
63441,14,0.340775,-0.064386,0.4043193333333333,False,0.17371434616331408,False
129973,14,0.291925,-0.09327000000000002,0.37478799999999995,True,0.9240822661618628,True
185429,14,0.420765,-0.056804999999999994,0.4768543333333333,False,0.23774424327540547,False
308443,14,0.413344,-0.05831200000000003,0.47065333333333337,False,0.1905775480081297,False
227942,14,0.410834,-0.05893700000000002,0.4690273333333333,False,0.18529625178216608,False
117806,14,0.322035,-0.09365099999999998,0.405012,True,0.9205505848122765,True
319275,14,0.34753,-0.06354599999999999,0.41000533333333333,False,0.17776180022630578,False
146037,14,0.318754,-0.08000299999999999,0.3917913333333333,True,0.5604828222463636,False
324282,14,0.3238,-0.06548700000000002,0.388014,False,0.15683086002569657,False
112065,14,0.410721,-0.058336,0.4677636666666667,False,0.1895928673776348,False
51332,14,0.359676,-0.064639,0.4226646666666667,False,0.18942982383845872,False
262451,14,0.335078,-0.06530800000000003,0.39912566666666666,False,0.2120513739803429,False
338784,14,0.366698,-0.06290799999999996,0.4280356666666667,False,0.1509208945372613,False
185753,14,0.327374,-0.06606099999999998,0.39249399999999995,False,0.19878125127900653,False
351224,14,0.352168,-0.06015300000000001,0.42028466666666664,False,0.2030838057532733,False
36066,14,0.262783,-0.06697700000000001,0.335175,False,0.21552547011342774,False
318029,14,0.354037,-0.06351499999999999,0.41673833333333327,False,0.1776532217029105,False
126286,14,0.389777,-0.056502,0.44626799999999994,False,0.2808902417117734,False
112886,14,0.27383,-0.06878299999999998,0.34090400000000004,False,0.2841587350613458,False
296341,14,0.337817,-0.06415700000000002,0.40082166666666663,False,0.18851261342078332,False
68587,14,0.40269,-0.05935600000000002,0.4608563333333333,False,0.199432297529093,False
81030,14,0.372908,-0.057815000000000005,0.4374023333333334,False,0.27913254581984165,False
147721,14,0.424943,-0.05690899999999999,0.4812376666666667,False,0.24296210318285894,False
42982,14,0.331259,-0.064942,0.3948506666666667,False,0.18811207965701507,False
37220,14,0.410389,-0.05923800000000001,0.46822500000000006,False,0.18730526714736248,False
222077,14,0.31149,-0.066297,0.37670733333333334,False,0.16052914815900549,False
368857,14,0.326018,-0.06269200000000003,0.3877636666666667,False,0.15981725661266077,False
290049,14,0.398306,-0.056531,0.4544863333333333,False,0.2872049849386991,False
120031,14,0.356458,-0.06063600000000002,0.41675733333333337,False,0.18534323955621934,False
182981,14,0.377271,-0.06117699999999998,0.43696,False,0.14573110330276323,False
190306,14,0.372736,-0.061114,0.43235266666666666,False,0.14150345427629718,False
3407,14,0.30459,-0.085447,0.3816933333333334,True,0.7480367858377279,True
282746,14,0.356709,-0.06270900000000001,0.41855100000000006,False,0.1618149846141651,False
145852,14,0.381365,-0.06182599999999999,0.44196366666666664,False,0.16739396013821664,False
73495,14,0.37295,-0.05824400000000002,0.4356446666666667,False,0.2373430187341209,False
373790,14,0.389098,-0.06052400000000002,0.448499,False,0.14145350453418692,False
130825,14,0.4037,-0.06998100000000002,0.467854,True,0.4309953708079226,False
291382,14,0.363566,-0.063087,0.42550233333333337,False,0.13850779738286062,False
15622,14,0.242525,-0.07265900000000003,0.31418166666666664,False,0.3720646238930288,False
36287,14,0.39894,-0.05868899999999999,0.456337,False,0.19240301347029698,False
16663,14,0.35425,-0.06174599999999997,0.4145513333333333,False,0.1890267748811215,False
96200,14,0.387884,-0.059377999999999986,0.446175,False,0.15757398223661226,False
26522,14,0.384645,-0.060921999999999976,0.444164,False,0.14344640466493927,False
48390,14,0.357941,-0.05859599999999998,0.4183576666666666,False,0.2554557872427651,False
58650,14,0.370446,-0.06222,0.432047,False,0.15063563955199308,False
49453,14,0.348133,-0.062691,0.4102516666666667,False,0.1627573323919783,False
85277,14,0.314488,-0.06543500000000002,0.3786426666666667,False,0.15268423402620673,False
221777,14,0.389436,-0.06147999999999998,0.449638,False,0.14891156312772158,False
60058,14,0.282648,-0.083447,0.35976433333333335,True,0.6993668852195194,True
194081,14,0.358546,-0.062024000000000024,0.41928566666666667,False,0.15473846316438336,False
53736,14,0.300798,-0.06971699999999997,0.3686833333333333,False,0.2645854592385386,False
231649,14,0.407527,-0.05734100000000003,0.463384,False,0.24635719726242886,False
367671,14,0.393095,-0.06044099999999997,0.45197133333333334,False,0.14690195276206816,False
39449,14,0.315861,-0.064699,0.37907566666666664,False,0.15581686661107813,False
187595,14,0.344079,-0.06314799999999998,0.40642833333333334,False,0.15879311523911685,False
137340,14,0.273679,-0.09121200000000002,0.35573699999999997,True,0.9084725626503106,True
57487,14,0.282788,-0.07240800000000003,0.35314566666666664,False,0.36158991640203864,False
239717,14,0.381833,-0.058418000000000025,0.4474,False,0.21815131442481042,False
73206,14,0.376277,-0.061656000000000044,0.4366813333333333,False,0.14986327657952286,False
356664,14,0.414009,-0.05709399999999998,0.472634,False,0.24783430156210692,False
198461,14,0.324845,-0.06447000000000003,0.38813366666666665,False,0.16339207148614188,False
54309,14,0.321295,-0.079183,0.3941776666666667,True,0.5366874728921209,False
241331,14,0.384173,-0.06029100000000004,0.443127,False,0.1475131007177478,False
69445,14,0.378402,-0.062185999999999964,0.43924499999999994,False,0.1668961305423574,False
266171,14,0.38103,-0.05727300000000002,0.43675366666666665,False,0.2873905656318526,False
26289,14,0.310312,-0.06474000000000002,0.37387,False,0.136174271413498,False
80132,14,0.31474,-0.06475599999999998,0.37886266666666674,False,0.15156257988448738,False
3770,14,0.330097,-0.06517300000000004,0.39417066666666667,False,0.18017333550169257,False
107090,14,0.33004,-0.07879399999999998,0.4026133333333333,True,0.5393192881653955,False
97425,14,0.324592,-0.06511899999999998,0.38849533333333336,False,0.1539220086306632,False
116619,14,0.405076,-0.054894,0.4600386666666667,False,0.31933979933674655,False
56117,14,0.360975,-0.06318600000000002,0.4224236666666667,False,0.14854525183665257,False
240273,14,0.377278,-0.07271699999999998,0.44431033333333336,True,0.46573131075149604,False
342598,14,0.285809,-0.08284200000000003,0.36749633333333337,True,0.6617090796271354,True
237881,14,0.348127,-0.062132999999999994,0.40951333333333334,False,0.1880848591306567,False
177892,14,0.35811,-0.06337700000000002,0.420193,False,0.15463197945903068,False
44907,14,0.322476,-0.06439600000000001,0.3860436666666667,False,0.1560358593477262,False
346692,14,0.395933,-0.05876600000000004,0.45423566666666665,False,0.1861013580152133,False
282789,14,0.338042,-0.06483,0.4013933333333333,False,0.18878263883540292,False
47662,14,0.351943,-0.064473,0.415306,False,0.20502687096090663,False
325405,14,0.323271,-0.06331200000000003,0.39084366666666664,False,0.13006401622292482,False
82920,14,0.355118,-0.06276999999999999,0.41719733333333336,False,0.16822012015919705,False
81516,14,0.352176,-0.064834,0.41577233333333335,False,0.21843798699747338,False
20916,14,0.35076,-0.06385399999999997,0.41358,False,0.18779555535847536,False
49123,14,0.249986,-0.071522,0.32086733333333334,False,0.31742418499965014,False
89725,14,0.370879,-0.059448,0.429607,False,0.18725379434657063,False
201728,14,0.326716,-0.063438,0.38884500000000005,False,0.14731237739943148,False
172103,14,0.382022,-0.057730000000000004,0.43857300000000005,False,0.28342966186949464,False
141530,14,0.385759,-0.05690299999999998,0.44214200000000003,False,0.2926353320798785,False
122049,14,0.378456,-0.06059700000000001,0.43812233333333334,False,0.16325858932705695,False
229690,14,0.32865,-0.06212899999999999,0.3898093333333333,False,0.19799282250788353,False
247974,14,0.354369,-0.06237300000000001,0.415802,False,0.19002122725098564,False
30369,14,0.349756,-0.06356200000000001,0.412252,False,0.1730618871449629,False
191277,14,0.389148,-0.059958999999999985,0.448228,False,0.14262972227273832,False
306012,14,0.370843,-0.06259700000000001,0.43211400000000005,False,0.15129444472161568,False
209400,14,0.303081,-0.066523,0.36842166666666665,False,0.16351643378077127,False
31959,14,0.317591,-0.07996399999999998,0.3909103333333333,True,0.5512376345857859,False
85197,14,0.384697,-0.06070300000000001,0.444856,False,0.13482513306712915,False
117026,14,0.214786,-0.07599700000000001,0.28940899999999997,False,0.4482055961004857,False
357599,14,0.408101,-0.07147700000000001,0.47430700000000003,True,0.44149978894292885,False
193575,14,0.307439,-0.06589999999999996,0.3724256666666667,False,0.1435145224675509,False
177254,14,0.344162,-0.07784399999999997,0.414546,True,0.5499325210344533,False
279291,14,0.312689,-0.06595099999999998,0.37740666666666667,False,0.14747854161969912,False
347011,14,0.386648,-0.058288000000000006,0.44456366666666663,False,0.20580089887921468,False
55789,14,0.410489,-0.05768000000000001,0.46696733333333335,False,0.22224643188617008,False
277408,14,0.383364,-0.059834,0.442004,False,0.17292798228145745,False
140373,14,0.332997,-0.063498,0.39542933333333335,False,0.17342566634612455,False
240870,14,0.315367,-0.06607199999999996,0.380275,False,0.17296340765705823,False
188208,14,0.30807,-0.067573,0.378179,False,0.18870554917775248,False
120087,14,0.341735,-0.06401299999999999,0.40436500000000003,False,0.17627535220769916,False
312690,14,0.363604,-0.062388,0.42490333333333336,False,0.1518457793241487,False
207505,14,0.354483,-0.060365,0.41452333333333335,False,0.20663891899617667,False
80131,14,0.374419,-0.05861899999999998,0.43245233333333327,False,0.21405899931355557,False
114137,14,0.354576,-0.07783200000000001,0.4263443333333334,True,0.5647771436850217,False
139893,14,0.39235,-0.08277400000000001,0.4659246666666667,True,0.7052213875919675,True
204693,14,0.349988,-0.06369799999999998,0.41292100000000004,False,0.19181988267985184,False
332547,14,0.382216,-0.060018000000000016,0.44187166666666666,False,0.1698533298471776,False
82540,14,0.35075,-0.06366099999999997,0.41312566666666667,False,0.18206805108709148,False
38409,14,0.356883,-0.06334200000000001,0.41957400000000006,False,0.17362164256515172,False
124782,14,0.365521,-0.06206400000000001,0.4266643333333333,False,0.15075624567090845,False
51599,14,0.381508,-0.05846000000000001,0.44568366666666664,False,0.20550763599917624,False
302100,14,0.387294,-0.057655999999999985,0.44385399999999997,False,0.24682846742389453,False
184101,14,0.37954,-0.06284300000000004,0.44054600000000005,False,0.17549764434840093,False
303520,14,0.388898,-0.06048999999999999,0.44830533333333333,False,0.14812216965579478,False
33568,14,0.388269,-0.05896600000000002,0.446404,False,0.17291839032994116,False
334993,14,0.323031,-0.06387100000000001,0.38545566666666664,False,0.1735533735643804,False
216161,14,0.355849,-0.062778,0.41780766666666674,False,0.16822012015919705,False
48896,14,0.39789,-0.05920799999999998,0.455521,False,0.18474355600378078,False
292002,14,0.38873,-0.059197,0.45138933333333336,False,0.18456920437578245,False
306491,14,0.399876,-0.06084499999999998,0.45882399999999995,False,0.15398532190626765,False
6019,14,0.361998,-0.06153400000000003,0.422434,False,0.1388586503994402,False
73158,14,0.368562,-0.06109500000000001,0.42829066666666665,False,0.14357850237358524,False
264951,14,0.333411,-0.06327299999999997,0.402635,False,0.16735401968201627,False
347806,14,0.35092,-0.075911,0.42100866666666664,True,0.5218393170686674,False
199295,14,0.31864,-0.06514200000000003,0.38296066666666667,False,0.16084408699660357,False
249974,14,0.373243,-0.06121900000000002,0.4341706666666667,False,0.15637228829839378,False
1130,14,0.330747,-0.06279000000000001,0.3927316666666667,False,0.16127296576524056,False
138091,14,0.363692,-0.06253700000000001,0.42516766666666667,False,0.14768699751055572,False
324734,14,0.400445,-0.058076000000000016,0.45791866666666664,False,0.23500926447481837,False
14470,14,0.356366,-0.06098199999999998,0.41642433333333334,False,0.17263240358271173,False
254615,14,0.425085,-0.05603400000000003,0.4804536666666667,False,0.2543428656828577,False
371112,14,0.368092,-0.060409000000000046,0.4271973333333334,False,0.16316391145717182,False
52418,14,0.386473,-0.06030799999999997,0.44500199999999995,False,0.13958722422149178,False
156960,14,0.356944,-0.06042900000000001,0.4164486666666667,False,0.19247706735883552,False
139042,14,0.375618,-0.06218299999999999,0.4368636666666667,False,0.1579185721641895,False
346047,14,0.371048,-0.060834,0.43086633333333335,False,0.1345316911413999,False
111477,14,0.351637,-0.07426000000000005,0.42280333333333336,True,0.4560852053072475,False
369972,14,0.402464,-0.058455000000000035,0.4599856666666667,False,0.1943001683533192,False
21930,14,0.368659,-0.06200800000000001,0.4295723333333334,False,0.14930210228777355,False
352159,14,0.350247,-0.06318800000000002,0.41264233333333333,False,0.16231711923794473,False
111043,14,0.353924,-0.06279299999999999,0.4160006666666667,False,0.16264948474243857,False
145684,14,0.363116,-0.07491999999999999,0.432244,True,0.5020956116456723,False
282579,14,0.398373,-0.05737600000000004,0.454877,False,0.2507767245025153,False
70407,14,0.369494,-0.05992999999999998,0.431841,False,0.16906634943190885,False
316526,14,0.378585,-0.06122899999999998,0.43953133333333333,False,0.15664063137479606,False
83707,14,0.354086,-0.06331300000000001,0.41704233333333335,False,0.16569569635644937,False
138403,14,0.335728,-0.06420899999999996,0.39909766666666663,False,0.184847215581692,False
53893,14,0.284286,-0.06418000000000001,0.3481046666666667,False,0.1955270925024595,False
193738,14,0.381311,-0.06171599999999999,0.44202800000000003,False,0.16569691920839325,False
178349,14,0.275468,-0.07006099999999998,0.344493,False,0.294813289863599,False
56673,14,0.398917,-0.05894299999999997,0.45718166666666665,False,0.1821811718066769,False
281137,14,0.414691,-0.05879800000000002,0.472347,False,0.19708762572005692,False
295170,14,0.396777,-0.05855199999999999,0.454037,False,0.1846098846849455,False
106743,14,0.347853,-0.059894,0.4065986666666667,False,0.2123994778511654,False
336048,14,0.26118,-0.07377699999999998,0.333642,False,0.37925503813488015,False
290048,14,0.394544,-0.07278099999999998,0.4617796666666667,True,0.4802843407004411,False
232328,14,0.389892,-0.059087999999999974,0.44775000000000004,False,0.17446338946656975,False
136716,14,0.373723,-0.060348999999999986,0.432836,False,0.1540363734321343,False
142788,14,0.416109,-0.05710900000000002,0.47281233333333333,False,0.23787701081079335,False
183321,14,0.373413,-0.06144700000000003,0.43431833333333336,False,0.1573992953569757,False
35924,14,0.371903,-0.06071900000000002,0.432161,False,0.13853821940399785,False
139258,14,0.381973,-0.059491000000000016,0.44014766666666666,False,0.19452358205312428,False
110140,14,0.35665,-0.06325999999999998,0.418054,False,0.1648600480249099,False
345899,14,0.419258,-0.057237999999999956,0.475381,False,0.20615768608311677,False
42001,14,0.362478,-0.061664,0.4282166666666667,False,0.14287963564338207,False
258744,14,0.337895,-0.061809999999999976,0.40424,False,0.20810634302117065,False
330879,14,0.402606,-0.056728999999999974,0.45858166666666667,False,0.2911975635573861,False
367696,14,0.267654,-0.070459,0.33624866666666664,False,0.31768486128953843,False
149415,14,0.405671,-0.05751400000000001,0.46236733333333335,False,0.23948515145869234,False
198691,14,0.315586,-0.06282600000000005,0.38725133333333334,False,0.1523569057708414,False
36466,14,0.388978,-0.05991200000000002,0.4478816666666667,False,0.15017067172191761,False
81158,14,0.420316,-0.05585599999999996,0.4755746666666667,False,0.2429874658424792,False
104248,14,0.331809,-0.08061399999999996,0.4059836666666667,True,0.5935503759069927,False
99829,14,0.317657,-0.066938,0.38698933333333335,False,0.17757923063050246,False
110615,14,0.38076,-0.059618000000000004,0.43962366666666663,False,0.18332700515097108,False
157284,14,0.323562,-0.06448699999999996,0.386966,False,0.15836637036583395,False
138656,14,0.363465,-0.061802000000000024,0.424547,False,0.14946195827621844,False
94036,14,0.285438,-0.06844499999999998,0.352891,False,0.26170681657749834,False
274088,14,0.376506,-0.06031500000000001,0.4363356666666667,False,0.15249472617592436,False
215856,14,0.325021,-0.06656600000000001,0.39013433333333336,False,0.19077808496260054,False
263638,14,0.360124,-0.06295600000000001,0.4221276666666667,False,0.15012096789505652,False
130970,14,0.326126,-0.06162899999999999,0.386868,False,0.2057972846637339,False
308944,14,0.237069,-0.074493,0.3106216666666667,False,0.4365698053220652,False
344652,14,0.358111,-0.06431999999999999,0.421491,False,0.18785952217925966,False
327837,14,0.363936,-0.062307,0.42532299999999995,False,0.15496676059481856,False
285929,14,0.328414,-0.06557000000000002,0.3933516666666666,False,0.19288398578759772,False
128075,14,0.356559,-0.063114,0.41871366666666665,False,0.16852856536755212,False
62855,14,0.325869,-0.063857,0.38841166666666666,False,0.16572230467078192,False
209186,14,0.395601,-0.06048100000000001,0.45497799999999994,False,0.14408904396102684,False
349665,14,0.400829,-0.05776399999999998,0.45778633333333335,False,0.24738368355311952,False
110430,14,0.364626,-0.06769399999999998,0.4286636666666667,True,0.3065844587012421,False
66818,14,0.378741,-0.06137199999999998,0.4390903333333333,False,0.15505550692192407,False
286046,14,0.355728,-0.06114000000000003,0.416842,False,0.18208896353179962,False
156471,14,0.379776,-0.060836,0.4397423333333333,False,0.15791325472141735,False
173239,14,0.365851,-0.06036400000000003,0.42549466666666663,False,0.1623085076605541,False
196038,14,0.328567,-0.06448300000000001,0.391913,False,0.17826620743818292,False
305402,14,0.412344,-0.05592600000000003,0.46750866666666663,False,0.2832316362984096,False
200562,14,0.397134,-0.05863800000000002,0.455128,False,0.1889061422343531,False
200078,14,0.410197,-0.058842000000000005,0.46835166666666667,False,0.19281231712268387,False
16829,14,0.385319,-0.05991999999999997,0.4442913333333333,False,0.1484781314760576,False
179768,14,0.381939,-0.061000000000000054,0.44264466666666663,False,0.15881358512300542,False
290771,14,0.406904,-0.05654999999999999,0.4625066666666666,False,0.2973008787145814,False
121981,14,0.34629,-0.06189100000000003,0.4068863333333333,False,0.1901758177241695,False
254798,14,0.316294,-0.065301,0.379926,False,0.16196631332881753,False
165388,14,0.300159,-0.06650499999999998,0.3659866666666667,False,0.16267054306648474,False
311969,14,0.417923,-0.057713000000000014,0.4745443333333334,False,0.19618852383848662,False
41833,14,0.340902,-0.06289,0.40342133333333335,False,0.15996010967443147,False
221187,14,0.389966,-0.060360000000000025,0.44918600000000003,False,0.14114584151748769,False
119484,14,0.335643,-0.06477299999999997,0.39871533333333337,False,0.1877518007741049,False
115574,14,0.404611,-0.05945499999999998,0.4632813333333334,False,0.18356502138938252,False
309588,14,0.329474,-0.06581500000000001,0.3935916666666666,False,0.19281045540427555,False
208910,14,0.313758,-0.06356200000000001,0.38127666666666665,False,0.15647251078717367,False
16469,14,0.376131,-0.061161999999999994,0.43631333333333333,False,0.14770457940037132,False
4883,14,0.31991,-0.066712,0.3855006666666667,False,0.19608340785777884,False
87194,14,0.353251,-0.06187600000000004,0.4142843333333333,False,0.19185238809910712,False
186264,14,0.313196,-0.06585200000000002,0.37785633333333335,False,0.1489667084429605,False
109842,14,0.305639,-0.06792900000000002,0.3734653333333333,False,0.2108274030933466,False
20836,14,0.419432,-0.05685599999999996,0.47525866666666666,False,0.23166275413547122,False
60472,14,0.373376,-0.059259000000000006,0.431303,False,0.20221328537332803,False
256170,14,0.338875,-0.06659100000000001,0.40398966666666664,False,0.24872070413241565,False
249184,14,0.329102,-0.06467200000000001,0.3929476666666667,False,0.167598309339545,False
320695,14,0.349186,-0.06459700000000002,0.4122223333333333,False,0.20943694782375066,False
352157,14,0.348958,-0.06350300000000003,0.4118036666666667,False,0.1786472809743706,False
100814,14,0.240711,-0.073936,0.31326533333333334,False,0.3950519440688268,False
115141,14,0.339429,-0.06571100000000002,0.4038913333333333,False,0.2068517683336924,False
164981,14,0.381626,-0.061278,0.441486,False,0.16224558226626162,False
30662,14,0.314507,-0.064921,0.3786946666666666,False,0.1468366739879142,False
283423,14,0.354792,-0.06359900000000002,0.41689966666666667,False,0.18477399416550971,False
335243,14,0.339015,-0.06365300000000002,0.401808,False,0.17655986784749247,False
276653,14,0.292289,-0.06742999999999999,0.35877700000000007,False,0.1807147394722568,False
174879,14,0.394097,-0.05735700000000005,0.45072833333333334,False,0.263157662229355,False
34701,14,0.142864,-0.08332800000000001,0.22492233333333334,False,0.6837099755755427,True
139973,14,0.40139,-0.05915199999999998,0.45962433333333336,False,0.19269531834171486,False
1858,14,0.397486,-0.05766300000000002,0.45700633333333335,False,0.26185138865060537,False
354785,14,0.284883,-0.06942900000000002,0.353777,False,0.30019533430246664,False
144194,14,0.160456,-0.08446200000000001,0.2430726666666667,False,0.6818059023094935,True
161616,15,0.31078,-0.064409,0.37419766666666665,False,0.15367738955704222,False
221846,15,0.353864,-0.05858599999999997,0.411322,False,0.29144710940780577,False
84698,15,0.334105,-0.05911500000000003,0.39269966666666667,False,0.28528218345487955,False
114629,15,0.226138,-0.06922,0.30119466666666667,False,0.27339367547021953,False
83465,15,0.304438,-0.06489800000000001,0.368335,False,0.13979171007621613,False
369398,15,0.265325,-0.06624800000000003,0.33052966666666667,False,0.18359895575248267,False
13112,15,0.270003,-0.06892599999999999,0.33807366666666666,False,0.29089028415644275,False
235202,15,0.33709,-0.07338,0.40464866666666666,True,0.4136453092666071,False
104286,15,0.311868,-0.060916000000000026,0.3722086666666667,False,0.22455909288683837,False
224231,15,0.365981,-0.05851200000000001,0.42402366666666663,False,0.2334055203983034,False
12995,15,0.323318,-0.06037799999999999,0.38242266666666663,False,0.2500659515982673,False
74905,15,0.223982,-0.07316000000000003,0.295832,False,0.3558346689938102,False
294254,15,0.150256,-0.100634,0.240649,True,0.9397948453143483,True
265229,15,0.325486,-0.06007499999999999,0.38770066666666664,False,0.2353805997356647,False
366026,15,0.146266,-0.079261,0.224612,False,0.48947393758376423,False
269565,15,0.312958,-0.06382399999999999,0.37553600000000004,False,0.17776853004172224,False
242550,15,0.333849,-0.061126000000000014,0.39401933333333333,False,0.22136936811981264,False
82704,15,0.310728,-0.06458999999999998,0.37427733333333335,False,0.1421023500243856,False
213416,15,0.300012,-0.065216,0.364406,False,0.14375921467289113,False
45580,15,0.212918,-0.072525,0.28417166666666666,False,0.34867603520391555,False
280043,15,0.202161,-0.07428199999999999,0.27495166666666665,False,0.35738102876142736,False
50707,15,0.111567,-0.081762,0.192254,False,0.5411161002336697,False
28401,15,0.330094,-0.061763999999999986,0.394136,False,0.2072113926243194,False
33306,15,0.227225,-0.070214,0.2968576666666667,False,0.2800567453051552,False
23114,15,0.256248,-0.07057400000000003,0.3251676666666667,False,0.31293462663176713,False
114987,15,0.271373,-0.06675800000000004,0.33739366666666665,False,0.21384887530062552,False
325666,15,0.366457,-0.05991300000000005,0.4253693333333333,False,0.16993379160262836,False
92826,15,0.323819,-0.06036199999999997,0.38408166666666665,False,0.2500659515982673,False
165868,15,0.255606,-0.089534,0.3365913333333333,True,0.8873238082739001,True
306277,15,0.313435,-0.06400099999999997,0.37614733333333333,False,0.1718271716957848,False
219949,15,0.187628,-0.07508499999999999,0.26159099999999996,False,0.3812130874336033,False
81499,15,0.309132,-0.065131,0.37347766666666665,False,0.1388153442351565,False
278463,15,0.325011,-0.06240499999999999,0.3871036666666667,False,0.18163418242853696,False
180331,15,0.171261,-0.076927,0.2468813333333333,False,0.4355595027958867,False
294076,15,0.335645,-0.06312599999999996,0.39738866666666667,False,0.16963941277910155,False
160007,15,0.305622,-0.06254799999999999,0.36746366666666663,False,0.17983206666031074,False
288528,15,0.289537,-0.06515100000000001,0.3538426666666667,False,0.14906995484785682,False
125541,15,0.301292,-0.06466299999999997,0.365081,False,0.13354281665786205,False
271358,15,0.29573,-0.06657099999999999,0.36072299999999996,False,0.1695726167424559,False
165767,15,0.29102,-0.06417099999999998,0.35401666666666665,False,0.1749574518667014,False
52953,15,0.211345,-0.07533600000000001,0.285174,False,0.4183949670965319,False
57288,15,0.331916,-0.058547000000000016,0.39025,False,0.28541067973851497,False
116876,15,0.271738,-0.06253700000000001,0.3384993333333333,False,0.2655254050479391,False
356263,15,0.296641,-0.060750000000000026,0.35654633333333335,False,0.2548541745744068,False
129087,15,0.336782,-0.061327999999999994,0.39741133333333334,False,0.21422644440477517,False
174160,15,0.333172,-0.06097799999999998,0.3931066666666667,False,0.21829613396613412,False
155560,15,0.316698,-0.08075700000000002,0.389647,True,0.5614575112585996,False
93665,15,0.335345,-0.05999100000000002,0.39494433333333334,False,0.24824653253260195,False
58485,15,0.258482,-0.06714200000000003,0.324666,False,0.20749081932634392,False
10211,15,0.311244,-0.06201799999999996,0.371958,False,0.1966578578959155,False
18889,15,0.31548,-0.06351200000000001,0.3781933333333333,False,0.17307031143078525,False
245392,15,0.26888,-0.08728199999999997,0.348036,True,0.8501505103269508,True
354005,15,0.303082,-0.07649899999999998,0.37836733333333333,True,0.4701103284051775,False
315631,15,0.132991,-0.08091500000000001,0.21263933333333332,False,0.5307845331067974,False
131813,15,0.28857,-0.065546,0.3526766666666667,False,0.1589575058172368,False
99724,15,0.294202,-0.06552199999999997,0.3619756666666667,False,0.1476587339696409,False
215535,15,0.345307,-0.062417,0.4063293333333333,False,0.17205617617151447,False
351364,15,0.289715,-0.06481300000000001,0.353591,False,0.14672491857489497,False
26633,15,0.329626,-0.06243800000000005,0.3910153333333333,False,0.16219114831529163,False
146002,15,0.321605,-0.062755,0.3833823333333333,False,0.16492527347515024,False
124118,15,0.28032,-0.06715399999999999,0.3461806666666667,False,0.20845606124113594,False
209546,15,0.317047,-0.06298799999999999,0.3794496666666667,False,0.16474666335828292,False
293540,15,0.321759,-0.064131,0.3843923333333333,False,0.17446913602464756,False
130111,15,0.293131,-0.06576800000000005,0.35724533333333336,False,0.15096732479250916,False
1701,15,0.248172,-0.070905,0.31764333333333333,False,0.31433131083560223,False
24025,15,0.113125,-0.080956,0.19317166666666666,False,0.5124739213184437,False
211694,15,0.346307,-0.05987600000000004,0.40577900000000006,False,0.21433997314021655,False
101255,15,0.352763,-0.059057000000000026,0.41243266666666667,False,0.2725166045041249,False
299391,15,0.279608,-0.06436999999999998,0.343229,False,0.19259703645860282,False
139883,15,0.340106,-0.06303999999999998,0.401681,False,0.16245059247941113,False
238555,15,0.332965,-0.08147899999999997,0.406787,True,0.6412982458326543,True
221333,15,0.27903,-0.06715500000000002,0.34498633333333334,False,0.2121088367412323,False
30741,15,0.255899,-0.06799100000000002,0.3237006666666667,False,0.23705292370362924,False
123314,15,0.275791,-0.067363,0.34273,False,0.21604122032019105,False
119325,15,0.283926,-0.065716,0.3485993333333333,False,0.16632874760721464,False
86574,15,0.328917,-0.06201200000000001,0.38976533333333335,False,0.19191368947659967,False
341911,15,0.279466,-0.06795299999999999,0.34636500000000003,False,0.24440803268876277,False
30866,15,0.305445,-0.06339099999999998,0.3676473333333334,False,0.15851221645621788,False
340723,15,0.339915,-0.062027,0.4005343333333333,False,0.1846991997883522,False
332911,15,0.314968,-0.082123,0.3892043333333333,True,0.61067486340841,False
211089,15,0.301928,-0.06295800000000001,0.36422899999999997,False,0.16358790817656538,False
281527,15,0.338186,-0.061645000000000005,0.398843,False,0.19516625956247674,False
164419,15,0.288127,-0.063967,0.356595,False,0.18459311983039825,False
334030,15,0.236949,-0.06819,0.304074,False,0.2549478026299912,False
213058,15,0.327937,-0.062119000000000035,0.38939666666666667,False,0.19463603023937823,False
350737,15,0.324156,-0.05901099999999998,0.38318,False,0.2839397000048934,False
22780,15,0.207743,-0.07478999999999997,0.28111766666666665,False,0.40106144821661477,False
112321,15,0.303808,-0.06240499999999999,0.3655186666666667,False,0.18830043200336927,False
281168,15,0.349561,-0.06684299999999999,0.41321666666666673,True,0.2922867913398373,False
53587,15,0.287729,-0.06703999999999999,0.35367166666666666,False,0.1928741547755416,False
139041,15,0.349265,-0.06006,0.4083813333333333,False,0.20939502408286365,False
199191,15,0.306267,-0.06403199999999998,0.36937966666666666,False,0.16868745954813671,False
338428,15,0.259621,-0.06519200000000003,0.323887,False,0.1833344465550967,False
48625,15,0.238842,-0.06676100000000001,0.3094343333333333,False,0.24129375105173442,False
297458,15,0.351673,-0.05959900000000001,0.4102916666666667,False,0.23613347634949808,False
137752,15,0.291564,-0.065498,0.35878433333333337,False,0.14023237568773342,False
229734,15,0.228938,-0.06889999999999999,0.29756299999999997,False,0.2547372060407314,False
244855,15,0.262241,-0.08323900000000001,0.33880133333333334,True,0.6700196166924556,True
264979,15,0.255455,-0.06725900000000001,0.32162966666666665,False,0.22121995005824985,False
314019,15,0.221137,-0.07069800000000001,0.3003493333333333,False,0.3138633529925579,False
104633,15,0.329176,-0.059709999999999985,0.38780833333333337,False,0.24638612726683082,False
284266,15,0.240824,-0.06904399999999997,0.30945933333333336,False,0.2876742379573812,False
277317,15,0.274332,-0.065222,0.3460126666666667,False,0.16434604309921125,False
289428,15,0.264359,-0.065664,0.328727,False,0.1751752489837839,False
288255,15,0.346033,-0.06006,0.40553799999999995,False,0.21433997314021655,False
67314,15,0.25836,-0.06477500000000003,0.331656,False,0.201459603574398,False
219794,15,0.338674,-0.06096900000000005,0.39901566666666666,False,0.20193051498716746,False
130367,15,0.303869,-0.06381900000000001,0.3673326666666667,False,0.1728028036372103,False
335544,15,0.219252,-0.07183299999999998,0.29340133333333335,False,0.30982661883995266,False
123930,15,0.222652,-0.06837000000000001,0.2955423333333333,False,0.21483513740384064,False
236708,15,0.261435,-0.07059500000000002,0.330451,False,0.3178498646282743,False
146068,15,0.312311,-0.06097399999999997,0.37277333333333335,False,0.22455909288683837,False
298673,15,0.303379,-0.06313399999999997,0.3657513333333333,False,0.15554420641619696,False
207425,15,0.31984,-0.06190200000000001,0.3836853333333334,False,0.21158999066474174,False
328962,15,0.117047,-0.07792800000000001,0.193532,False,0.42672362594361973,False
145738,15,0.263355,-0.06919999999999998,0.3313236666666666,False,0.28397418262053564,False
146341,15,0.33344,-0.05984299999999998,0.39252333333333334,False,0.25028390997760497,False
138873,15,0.164204,-0.07416900000000001,0.238069,False,0.34817252488226724,False
191182,15,0.210887,-0.07219500000000001,0.28152266666666664,False,0.33039518717354127,False
256131,15,0.342512,-0.06162000000000001,0.40296899999999997,False,0.18225570525058263,False
158606,15,0.286583,-0.064967,0.3558753333333333,False,0.15569266919827213,False
115457,15,0.308088,-0.06240800000000002,0.3696026666666667,False,0.1827646689778817,False
281875,15,0.265289,-0.08177800000000002,0.3406116666666667,True,0.6128892438429178,False
129303,15,0.290538,-0.06595199999999996,0.35531766666666664,False,0.16019296972377303,False
267138,15,0.338144,-0.06006,0.3978713333333333,False,0.23218447646166224,False
169951,15,0.327656,-0.06064599999999998,0.38734033333333334,False,0.22367879190473558,False
164722,15,0.356378,-0.058204000000000033,0.41372733333333334,False,0.30421159670254827,False
356768,15,0.164197,-0.077403,0.24057933333333334,False,0.4589811165823913,False
254496,15,0.259859,-0.06757099999999999,0.32584233333333334,False,0.2048162310202574,False
35337,15,0.249869,-0.065336,0.314657,False,0.2127224482326324,False
58369,15,0.334524,-0.06193799999999999,0.39581466666666665,False,0.20143885328205194,False
12406,15,0.36004,-0.05813299999999999,0.41761766666666666,False,0.2778330779885056,False
345496,15,0.261505,-0.06651200000000002,0.3271386666666667,False,0.18758415119176647,False
153878,15,0.278561,-0.068355,0.34535866666666665,False,0.26205519483141476,False
210325,15,0.232254,-0.06878500000000001,0.2998746666666667,False,0.2537983710059105,False
125140,15,0.333599,-0.06495900000000004,0.39704266666666665,False,0.19266216249796297,False
41313,15,0.262443,-0.06623300000000004,0.3279996666666667,False,0.18071417357120279,False
255155,15,0.289309,-0.06555,0.35356699999999996,False,0.1534214293648027,False
127400,15,0.305442,-0.065641,0.3701433333333333,False,0.1446317739849867,False
246777,15,0.357961,-0.059002,0.4161143333333333,False,0.23983131021162826,False
302698,15,0.292149,-0.06349300000000002,0.354909,False,0.18450949193252777,False
111754,15,0.255708,-0.07553300000000002,0.32700266666666666,True,0.42951922008831284,False
20302,15,0.331973,-0.059564000000000006,0.39557766666666666,False,0.2682472813482736,False
284802,15,0.280335,-0.06583800000000001,0.3451343333333334,False,0.1769642964889016,False
305939,15,0.299733,-0.07750299999999999,0.37153600000000003,True,0.4902641367715307,False
163429,15,0.333101,-0.0605,0.3927096666666667,False,0.24141879693450322,False
278058,15,0.259825,-0.06502000000000002,0.324291,False,0.1818230348550182,False
221571,15,0.275014,-0.06829299999999999,0.342643,False,0.25350251898480197,False
78147,15,0.355887,-0.061456999999999984,0.415793,False,0.18894324361126,False
173617,15,0.323922,-0.06313600000000003,0.386312,False,0.1460017893041558,False
138685,15,0.241087,-0.069361,0.30960966666666667,False,0.29393686175960065,False
290414,15,0.218488,-0.071632,0.289027,False,0.3036199268786019,False
358375,15,0.253779,-0.069158,0.32187366666666667,False,0.2694056488513445,False
35631,15,0.323713,-0.063112,0.3857753333333333,False,0.15231598668290494,False
337039,15,0.349003,-0.05917899999999998,0.41007299999999997,False,0.2602578379783269,False
267075,15,0.308894,-0.07429399999999997,0.3785226666666666,True,0.3559010262014456,False
29821,15,0.287792,-0.06228699999999998,0.35570366666666664,False,0.227171974510712,False
294318,15,0.293279,-0.06551799999999997,0.3575486666666667,False,0.14495520631257383,False
39523,15,0.350887,-0.061923000000000006,0.4112036666666667,False,0.17823582163953455,False
77643,15,0.324457,-0.07667400000000002,0.3948476666666667,True,0.5016854520833302,False
237717,15,0.349602,-0.058403999999999956,0.4073993333333334,False,0.2822440316769678,False
5069,15,0.289392,-0.06438100000000002,0.3531073333333333,False,0.16184899019674898,False
11028,15,0.308253,-0.061495999999999995,0.3690276666666667,False,0.22741348188321803,False
303657,15,0.222736,-0.06769900000000001,0.298697,False,0.2274660224698537,False
311699,15,0.283799,-0.066579,0.3498023333333333,False,0.191649375111479,False
242357,15,0.169064,-0.074265,0.24805466666666665,False,0.3499492915891307,False
120646,15,0.301408,-0.061273999999999995,0.3698343333333334,False,0.23250041377568353,False
312417,15,0.299506,-0.064137,0.3626493333333333,False,0.1613039601018705,False
224622,15,0.238867,-0.071544,0.30932,False,0.3509062234023048,False
357412,15,0.349683,-0.06015499999999996,0.40941366666666673,False,0.2080488469309943,False
198943,15,0.285252,-0.068465,0.35212400000000005,False,0.26826028089407056,False
252370,15,0.325065,-0.06282599999999999,0.38677866666666666,False,0.15534542218195171,False
332523,15,0.308547,-0.06456200000000001,0.37237933333333334,False,0.1424101472666573,False
145060,15,0.290829,-0.06558799999999998,0.35503533333333337,False,0.1506860622446824,False
37435,15,0.286101,-0.06536400000000003,0.35084133333333334,False,0.16229229598505487,False
282713,15,0.337226,-0.05935999999999997,0.3955363333333333,False,0.2689792523085351,False
289239,15,0.345498,-0.058986999999999956,0.4036686666666667,False,0.2623229342327713,False
360446,15,0.326398,-0.062367000000000006,0.388078,False,0.18026322663684177,False
189600,15,0.242238,-0.06757999999999997,0.3091433333333333,False,0.24148319377038005,False
299,15,0.314878,-0.06394900000000003,0.37824366666666664,False,0.17935161182611445,False
225332,15,0.275518,-0.06637100000000001,0.3409526666666667,False,0.19697173527209363,False
31778,15,0.311983,-0.06401099999999998,0.3755713333333333,False,0.1718271716957848,False
60517,15,0.261248,-0.08497100000000002,0.33909266666666665,True,0.7598559496056528,True
58654,15,0.35674,-0.059412999999999994,0.419881,False,0.2320291817428989,False
153709,15,0.335767,-0.062350000000000017,0.3975666666666666,False,0.19601205437247676,False
339757,15,0.319038,-0.06078300000000003,0.3788023333333333,False,0.23967399378835463,False
336321,15,0.269422,-0.06677500000000003,0.34192133333333335,False,0.20433711929307985,False
308512,15,0.338968,-0.061639,0.4001603333333333,False,0.19212845875899645,False
210260,15,0.303396,-0.06426300000000001,0.3660463333333333,False,0.15989443275198195,False
50819,15,0.305567,-0.062453000000000036,0.36752133333333337,False,0.18134213084275042,False
37149,15,0.328201,-0.06281599999999998,0.390007,False,0.15231959548182172,False
161225,15,0.33591,-0.060821000000000014,0.39578266666666667,False,0.22198100499654355,False
362293,15,0.320154,-0.059842000000000006,0.37940233333333334,False,0.2687235054195888,False
178389,15,0.150814,-0.095252,0.23825766666666667,True,0.93777179596361,True
221208,15,0.167697,-0.09250099999999997,0.25753033333333336,True,0.8572075422673264,True
41291,15,0.262306,-0.06672100000000003,0.327882,False,0.19039584282189662,False
365214,15,0.291115,-0.06471699999999997,0.35474466666666665,False,0.14399785972244533,False
333281,15,0.329843,-0.06065100000000001,0.3894143333333333,False,0.22386124765903914,False
7737,15,0.20673,-0.08441600000000002,0.28388166666666664,True,0.6855504273946086,True
329588,15,0.24335,-0.07171899999999998,0.3135846666666667,False,0.3470681901272461,False
317105,15,0.204177,-0.072791,0.27554933333333337,False,0.3310328634158298,False
361689,15,0.270736,-0.067419,0.3370043333333333,False,0.23190323476247476,False
281131,15,0.233325,-0.068612,0.30093600000000004,False,0.25793666945876786,False
343638,15,0.306034,-0.06503000000000003,0.3694746666666666,False,0.13601278338812886,False
189790,15,0.306813,-0.061707999999999985,0.3676723333333333,False,0.2195339693561721,False
340726,15,0.168801,-0.07546999999999998,0.24340966666666666,False,0.3808612951674937,False
72525,15,0.339664,-0.06046399999999996,0.399796,False,0.2218084547526261,False
65444,15,0.371078,-0.05896199999999996,0.42916899999999997,False,0.20733557680220782,False
319360,15,0.278443,-0.06254599999999999,0.3398856666666667,False,0.2474230280689947,False
358935,15,0.267414,-0.06906600000000002,0.3353393333333334,False,0.30310559439062884,False
100448,15,0.344273,-0.060433000000000014,0.403761,False,0.20861262100653116,False
222075,15,0.274235,-0.06578400000000001,0.33899799999999997,False,0.18549771622913078,False
69369,15,0.289099,-0.06269200000000003,0.3506823333333333,False,0.19733387732081015,False
151722,15,0.205943,-0.074484,0.2790703333333333,False,0.3792273616497256,False
38033,15,0.286502,-0.06601800000000002,0.3523146666666667,False,0.17559979921854793,False
128351,15,0.257078,-0.06636800000000004,0.322923,False,0.20081414069414472,False
342871,15,0.295576,-0.06397199999999997,0.35833266666666663,False,0.16415135552562277,False
13912,15,0.208428,-0.07450099999999998,0.281447,False,0.3964106189450648,False
351129,15,0.294351,-0.06000000000000005,0.3619326666666667,False,0.2799621849855482,False
297365,15,0.290084,-0.06428400000000001,0.3534906666666667,False,0.1604496681448894,False
240570,15,0.280585,-0.068471,0.34792633333333334,False,0.26911111199524806,False
86317,15,0.317168,-0.06223000000000001,0.3791963333333333,False,0.20581158733238666,False
99561,15,0.316069,-0.06439100000000003,0.379246,False,0.16608008747608,False
261740,15,0.263677,-0.06764900000000001,0.33005,False,0.21512337164339682,False
29971,15,0.326509,-0.076407,0.3966443333333333,True,0.4934958034575364,False
4101,15,0.284311,-0.06332400000000005,0.35564466666666666,False,0.19477833777745623,False
176472,15,0.289589,-0.06321300000000002,0.35211299999999995,False,0.17897004947474798,False
85669,15,0.29473,-0.06602400000000003,0.359906,False,0.1524776229607099,False
128393,15,0.346775,-0.06129600000000002,0.407695,False,0.2000588713094882,False
24702,15,0.226301,-0.07158899999999999,0.2958266666666666,False,0.3084188900374652,False
350152,15,0.362375,-0.05967899999999998,0.420665,False,0.18575615523176559,False
235514,15,0.316972,-0.07515300000000003,0.389461,True,0.41536445048141707,False
213078,15,0.313521,-0.06428299999999998,0.37684333333333336,False,0.15941898941367688,False
285706,15,0.311569,-0.065133,0.375577,False,0.14339720831637714,False
360795,15,0.329537,-0.06029399999999996,0.38921199999999995,False,0.23552585788478672,False
105461,15,0.320558,-0.06378299999999998,0.383578,False,0.18351383935445076,False
266248,15,0.26829,-0.06908900000000001,0.335705,False,0.30310559439062884,False
195779,15,0.29525,-0.08039799999999997,0.36947633333333335,True,0.5624579399628816,False
84715,15,0.303694,-0.06296299999999999,0.366101,False,0.16074662194219444,False
131659,15,0.303432,-0.06484300000000004,0.36698233333333335,False,0.138309748831749,False
367955,15,0.307035,-0.064054,0.36981966666666666,False,0.16868745954813671,False
170017,15,0.251637,-0.07023499999999999,0.3208503333333333,False,0.28489290893022595,False
225994,15,0.267975,-0.06473999999999996,0.33224933333333334,False,0.1851382718595289,False
266161,15,0.253439,-0.068382,0.320823,False,0.23916828150168631,False
83876,15,0.265315,-0.06831199999999998,0.332365,False,0.2599918725238198,False
29327,15,0.28658,-0.08041399999999999,0.360771,True,0.5807089637338506,False
247815,15,0.353546,-0.059692999999999996,0.413128,False,0.23553019256072305,False
149552,15,0.292476,-0.06531999999999999,0.35702799999999996,False,0.14587992880497114,False
68617,15,0.312459,-0.06483,0.37566499999999997,False,0.14254203920265307,False
65934,15,0.321127,-0.06045099999999998,0.38386566666666666,False,0.2544568071037378,False
289682,15,0.309036,-0.08428100000000005,0.38501466666666667,True,0.6899936305447866,True
353036,15,0.260262,-0.06634400000000001,0.3256306666666667,False,0.1823331339438986,False
36396,15,0.358452,-0.05932700000000002,0.41684800000000005,False,0.21884724720381407,False
138966,15,0.310243,-0.06384100000000004,0.3737376666666667,False,0.16798837275626322,False
63441,15,0.272636,-0.068139,0.339524,False,0.2596590414932632,False
129973,15,0.224431,-0.067494,0.300517,False,0.2396223968610158,False
185429,15,0.361848,-0.058917,0.420061,False,0.232557733391787,False
308443,15,0.352902,-0.060441999999999996,0.412634,False,0.20511174514179473,False
227942,15,0.350048,-0.06078599999999995,0.41021766666666665,False,0.1792604487199942,False
117806,15,0.253919,-0.06811600000000001,0.3305466666666667,False,0.24624233125594075,False
319275,15,0.278387,-0.06914300000000001,0.34566433333333335,False,0.29100939058719427,False
146037,15,0.25291,-0.06584399999999996,0.32347366666666666,False,0.18965070551840923,False
324282,15,0.256437,-0.06736299999999995,0.32317466666666667,False,0.2208833785497808,False
112065,15,0.350866,-0.05985499999999999,0.41021466666666667,False,0.217310468442602,False
51332,15,0.293975,-0.06570100000000001,0.359322,False,0.14144952179191939,False
262451,15,0.267449,-0.067629,0.3343043333333333,False,0.23974982093974695,False
338784,15,0.302969,-0.06372900000000004,0.3664243333333333,False,0.17459757935917283,False
185753,15,0.258671,-0.06870300000000001,0.3264933333333333,False,0.25686596270323914,False
351224,15,0.287675,-0.06449299999999997,0.3507213333333333,False,0.1653507871640149,False
36066,15,0.194421,-0.06836199999999998,0.26232133333333335,False,0.25637717046328284,False
318029,15,0.288885,-0.06515199999999999,0.3534913333333333,False,0.1545951047062386,False
126286,15,0.329645,-0.06013199999999996,0.38856699999999994,False,0.2357067190859507,False
112886,15,0.20346,-0.07037000000000002,0.273301,False,0.27919225689209276,False
296341,15,0.247736,-0.09008099999999997,0.3291756666666667,True,0.8935530657900996,True
68587,15,0.341538,-0.061151999999999984,0.40209133333333336,False,0.19758227796845443,False
81030,15,0.313755,-0.05915300000000001,0.372462,False,0.27300399993658275,False
147721,15,0.365124,-0.05981900000000001,0.423973,False,0.1890235732204583,False
42982,15,0.265393,-0.06586600000000004,0.330951,False,0.18486746754291347,False
37220,15,0.340156,-0.07023299999999999,0.40672400000000003,True,0.36373629151267395,False
222077,15,0.218389,-0.09310099999999999,0.30255533333333334,True,0.9136139560382728,True
368857,15,0.259273,-0.066745,0.324667,False,0.18746799921532478,False
290049,15,0.338191,-0.060114999999999974,0.3971113333333333,False,0.2354615961320796,False
120031,15,0.291888,-0.06457000000000002,0.35514666666666667,False,0.1499471403415078,False
182981,15,0.315536,-0.06173500000000004,0.37708499999999995,False,0.22395625530111415,False
190306,15,0.311001,-0.061734999999999984,0.37252900000000005,False,0.21461142619737264,False
3407,15,0.238794,-0.06579600000000002,0.31114033333333335,False,0.23578061940063916,False
282746,15,0.289051,-0.067658,0.35505933333333334,False,0.22007152313155914,False
145852,15,0.317033,-0.064332,0.38052966666666665,False,0.17340665203694153,False
73495,15,0.309635,-0.06331500000000001,0.3712596666666667,False,0.1558336620396402,False
373790,15,0.325789,-0.063309,0.3881696666666667,False,0.14731237739943148,False
130825,15,0.345146,-0.058553999999999995,0.40750899999999995,False,0.29099897465506597,False
291382,15,0.298964,-0.06460199999999999,0.363061,False,0.13845471650008231,False
15622,15,0.140406,-0.10211899999999999,0.23270500000000002,True,0.9584025837610516,True
36287,15,0.339025,-0.059914999999999996,0.39853133333333335,False,0.22950701968060244,False
16663,15,0.288865,-0.06538500000000003,0.353037,False,0.16107423018605319,False
96200,15,0.324722,-0.063162,0.3866226666666666,False,0.15244404108557102,False
26522,15,0.321883,-0.06276200000000004,0.3840316666666667,False,0.16492527347515024,False
48390,15,0.294903,-0.06303799999999998,0.3564603333333333,False,0.17363214678154393,False
58650,15,0.303037,-0.067409,0.36871633333333337,False,0.17498378849360968,False
49453,15,0.281101,-0.06703200000000004,0.34668600000000005,False,0.1995553761912086,False
85277,15,0.245249,-0.069239,0.31322,False,0.2968797401210532,False
221777,15,0.326075,-0.063361,0.388809,False,0.14731237739943148,False
60058,15,0.212799,-0.06984900000000002,0.2871806666666667,False,0.2558082218582303,False
194081,15,0.294703,-0.06384299999999998,0.3579396666666666,False,0.17374454621593358,False
53736,15,0.230018,-0.07078000000000001,0.30044366666666666,False,0.32405564292393363,False
231649,15,0.348224,-0.059302999999999995,0.406873,False,0.24548251643503902,False
367671,15,0.331736,-0.06135900000000005,0.392789,False,0.21775132738157008,False
39449,15,0.24871,-0.06715100000000002,0.31504366666666667,False,0.2321004899326375,False
187595,15,0.278869,-0.06521000000000005,0.3433916666666667,False,0.1698100049971524,False
137340,15,0.205274,-0.068405,0.2812813333333333,False,0.24269445956747954,False
57487,15,0.197728,-0.08506,0.2785706666666667,True,0.728201280386729,True
239717,15,0.320061,-0.061771999999999994,0.38071499999999997,False,0.22892676503478968,False
73206,15,0.313696,-0.062581,0.3759686666666666,False,0.1844997404004724,False
356664,15,0.355434,-0.05857499999999999,0.4135153333333334,False,0.2957532979077118,False
198461,15,0.258605,-0.06624000000000002,0.324255,False,0.18081737245366816,False
54309,15,0.256894,-0.06440099999999999,0.32622233333333334,False,0.2091084788333453,False
241331,15,0.320363,-0.06380999999999998,0.383,False,0.18502639541680144,False
69445,15,0.315879,-0.062523,0.3782896666666667,False,0.19390043917175603,False
266171,15,0.322052,-0.058977999999999975,0.3804616666666667,False,0.2843866328866974,False
26289,15,0.243995,-0.06631699999999999,0.30978633333333333,False,0.23720448253159504,False
80132,15,0.247493,-0.06724700000000003,0.3139096666666667,False,0.25423605584056896,False
3770,15,0.260425,-0.06967199999999996,0.32859733333333335,False,0.2922878603870854,False
107090,15,0.264602,-0.065438,0.334492,False,0.20146671780492037,False
97425,15,0.257734,-0.06685799999999997,0.32401233333333335,False,0.19859393615334694,False
116619,15,0.346757,-0.05831900000000001,0.40393433333333334,False,0.28526974052135917,False
56117,15,0.295268,-0.06570700000000002,0.36013466666666666,False,0.14144952179191939,False
240273,15,0.316194,-0.06108400000000003,0.38115566666666667,False,0.22879742783226797,False
342598,15,0.218361,-0.06744799999999998,0.2909403333333333,False,0.22685952779434782,False
237881,15,0.266343,-0.08178400000000002,0.34157666666666664,True,0.6128892438429178,False
177892,15,0.290812,-0.06729799999999997,0.356803,False,0.1843430277233315,False
44907,15,0.256457,-0.066019,0.321935,False,0.19684544595879283,False
346692,15,0.333444,-0.06248899999999996,0.39469200000000004,False,0.19002027818572428,False
282789,15,0.270798,-0.06724400000000003,0.33723733333333333,False,0.2306969482981666,False
47662,15,0.285363,-0.06658000000000003,0.3512406666666667,False,0.1936640971493079,False
325405,15,0.255009,-0.06826199999999999,0.321621,False,0.2351733736612393,False
82920,15,0.289259,-0.065859,0.35408833333333334,False,0.16500795476302296,False
81516,15,0.285416,-0.06675999999999999,0.351534,False,0.1936640971493079,False
20916,15,0.284979,-0.06578100000000003,0.3501176666666666,False,0.17179642069236198,False
49123,15,0.155808,-0.09417800000000001,0.242434,True,0.93777179596361,True
89725,15,0.308167,-0.06271199999999999,0.36979100000000004,False,0.1639322621175413,False
201728,15,0.259396,-0.06731999999999999,0.32542200000000004,False,0.19666841874896887,False
172103,15,0.322334,-0.05968799999999996,0.3813693333333333,False,0.2609952727346708,False
141530,15,0.327091,-0.058668,0.3851706666666667,False,0.2847375515064154,False
122049,15,0.305716,-0.07274000000000003,0.3744083333333334,True,0.334430936220118,False
229690,15,0.26573,-0.06291999999999998,0.32838633333333334,False,0.22329335457775082,False
247974,15,0.287179,-0.06718999999999997,0.3527633333333333,False,0.20174841989228118,False
30369,15,0.282144,-0.067612,0.348406,False,0.23596759527034003,False
191277,15,0.32621,-0.062938,0.388155,False,0.14973619000437588,False
306012,15,0.290225,-0.08061799999999997,0.364836,True,0.5719374147022558,False
209400,15,0.23318,-0.06990099999999999,0.301955,False,0.296964186086684,False
31959,15,0.238836,-0.07875500000000002,0.317994,True,0.5144465859840754,False
85197,15,0.322035,-0.062662,0.384044,False,0.17732060906912836,False
117026,15,0.0999,-0.114886,0.201823,True,0.97845559360524,True
357599,15,0.33414,-0.073961,0.407273,True,0.44386191953469295,False
193575,15,0.238698,-0.06874100000000002,0.306492,False,0.26263442313557817,False
177254,15,0.284178,-0.05998400000000004,0.35011533333333333,False,0.30883853187315974,False
279291,15,0.243213,-0.06947599999999998,0.311514,False,0.2909885597611884,False
347011,15,0.323171,-0.063477,0.3849183333333333,False,0.1656414080070006,False
55789,15,0.351242,-0.059246999999999994,0.40996666666666665,False,0.2618223355493859,False
277408,15,0.320728,-0.06263599999999997,0.38243,False,0.18540330861329415,False
140373,15,0.265091,-0.06790599999999997,0.33152766666666666,False,0.23053507100385143,False
240870,15,0.247697,-0.06767000000000001,0.3148343333333333,False,0.2361680162820283,False
188208,15,0.237826,-0.070244,0.3071796666666667,False,0.3014547214779783,False
120087,15,0.275848,-0.06588700000000003,0.34111033333333335,False,0.1784619425091611,False
312690,15,0.298834,-0.06477,0.36281,False,0.13675403882844364,False
207505,15,0.291556,-0.06292700000000001,0.35362899999999997,False,0.18061175702343352,False
80131,15,0.312167,-0.06225200000000003,0.373208,False,0.19016055696096504,False
114137,15,0.289985,-0.06459100000000001,0.3589896666666667,False,0.13477544246898876,False
139893,15,0.331882,-0.060467999999999966,0.39978533333333327,False,0.2329710290715417,False
204693,15,0.283575,-0.066413,0.34908300000000003,False,0.18610401409784055,False
332547,15,0.318893,-0.06332300000000002,0.38111433333333333,False,0.16818674534207784,False
82540,15,0.284474,-0.066276,0.3498783333333333,False,0.1867754633185042,False
38409,15,0.29299,-0.06389300000000003,0.3566993333333333,False,0.17622574013359835,False
124782,15,0.301466,-0.06405499999999997,0.3648573333333333,False,0.16239717524575786,False
51599,15,0.319358,-0.06215000000000004,0.38027799999999995,False,0.199973641868829,False
302100,15,0.304445,-0.082849,0.37889633333333333,True,0.6419609632915132,True
184101,15,0.315762,-0.063778,0.37922833333333333,False,0.1853130794112181,False
303520,15,0.324931,-0.063967,0.387739,False,0.16306490489805556,False
33568,15,0.326412,-0.061856999999999995,0.38730533333333333,False,0.2101736142675791,False
334993,15,0.246328,-0.07670300000000002,0.31875366666666666,True,0.4930740079252597,False
216161,15,0.290703,-0.06514600000000004,0.3550596666666667,False,0.14633998654156372,False
48896,15,0.337348,-0.06054200000000004,0.3974453333333334,False,0.22755847755271114,False
292002,15,0.326976,-0.06175400000000003,0.3878776666666666,False,0.2023870849601714,False
306491,15,0.337066,-0.06281000000000003,0.399221,False,0.1592734200517072,False
6019,15,0.297888,-0.06411,0.3611393333333333,False,0.16415135552562277,False
73158,15,0.305883,-0.06267899999999998,0.36803400000000003,False,0.16693188277311244,False
264951,15,0.268317,-0.06509399999999999,0.33280400000000004,False,0.1860833432554651,False
347806,15,0.289091,-0.06182900000000002,0.35561400000000004,False,0.25738712077436143,False
199295,15,0.247952,-0.07068799999999997,0.31679133333333337,False,0.31273129842622793,False
249974,15,0.308849,-0.064394,0.37218466666666666,False,0.15249524890202687,False
1130,15,0.264585,-0.066162,0.329623,False,0.18177400083711912,False
138091,15,0.299104,-0.06458800000000003,0.3630083333333333,False,0.13845471650008231,False
324734,15,0.340624,-0.05982100000000001,0.3998633333333333,False,0.24161200791781695,False
14470,15,0.293887,-0.06247900000000001,0.355867,False,0.20360394674635413,False
254615,15,0.36729,-0.057794999999999985,0.424498,False,0.2832043375500649,False
371112,15,0.305839,-0.06225299999999995,0.3674773333333334,False,0.1935106601545497,False
52418,15,0.324469,-0.062004000000000004,0.3859076666666667,False,0.19889757193233798,False
156960,15,0.293665,-0.06327899999999997,0.355994,False,0.17332110115213753,False
139042,15,0.311662,-0.06395600000000001,0.375027,False,0.1718271716957848,False
346047,15,0.309441,-0.06160699999999997,0.37079033333333333,False,0.21461142619737264,False
111477,15,0.287249,-0.064388,0.3549276666666667,False,0.1707223227433655,False
369972,15,0.340859,-0.061604999999999965,0.401414,False,0.18445755809329167,False
21930,15,0.302952,-0.06570700000000002,0.36742600000000003,False,0.1413961988867967,False
352159,15,0.283109,-0.06713799999999998,0.34893033333333334,False,0.20800758252562332,False
111043,15,0.289356,-0.06456800000000001,0.35333233333333336,False,0.15268158955267738,False
145684,15,0.300429,-0.06268699999999999,0.36719366666666664,False,0.1653430056482948,False
282579,15,0.336978,-0.06139499999999998,0.39703333333333335,False,0.21575978722662856,False
70407,15,0.30461,-0.064884,0.3678426666666666,False,0.13979171007621613,False
316526,15,0.313976,-0.06460900000000003,0.3774583333333333,False,0.14965850270618472,False
83707,15,0.272114,-0.08197199999999999,0.34786633333333333,True,0.6414758115453366,True
138403,15,0.26854,-0.06718800000000003,0.334735,False,0.2291535026156602,False
53893,15,0.217765,-0.066521,0.28350566666666666,False,0.23884748518000595,False
193738,15,0.315583,-0.06572800000000001,0.37997366666666665,False,0.16007855070095459,False
178349,15,0.201238,-0.07422999999999999,0.2740783333333333,False,0.3480066201724779,False
56673,15,0.33685,-0.06206700000000004,0.3978756666666667,False,0.19664282326628177,False
281137,15,0.354823,-0.05986799999999998,0.4143343333333333,False,0.23044382369992653,False
295170,15,0.338149,-0.05862800000000001,0.39675166666666667,False,0.29239645922177065,False
106743,15,0.286477,-0.06137600000000004,0.347359,False,0.27949843658189755,False
336048,15,0.185182,-0.07599800000000001,0.2604396666666667,False,0.4032275003520656,False
290048,15,0.334222,-0.06032199999999999,0.398697,False,0.23761225723656232,False
232328,15,0.328468,-0.061424000000000034,0.38911333333333337,False,0.21665402261657868,False
136716,15,0.286203,-0.08752000000000004,0.364666,True,0.8781752605500982,True
142788,15,0.356114,-0.05999500000000002,0.415147,False,0.21514877219578435,False
183321,15,0.308003,-0.06540999999999997,0.37209200000000003,False,0.14227782298674155,False
35924,15,0.309309,-0.06259399999999998,0.371278,False,0.17681500163426347,False
139258,15,0.320012,-0.06196099999999999,0.38114966666666666,False,0.20974217906605666,False
110140,15,0.292601,-0.06404900000000002,0.356387,False,0.17471913646029652,False
345899,15,0.360345,-0.05891299999999999,0.4186996666666667,False,0.24532772358066968,False
42001,15,0.298362,-0.064116,0.3616606666666667,False,0.16565080676361635,False
258744,15,0.271192,-0.06670300000000001,0.33626399999999995,False,0.21741800233627234,False
330879,15,0.343474,-0.05913200000000002,0.40180499999999997,False,0.2726855051705509,False
367696,15,0.19276,-0.07489400000000002,0.26617566666666664,False,0.37237414557190057,False
149415,15,0.345617,-0.060053999999999996,0.4048243333333333,False,0.21070761699275478,False
198691,15,0.247957,-0.06762899999999997,0.313985,False,0.25659406403717816,False
36466,15,0.326539,-0.06243899999999997,0.38813566666666666,False,0.1745399208658801,False
81158,15,0.347167,-0.07314900000000002,0.41455166666666665,True,0.4407631726179056,False
104248,15,0.264294,-0.06751500000000005,0.3361753333333333,False,0.23850585789173798,False
99829,15,0.247475,-0.07018200000000002,0.31657566666666664,False,0.29383520351727255,False
110615,15,0.317236,-0.06352399999999997,0.379458,False,0.16956200903253577,False
157284,15,0.257502,-0.06606000000000001,0.32303766666666667,False,0.19115038290641076,False
138656,15,0.298991,-0.06447399999999998,0.36257433333333333,False,0.14942930225715786,False
94036,15,0.212358,-0.07308000000000003,0.283893,False,0.34891152147615145,False
274088,15,0.312844,-0.063662,0.3753903333333333,False,0.17206667444408327,False
215856,15,0.257594,-0.06742700000000001,0.324734,False,0.21409568669515253,False
263638,15,0.295153,-0.064971,0.3594523333333333,False,0.13372943767967507,False
130970,15,0.260587,-0.06553900000000001,0.3248226666666667,False,0.18686730810597826,False
308944,15,0.158949,-0.07812,0.23586,False,0.47073346728365995,False
344652,15,0.292409,-0.06570200000000004,0.35765033333333335,False,0.14617497541018004,False
327837,15,0.298666,-0.06527,0.3629483333333334,False,0.1443442484727643,False
285929,15,0.25865,-0.06976399999999999,0.327016,False,0.2910657822067377,False
128075,15,0.28777,-0.06878899999999999,0.3546673333333334,False,0.2772080070272332,False
62855,15,0.258405,-0.06746400000000002,0.32466666666666666,False,0.2095021430890975,False
209186,15,0.332503,-0.06309799999999999,0.39472866666666667,False,0.16582370894369905,False
349665,15,0.341011,-0.05981799999999998,0.40014433333333327,False,0.24161200791781695,False
110430,15,0.301382,-0.06324400000000002,0.36610933333333334,False,0.15405159085296746,False
66818,15,0.314489,-0.06425199999999998,0.377781,False,0.16921611203626682,False
286046,15,0.289133,-0.06659500000000002,0.3539096666666666,False,0.18832364207777258,False
156471,15,0.317994,-0.061782000000000004,0.37946066666666667,False,0.22530274327981847,False
173239,15,0.301091,-0.06475999999999998,0.36438566666666666,False,0.1363491606816374,False
196038,15,0.261849,-0.066718,0.327822,False,0.18758415119176647,False
305402,15,0.353343,-0.05900099999999997,0.411319,False,0.2725166045041249,False
200562,15,0.337551,-0.059583,0.396819,False,0.2631676021685527,False
200078,15,0.349348,-0.060848999999999986,0.40952799999999995,False,0.18077012602269346,False
16829,15,0.323581,-0.061738000000000015,0.384713,False,0.21689837312847976,False
179768,15,0.319492,-0.062446999999999975,0.3814566666666666,False,0.19361265446901105,False
290771,15,0.346218,-0.06068599999999996,0.4055253333333333,False,0.1984377140117621,False
121981,15,0.265873,-0.08041699999999996,0.34011466666666673,True,0.5838722077163288,False
254798,15,0.248968,-0.06732600000000002,0.31561900000000004,False,0.22408423727624383,False
165388,15,0.231077,-0.069082,0.2993,False,0.28038768132647596,False
311969,15,0.357302,-0.06062099999999998,0.41695366666666667,False,0.169033436026373,False
41833,15,0.273683,-0.06721899999999997,0.339459,False,0.2291007726950236,False
221187,15,0.326595,-0.06337099999999996,0.38896233333333335,False,0.14731237739943148,False
119484,15,0.269274,-0.06636900000000001,0.335111,False,0.20829250842773195,False
115574,15,0.320902,-0.08370899999999998,0.3965263333333333,True,0.6904673851393243,True
309588,15,0.261531,-0.06794299999999998,0.32876466666666665,False,0.23374541763105958,False
208910,15,0.247561,-0.06619699999999998,0.31287966666666667,False,0.2318245099259733,False
16469,15,0.312924,-0.06320700000000001,0.3754493333333333,False,0.16045112955185678,False
4883,15,0.251046,-0.06886400000000004,0.3191926666666667,False,0.2554319720997002,False
87194,15,0.285866,-0.06738499999999997,0.35141466666666665,False,0.20588974901602702,False
186264,15,0.245032,-0.06816399999999997,0.31242533333333333,False,0.2645447580042859,False
109842,15,0.235983,-0.069656,0.3050633333333333,False,0.3001370594980093,False
20836,15,0.360846,-0.05858600000000003,0.41885533333333336,False,0.2534885497823344,False
60472,15,0.310243,-0.063133,0.3720846666666667,False,0.15307028524747246,False
256170,15,0.270325,-0.06855,0.338222,False,0.27901298143995623,False
249184,15,0.262267,-0.06683500000000003,0.328381,False,0.19039584282189662,False
320695,15,0.281287,-0.06789899999999999,0.34808533333333336,False,0.23626429768162835,False
352157,15,0.282862,-0.06609599999999999,0.3480936666666667,False,0.18204621752263586,False
100814,15,0.162167,-0.078544,0.239175,False,0.48300213449562857,False
115141,15,0.272405,-0.06702399999999997,0.33899133333333337,False,0.21975950073212805,False
164981,15,0.316649,-0.06497700000000001,0.38039300000000004,False,0.15565335546884856,False
30662,15,0.246335,-0.06817199999999998,0.31342333333333333,False,0.26555445453429616,False
283423,15,0.279437,-0.075355,0.35087333333333337,True,0.4391290727232889,False
335243,15,0.271385,-0.06763000000000002,0.33768933333333334,False,0.24971494280972892,False
276653,15,0.220879,-0.07141000000000003,0.2909623333333333,False,0.28145717774556467,False
174879,15,0.333607,-0.06048999999999999,0.39305266666666666,False,0.24141879693450322,False
34701,15,0.056473,-0.086391,0.141843,False,0.7884242313393574,True
139973,15,0.338397,-0.06299300000000002,0.40010966666666664,False,0.16373155314375007,False
1858,15,0.337783,-0.059703000000000006,0.396806,False,0.2565884592196322,False
354785,15,0.210935,-0.07394799999999999,0.28337666666666667,False,0.3631403648717696,False
144194,15,0.075799,-0.08465699999999998,0.16039099999999998,False,0.6805109061660424,True
161616,16,0.243989,-0.06679099999999999,0.30998600000000004,False,0.23804418605465158,False
221846,16,0.292383,-0.06148100000000001,0.352899,False,0.2603167715714533,False
84698,16,0.270606,-0.06349899999999997,0.33264366666666667,False,0.22889527460293943,False
114629,16,0.152962,-0.07317600000000002,0.22481933333333334,False,0.32537538649479103,False
83465,16,0.236051,-0.06838699999999998,0.303275,False,0.25963544142909895,False
369398,16,0.171578,-0.09374699999999997,0.25615866666666665,True,0.9208290994703929,True
13112,16,0.197056,-0.07294699999999998,0.26866266666666666,False,0.3443603514803497,False
235202,16,0.274545,-0.06254500000000002,0.3407016666666667,False,0.2439026452317985,False
104286,16,0.247621,-0.06424699999999997,0.31075766666666665,False,0.2596363799254955,False
224231,16,0.307178,-0.058802999999999994,0.36588400000000004,False,0.2900842180589239,False
12995,16,0.258681,-0.064637,0.32189833333333334,False,0.18715365089146188,False
74905,16,0.147658,-0.07632399999999998,0.22292733333333334,False,0.3937534883683504,False
294254,16,0.071919,-0.078337,0.15768833333333335,False,0.4351134468219328,False
265229,16,0.26172,-0.06376599999999999,0.32425566666666666,False,0.2306708934322301,False
366026,16,0.061186,-0.08508000000000002,0.14432633333333333,False,0.7399968735012674,True
269565,16,0.246459,-0.066499,0.31206633333333333,False,0.24538555460466305,False
242550,16,0.2703,-0.06354900000000002,0.33304133333333336,False,0.23043854551278806,False
82704,16,0.243091,-0.067637,0.3097123333333333,False,0.24890610579653444,False
213416,16,0.230841,-0.06917100000000001,0.2986936666666667,False,0.2819658030825173,False
45580,16,0.136181,-0.076737,0.21151399999999998,False,0.4107529566705211,False
280043,16,0.124492,-0.077669,0.201032,False,0.43047680066855826,False
50707,16,0.024359,-0.08720800000000001,0.10975166666666668,False,0.7802739210861732,True
28401,16,0.249151,-0.08094299999999999,0.323701,True,0.5756258298768253,False
33306,16,0.154263,-0.072962,0.226309,False,0.3214476620660458,False
23114,16,0.183341,-0.07290699999999997,0.2554703333333333,False,0.31053025149154495,False
114987,16,0.186145,-0.08522799999999997,0.26521633333333333,True,0.720177027395669,True
325666,16,0.303957,-0.0625,0.3655946666666667,False,0.18264946522772946,False
92826,16,0.259433,-0.064386,0.32247766666666666,False,0.2053813142069963,False
165868,16,0.169728,-0.08587800000000001,0.25682466666666665,True,0.7453578048189112,True
306277,16,0.246461,-0.066974,0.312444,False,0.24538555460466305,False
219949,16,0.109805,-0.07782299999999999,0.18671533333333332,False,0.4082175377555433,False
81499,16,0.241163,-0.06796900000000003,0.308186,False,0.2543558705087501,False
278463,16,0.256491,-0.06851999999999997,0.32297266666666663,False,0.25828173001336435,False
180331,16,0.090735,-0.080526,0.17006133333333331,False,0.48869249396777464,False
294076,16,0.271892,-0.063753,0.335436,False,0.245424776678699,False
160007,16,0.238962,-0.06666,0.3042513333333334,False,0.23851485559822755,False
288528,16,0.220049,-0.069488,0.2880913333333333,False,0.24841575140919947,False
125541,16,0.233718,-0.067574,0.30032166666666665,False,0.24249554253405242,False
271358,16,0.226752,-0.06897799999999998,0.29492766666666664,False,0.22680068147004853,False
165767,16,0.224881,-0.066139,0.290364,False,0.20692928635638153,False
52953,16,0.133351,-0.07799400000000001,0.21045900000000003,False,0.44992368901145835,False
57288,16,0.268414,-0.063502,0.3302643333333333,False,0.22273262193436097,False
116876,16,0.20764,-0.06409799999999999,0.27121766666666663,False,0.3236381940686967,False
356263,16,0.232131,-0.06450999999999998,0.29538766666666666,False,0.23676743894370847,False
129087,16,0.26936,-0.06742200000000004,0.3347506666666667,False,0.22695387843955728,False
174160,16,0.269796,-0.06337600000000004,0.33237266666666665,False,0.22753921899322432,False
155560,16,0.254383,-0.062314999999999954,0.3228453333333334,False,0.2705116655792739,False
93665,16,0.272054,-0.06329099999999999,0.33424499999999996,False,0.23509149092988846,False
58485,16,0.188615,-0.06986699999999998,0.25757366666666665,False,0.257921894703393,False
10211,16,0.247587,-0.06365700000000002,0.3106976666666667,False,0.28970767155215366,False
18889,16,0.248924,-0.06655599999999998,0.3144653333333333,False,0.22124945885064182,False
245392,16,0.202412,-0.066468,0.275818,False,0.23555814340520947,False
354005,16,0.2408,-0.06228200000000003,0.307821,False,0.3282027262162663,False
315631,16,0.049052,-0.083939,0.131983,False,0.6988475096847028,True
131813,16,0.220703,-0.06786699999999998,0.2877963333333333,False,0.2248124888830977,False
99724,16,0.226672,-0.06753,0.29353266666666666,False,0.20484455998114856,False
215535,16,0.25951,-0.08579699999999996,0.33751366666666666,True,0.8103940441301046,True
351364,16,0.222852,-0.066863,0.28903166666666663,False,0.21025984419125598,False
26633,16,0.264246,-0.06538,0.3286453333333333,False,0.18098496037565365,False
146002,16,0.240756,-0.08084899999999998,0.31557366666666664,True,0.5602881668591779,False
124118,16,0.20984,-0.07048000000000001,0.2792113333333333,False,0.27202985214478687,False
209546,16,0.249779,-0.06726800000000002,0.31562033333333334,False,0.23044694820398523,False
293540,16,0.253839,-0.06792000000000004,0.320496,False,0.224681944594517,False
130111,16,0.226438,-0.06669299999999997,0.2928226666666667,False,0.1911534531492149,False
1701,16,0.176512,-0.07166,0.24792033333333333,False,0.26284629065151077,False
24025,16,0.016713,-0.096412,0.107973,True,0.9713177078753898,True
211694,16,0.283345,-0.06296199999999996,0.34527833333333335,False,0.2106698594115538,False
101255,16,0.289176,-0.063587,0.351253,False,0.18924620580442936,False
299391,16,0.211182,-0.06842600000000001,0.278256,False,0.24105788246837048,False
139883,16,0.277599,-0.06250700000000003,0.34028366666666665,False,0.24842525961174738,False
238555,16,0.269943,-0.06302200000000002,0.3391173333333333,False,0.23614194270760366,False
221333,16,0.207748,-0.07128200000000001,0.27765433333333334,False,0.28485505459160326,False
30741,16,0.18409,-0.07180899999999998,0.25462633333333334,False,0.2793257532433883,False
123314,16,0.204648,-0.07114300000000001,0.274531,False,0.2767909106617178,False
119325,16,0.215176,-0.06875,0.2829146666666667,False,0.2425560446824179,False
86574,16,0.262788,-0.066129,0.32754466666666665,False,0.1708663204358953,False
341911,16,0.209474,-0.069992,0.2787863333333333,False,0.26731883540957574,False
30866,16,0.239325,-0.06612000000000001,0.3045353333333333,False,0.22631153064445483,False
340723,16,0.274938,-0.06497700000000001,0.3389316666666667,False,0.18143273316720357,False
332911,16,0.252213,-0.062755,0.321424,False,0.24521841942605063,False
211089,16,0.236923,-0.06500499999999998,0.3012456666666667,False,0.241433965922018,False
281527,16,0.275892,-0.06229399999999996,0.33796966666666667,False,0.2642857413086434,False
164419,16,0.223144,-0.06498300000000001,0.28778833333333337,False,0.2448544317721048,False
334030,16,0.132883,-0.10406599999999999,0.22499033333333332,True,0.9664039369865465,True
213058,16,0.263653,-0.06428399999999995,0.32721533333333336,False,0.19711087487921647,False
350737,16,0.260004,-0.06415199999999999,0.32244233333333333,False,0.21881254755126445,False
22780,16,0.131545,-0.07619800000000002,0.20727366666666666,False,0.3784263659710804,False
112321,16,0.236308,-0.06750000000000003,0.30210966666666667,False,0.25457578514417856,False
281168,16,0.28963,-0.05993100000000001,0.35186500000000004,False,0.29250388536632177,False
53587,16,0.218065,-0.069664,0.2868543333333333,False,0.2539243029090815,False
139041,16,0.285933,-0.063332,0.3481743333333333,False,0.19481821115761178,False
199191,16,0.238438,-0.067829,0.30500133333333335,False,0.2528104250618017,False
338428,16,0.189309,-0.07031199999999999,0.25791433333333336,False,0.2664441524525466,False
48625,16,0.172139,-0.06670300000000001,0.23886133333333334,False,0.29039603992275437,False
297458,16,0.289336,-0.06233700000000003,0.35076033333333334,False,0.21487172616156097,False
137752,16,0.224216,-0.06734799999999999,0.29094733333333334,False,0.21206193168014595,False
229734,16,0.154588,-0.07435,0.22712133333333331,False,0.3425131776373281,False
244855,16,0.192803,-0.069438,0.2668413333333333,False,0.26461833676947444,False
264979,16,0.185316,-0.07013899999999998,0.25449499999999997,False,0.23871281620962895,False
314019,16,0.149126,-0.07201099999999999,0.22069933333333336,False,0.2832986650102514,False
104633,16,0.26883,-0.06034600000000001,0.32896400000000003,False,0.31094457029340844,False
284266,16,0.168092,-0.07273200000000002,0.23959466666666665,False,0.3341435543467812,False
277317,16,0.206067,-0.06826500000000002,0.2733176666666667,False,0.2566759289189443,False
289428,16,0.196733,-0.06762600000000002,0.263705,False,0.26132613228434737,False
288255,16,0.258946,-0.08708699999999997,0.337024,True,0.8631526290863273,True
67314,16,0.191868,-0.06649199999999997,0.2577876666666667,False,0.27418605649481814,False
219794,16,0.275214,-0.06345999999999996,0.33784366666666665,False,0.22914362139737052,False
130367,16,0.23726,-0.066609,0.302939,False,0.2414237975260897,False
335544,16,0.142572,-0.07668,0.21763633333333332,False,0.4402932138520348,False
123930,16,0.151523,-0.071129,0.22173233333333334,False,0.2593593510348575,False
236708,16,0.177616,-0.08381899999999998,0.25702699999999995,True,0.6748763462929303,True
146068,16,0.248168,-0.064143,0.3112546666666667,False,0.2654002584574042,False
298673,16,0.237577,-0.065802,0.30248966666666666,False,0.23159288631334785,False
207425,16,0.2553,-0.06453999999999999,0.31896066666666667,False,0.21911150282480157,False
328962,16,0.036726,-0.080321,0.11624933333333333,False,0.5816055419752006,False
145738,16,0.19252,-0.07083500000000001,0.26281,False,0.2828300157063793,False
146341,16,0.269847,-0.06359300000000001,0.33219,False,0.22427172186689592,False
138873,16,0.085337,-0.07886699999999999,0.16263799999999998,False,0.4463988307635159,False
191182,16,0.120189,-0.09069799999999999,0.20471933333333334,True,0.8698880668635456,True
256131,16,0.276763,-0.065749,0.34113566666666667,False,0.18436771889395703,False
158606,16,0.218896,-0.06768699999999997,0.2856763333333333,False,0.22753826825750434,False
115457,16,0.241168,-0.06691999999999998,0.30658399999999997,False,0.23486812050912942,False
281875,16,0.197999,-0.06728999999999999,0.27011833333333335,False,0.2715938311404876,False
129303,16,0.220969,-0.06956900000000002,0.28933233333333336,False,0.2503553241949433,False
267138,16,0.252387,-0.08575700000000003,0.3295783333333333,True,0.7872539130151416,True
169951,16,0.263682,-0.06397399999999998,0.3265466666666667,False,0.20279378630793893,False
164722,16,0.295664,-0.06071399999999999,0.3555413333333333,False,0.25830096931951824,False
356768,16,0.081593,-0.08260400000000001,0.16246333333333332,False,0.6148852115271614,False
254496,16,0.190297,-0.06956200000000001,0.25919533333333333,False,0.2760978559738374,False
35337,16,0.181304,-0.06856500000000001,0.24879266666666666,False,0.24393415442769187,False
58369,16,0.270235,-0.06428899999999999,0.3337403333333333,False,0.2187923719170574,False
12406,16,0.297841,-0.062199000000000004,0.3586846666666667,False,0.20634093089737152,False
345496,16,0.193129,-0.06837599999999999,0.2608836666666667,False,0.2670997882583261,False
153878,16,0.209302,-0.06925900000000001,0.2782596666666666,False,0.2711829642958395,False
210325,16,0.161378,-0.070876,0.231557,False,0.2714504633766147,False
125140,16,0.268155,-0.065444,0.33343733333333336,False,0.1938586383439521,False
41313,16,0.192385,-0.07005799999999998,0.261168,False,0.26369671923805416,False
255155,16,0.204037,-0.08527199999999999,0.282735,True,0.7310820862282364,True
127400,16,0.237471,-0.067971,0.30466533333333334,False,0.2518291617862444,False
246777,16,0.297121,-0.06083999999999995,0.3573483333333333,False,0.2548541745744068,False
302698,16,0.225326,-0.066823,0.291039,False,0.20149112018413973,False
111754,16,0.186567,-0.06914099999999998,0.25783866666666666,False,0.2671756098477718,False
20302,16,0.267994,-0.06397900000000001,0.33050133333333337,False,0.21837922891423656,False
284802,16,0.210496,-0.06983900000000001,0.2790013333333333,False,0.26731883540957574,False
305939,16,0.2339,-0.06583300000000003,0.30362300000000003,False,0.2217068302000401,False
163429,16,0.271458,-0.061643,0.33271999999999996,False,0.304399519160352,False
278058,16,0.190976,-0.06884899999999997,0.25854866666666665,False,0.2759779310535182,False
221571,16,0.203753,-0.07126099999999999,0.27402466666666664,False,0.2898882489652412,False
78147,16,0.2921,-0.06378699999999998,0.35511033333333336,False,0.18703093928727027,False
173617,16,0.259081,-0.06484099999999998,0.3233536666666667,False,0.18902451412908852,False
138685,16,0.169586,-0.07150100000000001,0.24037366666666668,False,0.27871652120320295,False
290414,16,0.142934,-0.07555399999999998,0.21718066666666666,False,0.39592519739804494,False
358375,16,0.181993,-0.07178599999999999,0.252903,False,0.2699406592736362,False
35631,16,0.258768,-0.06494499999999997,0.323102,False,0.18731092835946458,False
337039,16,0.288047,-0.06095600000000001,0.34841066666666665,False,0.27241778365589114,False
267075,16,0.241944,-0.06695000000000001,0.311342,False,0.2379637946005556,False
29821,16,0.223001,-0.06479099999999999,0.28695733333333334,False,0.24261504370546594,False
294318,16,0.225069,-0.06821000000000002,0.29238166666666665,False,0.20348968848317267,False
39523,16,0.288546,-0.06234099999999998,0.3507476666666667,False,0.2205621048958564,False
77643,16,0.262768,-0.061688999999999994,0.329452,False,0.291598250213791,False
237717,16,0.288316,-0.06128600000000001,0.34864133333333336,False,0.2720917451738851,False
5069,16,0.221963,-0.06742899999999999,0.288376,False,0.22533054041137032,False
11028,16,0.242979,-0.065274,0.30699366666666666,False,0.24049889194915577,False
303657,16,0.153565,-0.06917099999999998,0.22224533333333332,False,0.26058798000915895,False
311699,16,0.216122,-0.06767700000000001,0.283433,False,0.2372409374551912,False
242357,16,0.079782,-0.08928199999999999,0.16405833333333333,True,0.8088626271736837,True
120646,16,0.238287,-0.06312100000000001,0.30079233333333333,False,0.2913870670020461,False
312417,16,0.232616,-0.06689,0.2985883333333333,False,0.228629501781602,False
224622,16,0.163703,-0.07516400000000001,0.23766033333333333,False,0.3730520235453227,False
357412,16,0.286854,-0.06282900000000002,0.34879166666666667,False,0.20338811034362206,False
198943,16,0.214427,-0.070825,0.28446533333333335,False,0.288138550139112,False
252370,16,0.259824,-0.065241,0.32426,False,0.18718138715555527,False
332523,16,0.240779,-0.06776800000000002,0.30747833333333335,False,0.2473621374807475,False
145060,16,0.219525,-0.071304,0.28892366666666663,False,0.2934993738445146,False
37435,16,0.217065,-0.06903599999999999,0.284877,False,0.24437515471588322,False
282713,16,0.274377,-0.06284900000000004,0.336063,False,0.23806642900735378,False
289239,16,0.284852,-0.06064600000000003,0.344945,False,0.3063962158570023,False
360446,16,0.260328,-0.06607000000000002,0.3251636666666667,False,0.17726754480130005,False
189600,16,0.170537,-0.07170100000000001,0.24086433333333335,False,0.2836311346375626,False
299,16,0.248148,-0.06672999999999998,0.31395100000000004,False,0.24017697077841396,False
225332,16,0.208748,-0.06677,0.275385,False,0.22058288067995938,False
31778,16,0.242527,-0.06945600000000002,0.310168,False,0.2851217824649062,False
60517,16,0.190687,-0.07056099999999998,0.26605133333333336,False,0.2794418819706605,False
58654,16,0.29424,-0.0625,0.35571100000000005,False,0.20544674194278612,False
153709,16,0.271029,-0.06473799999999996,0.33497099999999996,False,0.20247734858841854,False
339757,16,0.254664,-0.06437399999999999,0.317841,False,0.2186419035401545,False
336321,16,0.19978,-0.06964199999999998,0.2684663333333333,False,0.2648714813201051,False
308512,16,0.274824,-0.06414399999999998,0.338133,False,0.21582692015577257,False
210260,16,0.237186,-0.06620999999999999,0.30274700000000004,False,0.2299777398923468,False
50819,16,0.239018,-0.06654899999999997,0.30420166666666665,False,0.23851485559822755,False
37149,16,0.262534,-0.06566700000000003,0.32725066666666663,False,0.17079739065177083,False
161225,16,0.254675,-0.081235,0.3291053333333333,True,0.5780991090208596,False
362293,16,0.25551,-0.06464399999999998,0.3185533333333333,False,0.204172067256208,False
178389,16,0.070043,-0.08077100000000001,0.155641,False,0.5318949894111102,False
221208,16,0.089918,-0.07777900000000001,0.17260433333333333,False,0.4160677504174182,False
41291,16,0.19284,-0.06946599999999997,0.261391,False,0.26522645383244564,False
365214,16,0.227119,-0.06399600000000003,0.29135533333333336,False,0.2507176107676374,False
333281,16,0.266585,-0.06325799999999998,0.32897400000000004,False,0.21159165734939195,False
7737,16,0.137521,-0.06920899999999999,0.211799,False,0.2971677309959095,False
329588,16,0.169813,-0.07353700000000002,0.242744,False,0.34125695835619796,False
317105,16,0.128932,-0.075245,0.20335899999999998,False,0.34833824299065497,False
361689,16,0.203152,-0.06758399999999998,0.270681,False,0.2669434261134032,False
281131,16,0.160839,-0.072486,0.2320336666666667,False,0.3165178775841431,False
343638,16,0.237947,-0.06808699999999998,0.305015,False,0.2517922864199931,False
189790,16,0.240544,-0.066269,0.30529266666666666,False,0.2284016800235993,False
340726,16,0.089028,-0.07977300000000001,0.16736666666666666,False,0.46785923747953356,False
72525,16,0.245402,-0.09426200000000001,0.328398,True,0.9572310154802167,True
65444,16,0.300046,-0.07103200000000004,0.3670546666666667,True,0.2751127086982003,False
319360,16,0.213323,-0.06511999999999998,0.277585,False,0.2586728184388177,False
358935,16,0.196246,-0.07116799999999998,0.2667133333333333,False,0.27666821535989833,False
100448,16,0.280081,-0.06419199999999997,0.34302000000000005,False,0.2064381653970514,False
222075,16,0.205483,-0.06875200000000001,0.27324566666666666,False,0.2629768209043507,False
69369,16,0.222864,-0.06623499999999999,0.287918,False,0.2192685991784977,False
151722,16,0.128447,-0.07749599999999998,0.20493899999999998,False,0.42304230764204426,False
38033,16,0.215448,-0.07105399999999998,0.2848233333333333,False,0.28513748876228884,False
128351,16,0.18557,-0.07150799999999996,0.2553646666666667,False,0.2795143981358444,False
342871,16,0.228713,-0.066863,0.2946123333333333,False,0.20130668355800488,False
13912,16,0.133517,-0.074911,0.2082913333333333,False,0.33886178456597116,False
351129,16,0.222454,-0.07189699999999996,0.29038533333333333,True,0.3050860194285452,False
297365,16,0.223011,-0.06707300000000002,0.28915433333333335,False,0.21395782395004914,False
240570,16,0.211472,-0.06911299999999998,0.280371,False,0.24671251535017122,False
86317,16,0.251168,-0.066,0.3159113333333334,False,0.19878881151921762,False
99561,16,0.249247,-0.06682199999999999,0.31525866666666663,False,0.2165329283612269,False
261740,16,0.194773,-0.06890399999999999,0.2632586666666667,False,0.24818101931636027,False
29971,16,0.264349,-0.06215999999999999,0.331258,False,0.2716637630923344,False
4101,16,0.21668,-0.06763099999999997,0.2828753333333333,False,0.2372409374551912,False
176472,16,0.224383,-0.06520599999999999,0.28892466666666666,False,0.22967012855225163,False
85669,16,0.225385,-0.06934499999999999,0.293623,False,0.24783047446068387,False
128393,16,0.282583,-0.06419200000000003,0.3458096666666666,False,0.1884211788231259,False
24702,16,0.152513,-0.07378799999999999,0.225568,False,0.32472847608086397,False
350152,16,0.300611,-0.061763999999999986,0.36168,False,0.22369128080091624,False
235514,16,0.25467,-0.06230199999999997,0.32125566666666666,False,0.28153408844700134,False
213078,16,0.246378,-0.06714299999999998,0.31256766666666663,False,0.2547910338218126,False
285706,16,0.24377,-0.067799,0.3106803333333333,False,0.25641383795098177,False
360795,16,0.265174,-0.064363,0.3281806666666667,False,0.1983665157104967,False
105461,16,0.255679,-0.06487900000000002,0.3201926666666666,False,0.20772077835897074,False
266248,16,0.17912,-0.08916999999999997,0.2615963333333333,True,0.8229985318251346,True
195779,16,0.226433,-0.06881700000000002,0.2991103333333333,False,0.24566445303968348,False
84715,16,0.237947,-0.06574700000000003,0.30276600000000004,False,0.2269273863806903,False
131659,16,0.236208,-0.06722399999999998,0.30263833333333334,False,0.2558142412017382,False
367955,16,0.23887,-0.068165,0.30566466666666664,False,0.2630505662585209,False
170017,16,0.178307,-0.07333,0.25060533333333335,False,0.31819594988928424,False
225994,16,0.198686,-0.06928900000000002,0.2664586666666667,False,0.2634779139859989,False
266161,16,0.181338,-0.07210100000000003,0.2521993333333334,False,0.28841848525855823,False
83876,16,0.193825,-0.07149000000000003,0.26425566666666667,False,0.27672835389283157,False
29327,16,0.218923,-0.067657,0.2908323333333333,False,0.21728048006730658,False
247815,16,0.290377,-0.06316900000000003,0.35238733333333333,False,0.17056380603180174,False
149552,16,0.22496,-0.06751600000000002,0.291744,False,0.2042480143764455,False
68617,16,0.244939,-0.06752,0.31156233333333333,False,0.25254503280045937,False
65934,16,0.257983,-0.06314399999999998,0.3202293333333333,False,0.24567460045230105,False
289682,16,0.222459,-0.08657699999999999,0.30827066666666664,True,0.806035585954749,True
353036,16,0.193433,-0.066829,0.2601003333333333,False,0.25678963780757214,False
36396,16,0.297451,-0.06100099999999997,0.357894,False,0.24801592663800734,False
138966,16,0.243298,-0.066945,0.30920833333333336,False,0.2366333196375641,False
63441,16,0.201983,-0.070653,0.271798,False,0.2941352369619687,False
129973,16,0.154134,-0.070297,0.22349666666666668,False,0.2487829528443848,False
185429,16,0.278077,-0.08377099999999998,0.3535633333333334,True,0.7179217596344892,True
308443,16,0.280704,-0.07219799999999998,0.34898333333333337,True,0.35989572889847293,False
227942,16,0.287758,-0.06229000000000001,0.34954666666666667,False,0.22639924892549873,False
117806,16,0.18264,-0.07127900000000001,0.2528646666666667,False,0.24985313725226496,False
319275,16,0.208193,-0.070194,0.27803666666666665,False,0.26054076769475243,False
146037,16,0.182599,-0.07031100000000001,0.251421,False,0.2342611360294454,False
324282,16,0.183792,-0.07264500000000002,0.25467633333333334,False,0.31053025149154495,False
112065,16,0.289604,-0.06126200000000004,0.350397,False,0.26328366927915703,False
51332,16,0.22595,-0.06802499999999997,0.29320033333333334,False,0.20934481792873252,False
262451,16,0.198197,-0.06925199999999998,0.266908,False,0.2634779139859989,False
338784,16,0.235144,-0.067825,0.30160366666666666,False,0.25377560273633454,False
185753,16,0.153842,-0.10482899999999998,0.246629,True,0.9711535086237534,True
351224,16,0.221843,-0.065832,0.28722866666666663,False,0.21915282432573424,False
36066,16,0.122466,-0.071955,0.19322333333333333,False,0.27395419797280146,False
318029,16,0.219759,-0.06912599999999999,0.28756033333333336,False,0.24481041759731,False
126286,16,0.265633,-0.06401200000000001,0.32835166666666665,False,0.21336300342250225,False
112886,16,0.129802,-0.073658,0.202364,False,0.30507044082421286,False
296341,16,0.177711,-0.070025,0.25442133333333333,False,0.22024769202573938,False
68587,16,0.277314,-0.064224,0.340514,False,0.20509374896727578,False
81030,16,0.251361,-0.062394000000000005,0.31267466666666666,False,0.30368070238755995,False
147721,16,0.30463,-0.06049399999999999,0.36489900000000003,False,0.2575348810747503,False
42982,16,0.195779,-0.06961399999999998,0.26414366666666667,False,0.2514502425428107,False
37220,16,0.2752,-0.06495600000000001,0.341915,False,0.1762286822777045,False
222077,16,0.144649,-0.07374,0.22484266666666666,False,0.3452339270481515,False
368857,16,0.191316,-0.06795699999999996,0.25886899999999996,False,0.2735239487561937,False
290049,16,0.266107,-0.07208400000000004,0.33420133333333335,True,0.3462879656915522,False
120031,16,0.206595,-0.08529299999999998,0.28498033333333334,True,0.722622210869464,True
182981,16,0.248692,-0.06684399999999999,0.313833,False,0.2334782474546662,False
190306,16,0.245782,-0.06521900000000003,0.3098396666666667,False,0.2453395935815043,False
3407,16,0.169915,-0.068879,0.23776633333333333,False,0.26881494165023945,False
282746,16,0.219977,-0.069074,0.288579,False,0.24513262772673347,False
145852,16,0.249283,-0.06775,0.3158936666666667,False,0.227829367606189,False
73495,16,0.245626,-0.06400899999999998,0.3094036666666667,False,0.2861387725735749,False
373790,16,0.26005,-0.06573899999999999,0.32497899999999996,False,0.17955773373582645,False
130825,16,0.283342,-0.061804000000000026,0.3440626666666667,False,0.2855832084604167,False
291382,16,0.229527,-0.069437,0.29735233333333333,False,0.27792686941927647,False
15622,16,0.041952,-0.098454,0.14162766666666668,True,0.9473908127315843,True
36287,16,0.275545,-0.06348000000000004,0.33783666666666673,False,0.22914362139737052,False
16663,16,0.220836,-0.06802899999999998,0.2879836666666667,False,0.22095824148482543,False
96200,16,0.258517,-0.06620500000000001,0.32370766666666667,False,0.18887686012352725,False
26522,16,0.255054,-0.06682899999999997,0.32052733333333333,False,0.20791797696840764,False
48390,16,0.23051,-0.06439300000000003,0.29445133333333334,False,0.24157804683124512,False
58650,16,0.234083,-0.06895399999999999,0.302522,False,0.27313208359053237,False
49453,16,0.211707,-0.06939399999999998,0.2803136666666667,False,0.2577788588945758,False
85277,16,0.174049,-0.07119999999999999,0.24459533333333336,False,0.252152112252846,False
221777,16,0.258545,-0.06752999999999998,0.3246853333333333,False,0.21206262851799296,False
60058,16,0.138575,-0.07422399999999998,0.21134066666666665,False,0.32279587413187416,False
194081,16,0.230003,-0.06469999999999998,0.2944173333333333,False,0.22305801530969213,False
53736,16,0.155367,-0.074651,0.22872766666666666,False,0.3623636175623183,False
231649,16,0.28689,-0.061334,0.347547,False,0.27949843658189755,False
367671,16,0.268268,-0.06346799999999997,0.33103299999999997,False,0.22631747925956647,False
39449,16,0.154834,-0.09387599999999999,0.23980166666666666,True,0.9337298012503648,True
187595,16,0.209663,-0.06920599999999999,0.277537,False,0.2608408114884614,False
137340,16,0.131951,-0.073323,0.20363466666666666,False,0.3144927782838418,False
57487,16,0.121253,-0.07647499999999999,0.20058966666666667,False,0.39687138400337546,False
239717,16,0.256632,-0.06342899999999996,0.31950866666666666,False,0.2546263426654326,False
73206,16,0.24729,-0.06640599999999997,0.312421,False,0.2383015550028925,False
356664,16,0.293231,-0.06220300000000001,0.3542246666666667,False,0.2205003395589084,False
198461,16,0.171897,-0.08670799999999998,0.25178233333333333,True,0.7875226763483598,True
54309,16,0.188656,-0.06823800000000002,0.255615,False,0.2623774553795775,False
241331,16,0.255782,-0.064581,0.320106,False,0.21195116017668142,False
69445,16,0.232331,-0.08354800000000001,0.3088706666666667,True,0.6782509812063873,True
266171,16,0.258681,-0.06337100000000001,0.32058766666666666,False,0.2260563920645364,False
26289,16,0.174418,-0.069577,0.2429083333333333,False,0.23537507760109755,False
80132,16,0.17636,-0.071133,0.24619766666666668,False,0.24858305922973473,False
3770,16,0.188011,-0.072414,0.259511,False,0.34393787018605726,False
107090,16,0.17759,-0.087012,0.2574106666666667,True,0.799356449897531,True
97425,16,0.188079,-0.06965500000000002,0.25680166666666665,False,0.26825755441138704,False
116619,16,0.286696,-0.060060999999999976,0.34617633333333336,False,0.30949005156742326,False
56117,16,0.226143,-0.06912499999999996,0.29412866666666665,False,0.23836043784861152,False
240273,16,0.251055,-0.065139,0.3148423333333333,False,0.2055412150261664,False
342598,16,0.148231,-0.07013,0.217467,False,0.2736941165797799,False
237881,16,0.196616,-0.06972699999999998,0.270362,False,0.26133376440958406,False
177892,16,0.221731,-0.069081,0.29021766666666665,False,0.23356321596393362,False
44907,16,0.186526,-0.069931,0.255153,False,0.25256587387764884,False
346692,16,0.268474,-0.06497000000000003,0.332617,False,0.19135660514044917,False
282789,16,0.200439,-0.07035899999999998,0.2697596666666667,False,0.27362592726237495,False
47662,16,0.214181,-0.07118199999999997,0.283829,False,0.2842550995912437,False
325405,16,0.186098,-0.06891099999999997,0.25479266666666667,False,0.26187095253577874,False
82920,16,0.220634,-0.06862499999999999,0.288337,False,0.22543628483665812,False
81516,16,0.216574,-0.06884200000000001,0.284722,False,0.24061658284950602,False
20916,16,0.214295,-0.07068399999999997,0.28334466666666663,False,0.2811634862638189,False
49123,16,0.075511,-0.08029700000000001,0.160435,False,0.5143351703313558,False
89725,16,0.244759,-0.06340800000000002,0.307935,False,0.30487954482990687,False
201728,16,0.188299,-0.07109700000000002,0.258137,False,0.28133191952950326,False
172103,16,0.259661,-0.06267300000000003,0.321339,False,0.2360144224004023,False
141530,16,0.263674,-0.063417,0.325508,False,0.21280150151724742,False
122049,16,0.240665,-0.065051,0.308279,False,0.2405106500642944,False
229690,16,0.1962,-0.06953000000000001,0.2635266666666667,False,0.24674416055027085,False
247974,16,0.21883,-0.06834900000000002,0.28679266666666664,False,0.23198742812004663,False
30369,16,0.211665,-0.07047900000000001,0.2811883333333333,False,0.27221790649433836,False
191277,16,0.261574,-0.06463600000000003,0.325644,False,0.18715365089146188,False
306012,16,0.222692,-0.06753300000000001,0.29458666666666666,False,0.20331859975491218,False
209400,16,0.161274,-0.071906,0.23251166666666667,False,0.2866740666838368,False
31959,16,0.167304,-0.07153199999999998,0.24124366666666666,False,0.29822924890208075,False
85197,16,0.255602,-0.06643300000000002,0.320778,False,0.2019194593153405,False
117026,16,0.017119,-0.08278100000000001,0.11060166666666667,False,0.6949517880908948,True
357599,16,0.27251,-0.06163000000000002,0.3382503333333333,False,0.30975408243000746,False
193575,16,0.167732,-0.070966,0.23795633333333333,False,0.26379818162692653,False
177254,16,0.220177,-0.06400099999999997,0.282839,False,0.2932573375453109,False
279291,16,0.171574,-0.07163900000000001,0.242492,False,0.27041512851027144,False
347011,16,0.257186,-0.06598499999999996,0.322335,False,0.1944771732898497,False
55789,16,0.288748,-0.062493999999999994,0.35015966666666665,False,0.21347342158390673,False
277408,16,0.254544,-0.06618400000000002,0.31954533333333335,False,0.1945840562831661,False
140373,16,0.195532,-0.06955900000000001,0.26454,False,0.24674416055027085,False
240870,16,0.176057,-0.07164000000000001,0.24637366666666669,False,0.2659798496636531,False
188208,16,0.164947,-0.072879,0.23694766666666667,False,0.34261328685592235,False
120087,16,0.207412,-0.06843599999999997,0.27499833333333334,False,0.22888293768423204,False
312690,16,0.231235,-0.06759899999999999,0.29789099999999996,False,0.2467335916447634,False
207505,16,0.225125,-0.06643099999999999,0.290388,False,0.20538274532587714,False
80131,16,0.248575,-0.06359199999999998,0.3117203333333333,False,0.2912921012197211,False
114137,16,0.221151,-0.068834,0.2885706666666667,False,0.22890571257469758,False
139893,16,0.270668,-0.06121399999999999,0.33163333333333334,False,0.2984573510223332,False
204693,16,0.214565,-0.06901000000000002,0.2827093333333333,False,0.253258314569076,False
332547,16,0.25256,-0.06633299999999998,0.3178896666666667,False,0.1987912144871679,False
82540,16,0.21807,-0.06640399999999999,0.2844313333333333,False,0.2325549723032516,False
38409,16,0.22533,-0.06765999999999997,0.2917343333333333,False,0.2048087428117293,False
124782,16,0.234381,-0.067085,0.300456,False,0.24385698699298514,False
51599,16,0.253976,-0.065382,0.31828066666666666,False,0.1961501035763096,False
302100,16,0.240536,-0.06390900000000002,0.31075833333333336,False,0.2875452092338102,False
184101,16,0.248156,-0.067606,0.314486,False,0.241137389712189,False
303520,16,0.259032,-0.06589900000000004,0.324287,False,0.176048168139963,False
33568,16,0.263446,-0.06296599999999997,0.3260423333333333,False,0.21389221561203176,False
334993,16,0.177666,-0.068662,0.24900833333333336,False,0.24629687375109327,False
216161,16,0.222894,-0.06780899999999998,0.28981533333333337,False,0.2092459742554131,False
48896,16,0.272796,-0.064552,0.3360113333333333,False,0.21326726008621788,False
292002,16,0.263531,-0.06344499999999997,0.32641233333333336,False,0.20806485304330355,False
306491,16,0.271321,-0.065745,0.3360876666666666,False,0.20607195355111255,False
6019,16,0.232173,-0.065715,0.297353,False,0.22237868155578108,False
73158,16,0.237298,-0.06858500000000001,0.30391433333333334,False,0.25751967465425674,False
264951,16,0.199542,-0.06877500000000003,0.26709,False,0.26209179094089274,False
347806,16,0.222874,-0.066217,0.2876283333333333,False,0.21895001800471364,False
199295,16,0.175287,-0.07266500000000001,0.24729299999999999,False,0.30957992071232965,False
249974,16,0.241383,-0.067466,0.30782499999999996,False,0.2514970104868924,False
1130,16,0.194916,-0.06966900000000001,0.26341600000000004,False,0.2514502425428107,False
138091,16,0.231108,-0.06799599999999997,0.297968,False,0.24566314796584615,False
324734,16,0.274806,-0.06581799999999999,0.33862499999999995,False,0.18549771622913078,False
14470,16,0.217328,-0.07655900000000002,0.2891936666666667,True,0.46354201624592556,False
254615,16,0.290632,-0.076658,0.36100233333333337,True,0.49061210280375056,False
371112,16,0.241373,-0.06446600000000002,0.30510133333333334,False,0.2721265475101704,False
52418,16,0.258084,-0.06638500000000003,0.32300866666666667,False,0.194691421414033,False
156960,16,0.226994,-0.06667100000000001,0.29253433333333334,False,0.19267117981869533,False
139042,16,0.221061,-0.09060099999999999,0.3027803333333334,True,0.8600585168422651,True
346047,16,0.24417,-0.06527100000000002,0.30821966666666667,False,0.24346422301658183,False
111477,16,0.221285,-0.06596399999999997,0.28672366666666665,False,0.22450393420571468,False
369972,16,0.276571,-0.06428800000000001,0.3399646666666667,False,0.19953710507012132,False
21930,16,0.236217,-0.06673499999999999,0.30260933333333334,False,0.2383234446197405,False
352159,16,0.211997,-0.07111200000000001,0.28178433333333336,False,0.2837915775458085,False
111043,16,0.220171,-0.069185,0.287817,False,0.24668688832481628,False
145684,16,0.234561,-0.06586800000000001,0.29936866666666667,False,0.22611053085851404,False
282579,16,0.274222,-0.06275599999999998,0.33652433333333337,False,0.22820208291341867,False
70407,16,0.240295,-0.06431499999999998,0.30479966666666664,False,0.2616952962140919,False
316526,16,0.248157,-0.06581899999999999,0.31357266666666667,False,0.22848827416511044,False
83707,16,0.20242,-0.06969400000000003,0.27620666666666666,False,0.2601416753215987,False
138403,16,0.197415,-0.071125,0.2672276666666667,False,0.28081078251248526,False
53893,16,0.148116,-0.06964899999999999,0.21672233333333332,False,0.284441278906358,False
193738,16,0.239468,-0.07611500000000002,0.31212066666666666,True,0.4805493154704247,False
178349,16,0.123207,-0.078031,0.199971,False,0.44548557450679965,False
56673,16,0.272518,-0.064332,0.336095,False,0.22151336853892073,False
281137,16,0.293353,-0.061470000000000025,0.354289,False,0.2603167715714533,False
295170,16,0.274431,-0.063718,0.33645233333333335,False,0.22885845419606704,False
106743,16,0.220492,-0.06598499999999999,0.2849406666666667,False,0.23044236269421098,False
336048,16,0.105956,-0.07922600000000002,0.18410600000000002,False,0.4454371398612891,False
290048,16,0.2706,-0.06362200000000001,0.333122,False,0.22241355472705357,False
232328,16,0.262153,-0.06631499999999996,0.32683766666666664,False,0.18244901951276254,False
136716,16,0.219491,-0.066712,0.293139,False,0.21139845328564644,False
142788,16,0.293007,-0.06310699999999997,0.3550766666666667,False,0.17536262155579266,False
183321,16,0.239877,-0.06812600000000002,0.30709766666666666,False,0.2580336910908047,False
35924,16,0.240452,-0.068857,0.30722133333333335,False,0.2708208576731736,False
139258,16,0.25328,-0.06673200000000001,0.31842166666666666,False,0.1996168233220416,False
110140,16,0.224834,-0.067767,0.2913616666666667,False,0.20665252261437694,False
345899,16,0.300148,-0.060197,0.35991700000000004,False,0.2774655777178278,False
42001,16,0.231081,-0.06728100000000001,0.29730700000000004,False,0.24652435056016622,False
258744,16,0.202837,-0.068355,0.27064133333333334,False,0.26553844965404944,False
330879,16,0.282972,-0.060502,0.34301733333333334,False,0.3183737774984899,False
367696,16,0.116939,-0.07582099999999999,0.192451,False,0.34680111848008044,False
149415,16,0.283986,-0.06163099999999999,0.34509133333333336,False,0.2820956983357117,False
198691,16,0.177727,-0.07023000000000001,0.24709,False,0.21880404744818302,False
36466,16,0.259905,-0.06663400000000003,0.3251406666666667,False,0.18466501558089127,False
81158,16,0.275595,-0.07157200000000002,0.34769266666666665,True,0.31730131557571484,False
104248,16,0.194558,-0.06973599999999996,0.2635536666666667,False,0.24678095508975972,False
99829,16,0.175428,-0.072047,0.24685333333333334,False,0.2803595261221508,False
110615,16,0.251432,-0.06580400000000003,0.316476,False,0.18693440756039906,False
157284,16,0.187482,-0.07002,0.256182,False,0.2556855122948265,False
138656,16,0.232243,-0.066748,0.298233,False,0.2255464500576934,False
94036,16,0.135476,-0.07688199999999998,0.21109066666666668,False,0.4129131885188996,False
274088,16,0.246092,-0.066752,0.311814,False,0.2430176353400022,False
215856,16,0.187999,-0.06959499999999999,0.25687133333333334,False,0.26825755441138704,False
263638,16,0.225737,-0.069416,0.29367133333333334,False,0.24783047446068387,False
130970,16,0.192737,-0.06785000000000002,0.25981666666666664,False,0.27951064472674586,False
308944,16,0.078873,-0.08007600000000001,0.158297,False,0.5104477929947462,False
344652,16,0.223645,-0.06876399999999996,0.2913883333333333,False,0.21604492317535942,False
327837,16,0.230075,-0.06859099999999999,0.29755899999999996,False,0.2500560179861555,False
285929,16,0.185817,-0.07283299999999998,0.257627,False,0.3401202478774154,False
128075,16,0.219382,-0.06838800000000003,0.28790366666666667,False,0.2298811475880634,False
62855,16,0.189127,-0.069278,0.25780033333333335,False,0.2729891071319095,False
209186,16,0.267937,-0.06456600000000001,0.33201366666666665,False,0.19552987823528703,False
349665,16,0.277513,-0.063498,0.3397843333333333,False,0.22867388286639273,False
110430,16,0.235479,-0.06590299999999999,0.30049566666666666,False,0.22996479203394765,False
66818,16,0.246069,-0.06842000000000001,0.31309966666666667,False,0.2667972414249165,False
286046,16,0.220715,-0.06841799999999998,0.2885253333333333,False,0.22525559579699586,False
156471,16,0.251994,-0.066,0.31658800000000004,False,0.18974023608223065,False
173239,16,0.232311,-0.06878000000000001,0.299751,False,0.2519160932438274,False
196038,16,0.192491,-0.069358,0.260969,False,0.2699157728263475,False
305402,16,0.291374,-0.061968999999999996,0.3523536666666667,False,0.2321313763282397,False
200562,16,0.273512,-0.06403900000000001,0.33606566666666665,False,0.23930308739739892,False
200078,16,0.284144,-0.06520399999999998,0.34789633333333336,False,0.16371854676270933,False
16829,16,0.258462,-0.06511899999999998,0.322454,False,0.19292091818558232,False
179768,16,0.254246,-0.06524599999999997,0.318559,False,0.19646548526828533,False
290771,16,0.283504,-0.06271400000000005,0.345542,False,0.21768607279328833,False
121981,16,0.197348,-0.06852500000000003,0.269837,False,0.26142808726434535,False
254798,16,0.159986,-0.088982,0.24174933333333334,True,0.8407594050974123,True
165388,16,0.157627,-0.07345000000000002,0.229621,False,0.32939587914171414,False
311969,16,0.295362,-0.061939999999999995,0.35686233333333334,False,0.22718152545717862,False
41833,16,0.204102,-0.069581,0.27289566666666665,False,0.27651855813073845,False
221187,16,0.26112,-0.065475,0.3258936666666667,False,0.17970157612237517,False
119484,16,0.182409,-0.08686500000000003,0.262442,True,0.7876941927897182,True
115574,16,0.233458,-0.08744400000000002,0.319657,True,0.8248048566104671,True
309588,16,0.191,-0.07053100000000001,0.26066833333333334,False,0.2784222504420198,False
208910,16,0.177358,-0.07020300000000002,0.24622566666666668,False,0.22034048846159013,False
16469,16,0.23726,-0.07566399999999998,0.30877166666666667,True,0.46441394147241283,False
4883,16,0.177887,-0.073159,0.24961433333333335,False,0.3130157245454084,False
87194,16,0.215508,-0.070358,0.284875,False,0.26708613292302236,False
186264,16,0.172515,-0.072517,0.24358099999999996,False,0.31927527803618233,False
109842,16,0.160454,-0.07552899999999999,0.23402533333333334,False,0.3826209738969104,False
20836,16,0.299639,-0.06120700000000001,0.35997233333333334,False,0.2435839233389503,False
60472,16,0.224298,-0.085945,0.302639,True,0.7699790704702635,True
256170,16,0.199219,-0.07110599999999997,0.269473,False,0.286649162679618,False
249184,16,0.192505,-0.06976199999999996,0.2612913333333333,False,0.26526354429639676,False
320695,16,0.210539,-0.070748,0.2803373333333333,False,0.2821856837938933,False
352157,16,0.21464,-0.068222,0.2821533333333333,False,0.2413744025913118,False
100814,16,0.081253,-0.080914,0.16137700000000002,False,0.5340319024157618,False
115141,16,0.202538,-0.06986700000000001,0.27145733333333333,False,0.27655582939529927,False
164981,16,0.24986,-0.06678900000000002,0.316045,False,0.2146810805001468,False
30662,16,0.174489,-0.071846,0.24511033333333332,False,0.27878249078354966,False
283423,16,0.21168,-0.06775699999999998,0.2819696666666667,False,0.24034498563913187,False
335243,16,0.190877,-0.080508,0.2670923333333333,True,0.5427035314916846,False
276653,16,0.145716,-0.07516299999999998,0.21962800000000002,False,0.36242345555305494,False
174879,16,0.270296,-0.063311,0.33266666666666667,False,0.22804348456272866,False
34701,16,0.0,-0.056473,0.06644566666666667,False,0.561341655463917,False
139973,16,0.271875,-0.06652200000000003,0.33722066666666667,False,0.2123168249383513,False
1858,16,0.272905,-0.06487799999999999,0.33605799999999997,False,0.20467755304303886,False
354785,16,0.134141,-0.076794,0.20998633333333336,False,0.4099262699549638,False
144194,16,0.0,-0.075799,0.07875166666666666,False,0.4786222892136659,False
161616,17,0.173434,-0.070555,0.24273433333333336,False,0.2476068756311978,False
221846,17,0.227654,-0.06472900000000001,0.29130033333333333,False,0.21593585331117193,False
84698,17,0.203844,-0.06676200000000002,0.26951833333333336,False,0.2552199856800469,False
114629,17,0.078199,-0.07476299999999998,0.152433,False,0.34043196575463813,False
83465,17,0.164892,-0.071159,0.235127,False,0.2853196313040357,False
369398,17,0.099425,-0.07215300000000001,0.17877600000000002,False,0.3088297588106496,False
13112,17,0.121357,-0.075699,0.19613866666666668,False,0.3538053336240748,False
235202,17,0.210267,-0.06427799999999997,0.27396733333333334,False,0.29946319989708475,False
104286,17,0.180173,-0.06744800000000001,0.24655400000000002,False,0.2511691823368653,False
224231,17,0.24346,-0.063718,0.3055396666666667,False,0.29495409813244367,False
12995,17,0.192928,-0.065753,0.25830899999999996,False,0.287129473024456,False
74905,17,0.069211,-0.07844700000000002,0.14695033333333332,False,0.500503908971732,False
294254,17,0.0,-0.071919,0.07405833333333334,False,0.4641127918377502,False
265229,17,0.172827,-0.088893,0.25334433333333334,True,0.8243665955354174,True
366026,17,0.0,-0.061186,0.06915066666666667,False,0.5431713728950892,False
269565,17,0.176727,-0.06973200000000002,0.24538133333333334,False,0.22464628482517454,False
242550,17,0.205375,-0.06492499999999998,0.2698413333333333,False,0.2874656037818086,False
82704,17,0.173274,-0.06981699999999999,0.24236433333333332,False,0.23469137130077328,False
213416,17,0.159488,-0.071353,0.23011366666666666,False,0.2775589835009175,False
45580,17,0.056406,-0.079775,0.13516833333333333,False,0.5507710173310886,False
280043,17,0.044645,-0.079847,0.123766,False,0.5525504858667509,False
50707,17,0.0,-0.024359,0.045308666666666664,False,0.6714194005452917,True
28401,17,0.182994,-0.06615700000000002,0.25407966666666665,False,0.2761919576637438,False
33306,17,0.077089,-0.077174,0.152859,False,0.42465618238797403,False
23114,17,0.108162,-0.07517900000000001,0.18258366666666667,False,0.3088660457630113,False
114987,17,0.113199,-0.07294600000000001,0.19023899999999996,False,0.3127446648945218,False
325666,17,0.238972,-0.06498499999999999,0.30312866666666666,False,0.24646691307819477,False
92826,17,0.191443,-0.06799000000000002,0.2582316666666667,False,0.27398998269324787,False
165868,17,0.097185,-0.072543,0.174173,False,0.2995736735206322,False
306277,17,0.176721,-0.06974000000000002,0.24553900000000004,False,0.22464628482517454,False
219949,17,0.029315,-0.08049,0.108916,False,0.5823830171275648,False
81499,17,0.169542,-0.07162099999999999,0.2399456666666667,False,0.2849769533771931,False
278463,17,0.188852,-0.06763900000000003,0.25678466666666666,False,0.26623193604013756,False
180331,17,0.007359,-0.08337599999999999,0.089785,False,0.7665061188843393,True
294076,17,0.205138,-0.06675400000000004,0.2708916666666667,False,0.2404718488497488,False
160007,17,0.171073,-0.067889,0.23855233333333334,False,0.2767087208955806,False
288528,17,0.136507,-0.083542,0.21536433333333335,True,0.6854698359870374,True
125541,17,0.164064,-0.06965400000000002,0.23302466666666666,False,0.27101362777666865,False
271358,17,0.155961,-0.07079100000000002,0.22614766666666666,False,0.27331087034527135,False
165767,17,0.156305,-0.068576,0.22406866666666667,False,0.28894501985512977,False
52953,17,0.052989,-0.08036199999999999,0.13256166666666666,False,0.5815419844799472,False
57288,17,0.194032,-0.07438199999999998,0.2647873333333333,True,0.35771781715146966,False
116876,17,0.140236,-0.06740399999999999,0.206538,False,0.34398605889089434,False
356263,17,0.165121,-0.06701000000000001,0.23129766666666665,False,0.3154340699899982,False
129087,17,0.202305,-0.06705499999999998,0.2694823333333333,False,0.2723703099108972,False
174160,17,0.180998,-0.08879799999999999,0.261322,True,0.8249439008802719,True
155560,17,0.190312,-0.06407100000000002,0.25379766666666664,False,0.37007519227086977,False
93665,17,0.206644,-0.06541000000000002,0.2713476666666667,False,0.26705826434652047,False
58485,17,0.113615,-0.07500000000000001,0.186904,False,0.3195802020944889,False
10211,17,0.179932,-0.06765499999999999,0.24625433333333335,False,0.2445591760188919,False
18889,17,0.17996,-0.068964,0.24812133333333333,False,0.23342876957325498,False
245392,17,0.131409,-0.07100300000000001,0.20090033333333335,False,0.28037542614590855,False
354005,17,0.174159,-0.06664099999999998,0.239347,False,0.29854987515204096,False
315631,17,0.0,-0.049052,0.060681000000000006,False,0.5760388451238513,False
131813,17,0.152486,-0.068217,0.22058633333333333,False,0.28691675177039094,False
99724,17,0.157203,-0.069469,0.22602566666666668,False,0.2674512446286109,False
215535,17,0.192504,-0.06700600000000001,0.26577366666666663,False,0.2660806985798552,False
351364,17,0.150841,-0.07201099999999999,0.221136,False,0.2751813936056379,False
26633,17,0.197846,-0.06639999999999999,0.263906,False,0.2565753440550457,False
146002,17,0.172167,-0.06858900000000001,0.24484266666666665,False,0.2512032046445571,False
124118,17,0.136971,-0.07286899999999999,0.20904366666666666,False,0.3142946094951694,False
209546,17,0.179115,-0.070664,0.24864699999999998,False,0.24371321189314962,False
293540,17,0.184971,-0.06886799999999998,0.253523,False,0.2529569387439619,False
130111,17,0.157241,-0.06919700000000001,0.2256033333333333,False,0.2776245158501198,False
1701,17,0.101079,-0.075433,0.17525433333333332,False,0.33031552311975004,False
24025,17,0.0,-0.016713,0.043279333333333336,False,0.7108393114811267,True
211694,17,0.201681,-0.08166400000000001,0.277111,True,0.5750281182030718,False
101255,17,0.224192,-0.06498399999999999,0.28871033333333335,False,0.23372906366347745,False
299391,17,0.142375,-0.06880700000000001,0.211055,False,0.32205113791288387,False
139883,17,0.211299,-0.0663,0.2763346666666667,False,0.225764713114149,False
238555,17,0.202842,-0.067101,0.26858333333333334,False,0.2707986781384571,False
221333,17,0.134939,-0.07280899999999998,0.20723899999999998,False,0.3030007790658227,False
30741,17,0.109499,-0.074591,0.18316266666666667,False,0.30542946398357235,False
123314,17,0.131268,-0.07338,0.20390233333333332,False,0.3128926566647506,False
119325,17,0.145575,-0.069601,0.21489233333333335,False,0.28126318186822685,False
86574,17,0.194212,-0.06857600000000003,0.2619723333333333,False,0.25987243203662086,False
341911,17,0.137849,-0.071625,0.20892966666666668,False,0.27325359460523163,False
30866,17,0.169842,-0.06948300000000002,0.238204,False,0.2526082295940169,False
340723,17,0.20792,-0.06701800000000002,0.2742576666666667,False,0.2352815974657883,False
332911,17,0.186628,-0.06558500000000003,0.25126966666666667,False,0.3130232479146701,False
211089,17,0.16796,-0.068963,0.23560366666666666,False,0.27024913821959107,False
281527,17,0.210117,-0.06577500000000003,0.27473166666666665,False,0.2250495162804725,False
164419,17,0.153149,-0.069995,0.22147333333333333,False,0.2469047705301833,False
334030,17,0.059077,-0.07380600000000001,0.14296966666666666,False,0.38591633781040774,False
213058,17,0.179739,-0.08391400000000002,0.2571096666666667,True,0.6680541618607394,True
350737,17,0.193795,-0.06620900000000002,0.2593183333333333,False,0.2789308216045844,False
22780,17,0.051833,-0.079712,0.13037366666666667,False,0.546887747083981,False
112321,17,0.166807,-0.06950099999999998,0.235641,False,0.2664440124584243,False
281168,17,0.225323,-0.064307,0.28817133333333333,False,0.2576081084820739,False
53587,17,0.145742,-0.072323,0.21717866666666666,False,0.31752077036448606,False
139041,17,0.21995,-0.06598299999999999,0.2850493333333333,False,0.23044236269421098,False
199191,17,0.168604,-0.06983400000000001,0.23776966666666666,False,0.2532014659280964,False
338428,17,0.118345,-0.070964,0.18909166666666666,False,0.30516349183264935,False
48625,17,0.100867,-0.07127199999999999,0.170616,False,0.3345673494087517,False
297458,17,0.223558,-0.06577799999999998,0.288189,False,0.2182540195563146,False
137752,17,0.154102,-0.07011400000000001,0.223294,False,0.24567264846502693,False
229734,17,0.078189,-0.07639900000000001,0.153905,False,0.3945724479752209,False
244855,17,0.120853,-0.07195,0.19196566666666667,False,0.300004509223171,False
264979,17,0.112536,-0.07278000000000001,0.18443566666666666,False,0.2957176007167024,False
314019,17,0.074171,-0.07495500000000001,0.14814466666666667,False,0.3924492104458302,False
104633,17,0.205184,-0.06364600000000001,0.26773,False,0.3389746291885753,False
284266,17,0.090791,-0.077301,0.166569,False,0.387037471019696,False
277317,17,0.134592,-0.07147500000000001,0.204997,False,0.28089241850958885,False
289428,17,0.124146,-0.07258699999999998,0.19507933333333335,False,0.29889764300844346,False
288255,17,0.193501,-0.065445,0.26616,False,0.28154143805738874,False
67314,17,0.12194,-0.069928,0.19072266666666668,False,0.30333346859344495,False
219794,17,0.208877,-0.06633700000000001,0.27425499999999997,False,0.23211616003467914,False
130367,17,0.168836,-0.06842399999999998,0.23665499999999998,False,0.2762419323766513,False
335544,17,0.062955,-0.07961700000000001,0.141593,False,0.5291656202485264,False
123930,17,0.076883,-0.07463999999999998,0.15035266666666666,False,0.3697369305755023,False
236708,17,0.10277,-0.074846,0.180607,False,0.3245870696329607,False
146068,17,0.181997,-0.06617100000000001,0.24749200000000002,False,0.2765760489191525,False
298673,17,0.169634,-0.067943,0.23686333333333334,False,0.27220729125243043,False
207425,17,0.189883,-0.06541700000000003,0.2550076666666667,False,0.30271501572596504,False
328962,17,0.0,-0.036726,0.05125766666666667,False,0.5468963347467097,False
145738,17,0.117224,-0.075296,0.191033,False,0.338654259389051,False
146341,17,0.201738,-0.068109,0.26834166666666665,False,0.260077094616086,False
138873,17,0.004181,-0.08115599999999999,0.084574,False,0.6625555517356336,True
191182,17,0.043935,-0.076254,0.12500366666666665,False,0.46145337730882413,False
256131,17,0.210692,-0.06607099999999999,0.27665566666666663,False,0.23832184669323217,False
158606,17,0.14801,-0.070886,0.21782966666666667,False,0.28707483717059745,False
115457,17,0.17082,-0.070348,0.2400253333333333,False,0.24926002639263048,False
281875,17,0.126358,-0.07164100000000001,0.19654866666666668,False,0.26939954734243216,False
129303,17,0.148717,-0.07225200000000001,0.22007466666666667,False,0.30849608660456806,False
267138,17,0.188539,-0.06384799999999996,0.25969,False,0.3833827828747624,False
169951,17,0.187576,-0.07610600000000003,0.259638,True,0.41842228691532446,False
164722,17,0.231656,-0.06400799999999998,0.294566,False,0.25794903414508213,False
356768,17,0.0,-0.081593,0.08193,False,0.6419223468792645,True
254496,17,0.100354,-0.089943,0.18350333333333335,True,0.8178965170763494,True
35337,17,0.109299,-0.072005,0.1801573333333333,False,0.2873752400500461,False
58369,17,0.204247,-0.06598799999999999,0.26966866666666667,False,0.26398556150329733,False
12406,17,0.23377,-0.06407100000000002,0.297217,False,0.27020391948740496,False
345496,17,0.117713,-0.075416,0.1907823333333333,False,0.34788176072135807,False
153878,17,0.136684,-0.07261799999999999,0.20818233333333333,False,0.31730940350936365,False
210325,17,0.08737,-0.07400799999999999,0.160334,False,0.29802200599721507,False
125140,17,0.199306,-0.06884899999999997,0.26702,False,0.2586874265113266,False
41313,17,0.093937,-0.098448,0.18292166666666665,True,0.9241908610589092,True
255155,17,0.133583,-0.07045399999999999,0.20897633333333332,False,0.26423572442866106,False
127400,17,0.165152,-0.072319,0.23602166666666666,False,0.32405328378198506,False
246777,17,0.232764,-0.06435700000000003,0.2959486666666667,False,0.2529728928249321,False
302698,17,0.155134,-0.070192,0.224203,False,0.25865019534604566,False
111754,17,0.088363,-0.09820400000000001,0.1768793333333333,True,0.9176384108511282,True
20302,17,0.201704,-0.06629000000000002,0.2672236666666667,False,0.272388460555417,False
284802,17,0.137682,-0.07281399999999999,0.20950433333333332,False,0.3072374146907703,False
305939,17,0.166636,-0.06726399999999999,0.23342300000000002,False,0.3043071495031264,False
163429,17,0.204905,-0.06655299999999997,0.2698213333333333,False,0.25621271974308407,False
278058,17,0.118913,-0.072063,0.18990466666666664,False,0.29294066720895257,False
221571,17,0.12859,-0.07516299999999998,0.20245233333333332,False,0.34104489533833965,False
78147,17,0.226701,-0.06539900000000001,0.2915626666666667,False,0.20857111997923353,False
173617,17,0.189911,-0.06917000000000001,0.257638,False,0.26797908725960107,False
138685,17,0.093742,-0.07584399999999998,0.1681383333333333,False,0.32882362296025813,False
290414,17,0.063266,-0.079668,0.14156266666666667,False,0.5291656202485264,False
358375,17,0.088298,-0.09369499999999999,0.17468999999999998,True,0.9039070466053066,True
35631,17,0.190787,-0.06798099999999999,0.257756,False,0.275307673955376,False
337039,17,0.222713,-0.065334,0.2865876666666667,False,0.24045413566606205,False
267075,17,0.172931,-0.06901299999999999,0.24125633333333332,False,0.24853268086314637,False
29821,17,0.155809,-0.067192,0.22220066666666669,False,0.31543747194395116,False
294318,17,0.155614,-0.06945499999999999,0.224654,False,0.26563818537005834,False
39523,17,0.22252,-0.06602600000000003,0.28731766666666664,False,0.2174145174464039,False
77643,17,0.196216,-0.066552,0.261147,False,0.2737364613651388,False
237717,17,0.224497,-0.06381900000000001,0.2874716666666667,False,0.29045170844945833,False
5069,17,0.151524,-0.070439,0.22095966666666667,False,0.25708784327574774,False
11028,17,0.159336,-0.083643,0.23685599999999998,True,0.680448889144205,True
303657,17,0.081179,-0.072386,0.15249333333333334,False,0.329455603642974,False
311699,17,0.143606,-0.072516,0.21450900000000003,False,0.3294719136607557,False
242357,17,0.0,-0.079782,0.08294866666666667,True,0.5852822223900107,False
120646,17,0.171649,-0.066638,0.23711466666666667,False,0.2896779910639516,False
312417,17,0.16249,-0.070126,0.23153733333333334,False,0.26317067338489536,False
224622,17,0.085248,-0.07845499999999998,0.162606,False,0.43455763572875933,False
357412,17,0.220562,-0.06629199999999999,0.2856996666666667,False,0.23325385198752002,False
198943,17,0.142163,-0.072264,0.21394733333333335,False,0.31498089676493574,False
252370,17,0.188308,-0.071516,0.25773233333333334,False,0.2965935861932446,False
332523,17,0.170289,-0.07049,0.23987166666666668,False,0.26046101178039593,False
145060,17,0.147739,-0.07178599999999999,0.21936433333333336,False,0.2915693953890332,False
37435,17,0.145809,-0.07125600000000001,0.216325,False,0.2907326401101677,False
282713,17,0.198713,-0.07566399999999998,0.27010533333333336,True,0.40185644948971894,False
289239,17,0.221468,-0.063384,0.2839393333333333,False,0.31529755002891485,False
360446,17,0.182057,-0.07827100000000001,0.256261,True,0.4416163859794296,False
189600,17,0.09563,-0.07490699999999999,0.16946833333333333,False,0.3077378541162587,False
299,17,0.178846,-0.069302,0.24729066666666666,False,0.24637945566491704,False
225332,17,0.139114,-0.069634,0.2077933333333333,False,0.2838708430550535,False
31778,17,0.172529,-0.069998,0.24234633333333333,False,0.23005606581726748,False
60517,17,0.116818,-0.07386899999999999,0.18958433333333333,False,0.3035714709083237,False
58654,17,0.228863,-0.06537699999999999,0.293281,False,0.21159219708358407,False
153709,17,0.204406,-0.06662300000000002,0.2704006666666667,False,0.26303599789325893,False
339757,17,0.18572,-0.068944,0.2531406666666667,False,0.2597501167817309,False
336321,17,0.128793,-0.07098700000000002,0.19933166666666668,False,0.26863549146455395,False
308512,17,0.206823,-0.068001,0.27353833333333333,False,0.2487713727376726,False
210260,17,0.168417,-0.068769,0.23633300000000002,False,0.2813449834414734,False
50819,17,0.170617,-0.06840100000000002,0.23840066666666668,False,0.27257849642868875,False
37149,17,0.165485,-0.097049,0.2520733333333333,True,0.9448223300902981,True
161225,17,0.187682,-0.066993,0.2594223333333333,False,0.27167750964940035,False
362293,17,0.190742,-0.06476800000000002,0.2554686666666667,False,0.3238553615876505,False
178389,17,0.0,-0.070043,0.073619,False,0.4776979918573507,False
221208,17,0.009398,-0.08052,0.08900433333333334,False,0.6879013579072015,True
41291,17,0.108104,-0.084736,0.18775,True,0.64401748349098,True
365214,17,0.156557,-0.07056199999999999,0.22493033333333334,False,0.2633435989623991,False
333281,17,0.200961,-0.06562400000000002,0.26579633333333336,False,0.27447773818130866,False
7737,17,0.064782,-0.072739,0.13634433333333332,False,0.4073730250279459,False
329588,17,0.091852,-0.07796099999999999,0.16833833333333334,False,0.4130962596996826,False
317105,17,0.050963,-0.07796899999999998,0.128024,False,0.5122764738472539,False
361689,17,0.129044,-0.07410800000000001,0.20097733333333334,False,0.3054011071629203,False
281131,17,0.086777,-0.074062,0.16031366666666666,False,0.31304864832652435,False
343638,17,0.16798,-0.069967,0.23732033333333333,False,0.2532014659280964,False
189790,17,0.173038,-0.06750600000000001,0.24013166666666666,False,0.27372180336022506,False
340726,17,0.004902,-0.08412599999999999,0.087577,False,0.7762668050878248,True
72525,17,0.177483,-0.06791900000000001,0.254183,False,0.24634305980803028,False
65444,17,0.236478,-0.06356799999999999,0.302534,False,0.3026823493686098,False
319360,17,0.145783,-0.06754000000000002,0.21251633333333333,False,0.3308144383708504,False
358935,17,0.121174,-0.075072,0.19494466666666665,False,0.34216467358587876,False
100448,17,0.214065,-0.06601600000000002,0.279473,False,0.22487380545376115,False
222075,17,0.134777,-0.07070599999999999,0.20483166666666666,False,0.2836934229982451,False
69369,17,0.154813,-0.068051,0.2222586666666667,False,0.2900829043190813,False
151722,17,0.048246,-0.08020100000000001,0.12754533333333332,False,0.5774870059785188,False
38033,17,0.130968,-0.08448,0.21097266666666667,True,0.6741668375340509,True
128351,17,0.112043,-0.07352700000000001,0.184897,False,0.2936836730407775,False
342871,17,0.15912,-0.06959299999999999,0.227803,False,0.26854442274649554,False
13912,17,0.054777,-0.07874,0.13224066666666667,False,0.5339563545751255,False
351129,17,0.155759,-0.066695,0.22418799999999997,False,0.3119916308967903,False
297365,17,0.152656,-0.070355,0.221917,False,0.2487829528443848,False
240570,17,0.140529,-0.070943,0.210862,False,0.29842271200125164,False
86317,17,0.180837,-0.070331,0.24972433333333333,False,0.2288141215566932,False
99561,17,0.178668,-0.070579,0.24799466666666667,False,0.23987274645869158,False
261740,17,0.123484,-0.071289,0.19397799999999998,False,0.2778733307780147,False
29971,17,0.176684,-0.08766499999999999,0.2558473333333333,True,0.8029300046501271,True
4101,17,0.123854,-0.092826,0.20828166666666667,True,0.8797869803066959,True
176472,17,0.156142,-0.068241,0.22337133333333334,False,0.29941683760064847,False
85669,17,0.154492,-0.07089300000000001,0.22486899999999999,False,0.2612740795737331,False
128393,17,0.215411,-0.06717199999999998,0.2815896666666667,False,0.25034351450377823,False
24702,17,0.075096,-0.07741700000000001,0.15130333333333335,False,0.4513592041160686,False
350152,17,0.235343,-0.06526800000000002,0.299443,False,0.23709926629763944,False
235514,17,0.189741,-0.06492900000000001,0.2537943333333333,False,0.32604830152324704,False
213078,17,0.177514,-0.06886400000000001,0.24580433333333332,False,0.24143877559885135,False
285706,17,0.173038,-0.07073199999999999,0.2427923333333333,False,0.2476068756311978,False
360795,17,0.199258,-0.06591600000000003,0.2646563333333333,False,0.2636607061378381,False
105461,17,0.168398,-0.087281,0.24821166666666664,True,0.7956153639224982,True
266248,17,0.105246,-0.073874,0.18421866666666667,False,0.30857136779979194,False
195779,17,0.15611,-0.070323,0.225931,False,0.2612663437060519,False
84715,17,0.168116,-0.069831,0.23658566666666667,False,0.2547611876389335,False
131659,17,0.167236,-0.068972,0.23562533333333333,False,0.28075948409921586,False
367955,17,0.145457,-0.093413,0.23045400000000002,True,0.9265608785041136,True
170017,17,0.101406,-0.076901,0.17711666666666667,False,0.3836518853233445,False
225994,17,0.125316,-0.07336999999999999,0.19732566666666665,False,0.295985425458433,False
266161,17,0.106255,-0.075083,0.18034400000000003,False,0.32089097189153054,False
83876,17,0.117873,-0.07595199999999999,0.19233766666666666,False,0.3573766769674609,False
29327,17,0.147967,-0.07095600000000002,0.21782333333333334,False,0.28707483717059745,False
247815,17,0.224453,-0.06592399999999998,0.2894586666666667,False,0.21623985170137208,False
149552,17,0.154866,-0.07009399999999999,0.22410066666666664,False,0.24929191926494146,False
68617,17,0.174882,-0.07005699999999998,0.24409333333333336,False,0.2163828481060387,False
65934,17,0.191081,-0.06690200000000002,0.25673033333333334,False,0.26545824389467565,False
289682,17,0.155658,-0.066801,0.22905099999999998,False,0.30928115864860384,False
353036,17,0.122012,-0.071421,0.1919023333333333,False,0.2960747842656758,False
36396,17,0.216936,-0.08051500000000003,0.29094633333333336,True,0.5379082909479184,False
138966,17,0.174796,-0.06850199999999998,0.242779,False,0.25085444303782417,False
63441,17,0.128191,-0.073792,0.20093666666666665,False,0.30058476692686625,False
129973,17,0.08093,-0.07320399999999999,0.153165,False,0.329455603642974,False
185429,17,0.212875,-0.06520200000000001,0.28426666666666667,False,0.2629016797423822,False
308443,17,0.212954,-0.06775,0.28218666666666664,False,0.23747064430127657,False
227942,17,0.221557,-0.06620100000000001,0.28645433333333337,False,0.2255213077848182,False
117806,17,0.108288,-0.074352,0.18161566666666665,False,0.31034191558067525,False
319275,17,0.135788,-0.072405,0.207456,False,0.2936494433772013,False
146037,17,0.110584,-0.07201500000000001,0.18203100000000003,False,0.28491539409540845,False
324282,17,0.108845,-0.07494700000000001,0.1830246666666667,False,0.3056476194620187,False
112065,17,0.223357,-0.06624699999999997,0.28794233333333336,False,0.2192685991784977,False
51332,17,0.154427,-0.071523,0.224784,False,0.2708849744876349,False
262451,17,0.124839,-0.073358,0.19682833333333336,False,0.30381585099863245,False
338784,17,0.163564,-0.07158,0.23389233333333334,False,0.2918704843766246,False
185753,17,0.077981,-0.07586100000000001,0.163498,False,0.3545854051369912,False
351224,17,0.151722,-0.07012100000000002,0.22041333333333335,False,0.2501086856224944,False
36066,17,0.048685,-0.07378100000000001,0.12185733333333333,False,0.4199026187769821,False
318029,17,0.147854,-0.071905,0.21883266666666668,False,0.29526098431560516,False
126286,17,0.199329,-0.066304,0.264869,False,0.26337884586343846,False
112886,17,0.051566,-0.078236,0.128276,False,0.5140115414746612,False
296341,17,0.104441,-0.07327,0.17662933333333333,False,0.3054767396533132,False
68587,17,0.209662,-0.06765200000000002,0.2761713333333333,False,0.22907837783464788,False
81030,17,0.187478,-0.063883,0.2508646666666667,False,0.39935660840067067,False
147721,17,0.239647,-0.06498300000000001,0.3031336666666667,False,0.24335974058099216,False
42982,17,0.123727,-0.072052,0.19496633333333335,False,0.28183369406458303,False
37220,17,0.208394,-0.066806,0.27458333333333335,False,0.22058288067995938,False
222077,17,0.067766,-0.07688299999999999,0.14360133333333333,False,0.4619185704927907,False
368857,17,0.119358,-0.07195800000000001,0.18998233333333334,False,0.2939251942446833,False
290049,17,0.201411,-0.06469599999999998,0.26856966666666665,False,0.3010332767879037,False
120031,17,0.137586,-0.06900899999999999,0.212023,False,0.2939919979371747,False
182981,17,0.180568,-0.06812399999999999,0.24826533333333334,False,0.24307372367275887,False
190306,17,0.177939,-0.06784299999999999,0.24490733333333337,False,0.2513430738393898,False
3407,17,0.096089,-0.07382600000000002,0.168266,False,0.2986573263237276,False
282746,17,0.147171,-0.07280600000000001,0.21873299999999998,False,0.3396350431173774,False
145852,17,0.162977,-0.086306,0.24309766666666666,True,0.7926676911561079,True
73495,17,0.177997,-0.06762900000000002,0.24441933333333332,False,0.25279502842108525,False
373790,17,0.191649,-0.06840099999999999,0.25916266666666665,False,0.27314936535411455,False
130825,17,0.218451,-0.06489099999999998,0.282313,False,0.2637870778623949,False
291382,17,0.158427,-0.0711,0.22897266666666669,False,0.26835168494636197,False
15622,17,0.0,-0.041952,0.06078600000000001,False,0.5625480492782863,False
36287,17,0.209379,-0.06616599999999997,0.2746496666666667,False,0.22606713375615656,False
16663,17,0.149576,-0.07126000000000002,0.219759,False,0.2718066448132262,False
96200,17,0.189548,-0.068969,0.25759566666666667,False,0.26461037077559624,False
26522,17,0.187157,-0.06789700000000001,0.254698,False,0.25880349132671976,False
48390,17,0.163306,-0.06720399999999999,0.22957300000000003,False,0.30104993020115356,False
58650,17,0.16028,-0.07380300000000001,0.23246666666666668,False,0.3416531726542499,False
49453,17,0.137987,-0.07372000000000001,0.210265,False,0.30980058032514785,False
85277,17,0.09931,-0.07473900000000001,0.17286933333333332,False,0.3267389281962116,False
221777,17,0.189571,-0.06897400000000004,0.2580636666666667,False,0.2684440096743485,False
60058,17,0.060254,-0.078321,0.13720933333333332,False,0.4935280465588955,False
194081,17,0.160516,-0.06948700000000002,0.22840733333333332,False,0.2709168670462675,False
53736,17,0.078104,-0.077263,0.15449633333333335,False,0.42435117155598334,False
231649,17,0.220419,-0.06647099999999997,0.28517766666666666,False,0.22858495757436445,False
367671,17,0.201322,-0.066946,0.26710866666666666,False,0.25373211778631233,False
39449,17,0.082828,-0.072006,0.162124,False,0.3175549401405494,False
187595,17,0.138077,-0.07158599999999998,0.20886966666666665,False,0.28006893495767793,False
137340,17,0.054642,-0.07730900000000002,0.13062233333333334,False,0.49015734515850273,False
57487,17,0.039731,-0.081522,0.11957066666666666,False,0.6289127167803754,True
239717,17,0.191032,-0.06560000000000002,0.25590833333333335,False,0.2942307647883475,False
73206,17,0.177748,-0.06954200000000002,0.24624466666666667,False,0.2280383059126536,False
356664,17,0.228724,-0.06450700000000001,0.29246300000000003,False,0.2194070175624681,False
198461,17,0.098745,-0.073152,0.17641566666666667,False,0.3046666021539604,False
54309,17,0.115501,-0.07315499999999998,0.187017,False,0.3052396125177756,False
241331,17,0.188987,-0.06679500000000002,0.255044,False,0.2569519909840374,False
69445,17,0.161364,-0.070967,0.2365246666666667,False,0.27240367196517856,False
266171,17,0.193908,-0.064773,0.2582136666666667,False,0.31313048392149007,False
26289,17,0.101269,-0.07314899999999999,0.17322733333333332,False,0.32269911325299355,False
80132,17,0.10129,-0.07506999999999998,0.17504766666666668,False,0.31718552618153234,False
3770,17,0.112046,-0.075965,0.18682733333333335,False,0.34124665408223426,False
107090,17,0.105616,-0.071974,0.18260266666666666,False,0.30686940121770917,False
97425,17,0.116695,-0.071384,0.18750266666666668,False,0.2963505928604131,False
116619,17,0.224011,-0.06268500000000002,0.2858213333333333,False,0.29673442315026183,False
56117,17,0.14509,-0.08105300000000001,0.222167,True,0.544413607586991,False
240273,17,0.185905,-0.06514999999999999,0.2510513333333333,False,0.33577971691044495,False
342598,17,0.074284,-0.073947,0.14695866666666665,False,0.3728790188101414,False
237881,17,0.124308,-0.07230800000000001,0.19575566666666666,False,0.29221693326714165,False
177892,17,0.149863,-0.07186800000000002,0.22080200000000003,False,0.280375699406754,False
44907,17,0.112684,-0.07384199999999999,0.18522233333333335,False,0.28893640033901496,False
346692,17,0.201881,-0.06659299999999999,0.26793300000000003,False,0.26857697315018936,False
282789,17,0.126697,-0.073742,0.1993113333333333,False,0.29264194441349595,False
47662,17,0.121358,-0.09282300000000002,0.2069673333333333,True,0.8817707846498589,True
325405,17,0.114867,-0.07123100000000002,0.18532466666666667,False,0.29069860243240575,False
82920,17,0.148969,-0.071665,0.21962066666666666,False,0.2768959608475266,False
81516,17,0.142696,-0.073878,0.21489533333333333,False,0.3492843847307317,False
20916,17,0.141474,-0.07282100000000002,0.21358266666666667,False,0.3355995638841233,False
49123,17,0.0,-0.075511,0.07710633333333333,False,0.47549523088656626,False
89725,17,0.17689,-0.06786900000000001,0.24327200000000002,False,0.2593057212248544,False
201728,17,0.114113,-0.07418599999999999,0.18726933333333332,False,0.29952566395782143,False
172103,17,0.193868,-0.06579299999999996,0.258621,False,0.27788958254731416,False
141530,17,0.197491,-0.06618300000000002,0.26275200000000004,False,0.26703037516699435,False
122049,17,0.170672,-0.069993,0.23901766666666666,False,0.25415787977147064,False
229690,17,0.101939,-0.09426100000000001,0.18795633333333336,True,0.913029658984378,True
247974,17,0.145215,-0.07361499999999999,0.21707466666666667,False,0.34037447438262025,False
30369,17,0.128292,-0.083373,0.207367,True,0.6528315572941833,True
191277,17,0.193157,-0.06841699999999998,0.26031366666666667,False,0.2718103599290884,False
306012,17,0.151415,-0.07127700000000001,0.221444,False,0.265621262531883,False
209400,17,0.084932,-0.07634200000000001,0.15979533333333332,False,0.3714015354603902,False
31959,17,0.094744,-0.07256000000000001,0.16696133333333332,False,0.3007459521426151,False
85197,17,0.18489,-0.070712,0.25417566666666663,False,0.26466236498661905,False
117026,17,0.0,-0.017119,0.03900633333333333,False,0.7077911735174796,True
357599,17,0.206414,-0.06609599999999999,0.27102133333333334,False,0.2558059578178001,False
193575,17,0.092454,-0.075278,0.16629466666666667,False,0.3170554710698534,False
177254,17,0.154832,-0.06534500000000001,0.21972899999999998,False,0.34967030437245844,False
279291,17,0.077905,-0.093669,0.16423066666666666,True,0.9091239309132256,True
347011,17,0.190665,-0.06652100000000002,0.2570073333333333,False,0.29037706437232674,False
55789,17,0.223313,-0.065435,0.2877676666666667,False,0.22847957975196362,False
277408,17,0.185849,-0.068695,0.25370699999999996,False,0.2654370126282611,False
140373,17,0.121948,-0.07358400000000001,0.19419033333333335,False,0.3037991688437918,False
240870,17,0.099884,-0.07617299999999999,0.174546,False,0.3647113744724132,False
188208,17,0.0879,-0.077047,0.16355766666666668,False,0.39091078148827874,False
120087,17,0.134202,-0.07321000000000003,0.20582066666666665,False,0.3174585127208563,False
312690,17,0.161379,-0.069856,0.23048266666666664,False,0.25305209756911856,False
207505,17,0.155181,-0.06994399999999998,0.223954,False,0.2598892787140109,False
80131,17,0.184266,-0.06430899999999998,0.248336,False,0.34239906518247604,False
114137,17,0.149654,-0.07149699999999998,0.22026333333333334,False,0.27554955680051824,False
139893,17,0.207188,-0.06348000000000001,0.2699126666666667,False,0.34677633950416675,False
204693,17,0.142686,-0.071879,0.21360866666666667,False,0.3008672181054315,False
332547,17,0.18371,-0.06885,0.25172100000000003,False,0.25253469035272125,False
82540,17,0.147682,-0.070388,0.216742,False,0.27495899516839367,False
38409,17,0.155408,-0.06992200000000001,0.224576,False,0.2552028794241293,False
124782,17,0.164118,-0.07026299999999999,0.23332166666666668,False,0.26520141494223126,False
51599,17,0.185806,-0.06816999999999998,0.25304666666666664,False,0.2612047582539102,False
302100,17,0.174573,-0.065963,0.23985133333333333,False,0.30062063195273137,False
184101,17,0.177682,-0.07047399999999998,0.2472,False,0.2331749124803787,False
303520,17,0.190083,-0.06894899999999998,0.2580153333333333,False,0.26419980575821067,False
33568,17,0.197026,-0.06642,0.2622946666666667,False,0.26754967587922057,False
334993,17,0.087855,-0.08981099999999999,0.17061633333333334,True,0.8085938604343219,True
216161,17,0.151911,-0.07098300000000002,0.221836,False,0.2593593510348575,False
48896,17,0.206293,-0.06650299999999998,0.2721456666666667,False,0.260026999550114,False
292002,17,0.197034,-0.06649700000000003,0.2625136666666667,False,0.2762984574203121,False
306491,17,0.202109,-0.06921199999999997,0.2701653333333333,False,0.26968912963980385,False
6019,17,0.163003,-0.06916999999999998,0.23102133333333333,False,0.27958760265725296,False
73158,17,0.167199,-0.07009900000000002,0.23679333333333333,False,0.2620689085742831,False
264951,17,0.127802,-0.07174,0.19855366666666666,False,0.26597946699370256,False
347806,17,0.154523,-0.068351,0.22216266666666665,False,0.28724487062594617,False
199295,17,0.089052,-0.08623499999999999,0.17076366666666667,True,0.7489526709787536,True
249974,17,0.171562,-0.069821,0.24059799999999998,False,0.2430423341861592,False
1130,17,0.123696,-0.07122,0.194399,False,0.2841854153585872,False
138091,17,0.127605,-0.10350300000000001,0.21927233333333332,True,0.9531700798861034,True
324734,17,0.207939,-0.06686699999999998,0.27445633333333336,False,0.22505954430056996,False
14470,17,0.131816,-0.085512,0.21434366666666668,True,0.7197366017651393,True
254615,17,0.227658,-0.062974,0.29519333333333336,False,0.2639228291458349,False
371112,17,0.172577,-0.068796,0.23992966666666668,False,0.26417492470158155,False
52418,17,0.190297,-0.06778699999999999,0.25761666666666666,False,0.27382892339154535,False
156960,17,0.156486,-0.07050800000000002,0.225715,False,0.2680465387314981,False
139042,17,0.150501,-0.07056000000000001,0.22774133333333335,False,0.2635309502315336,False
346047,17,0.176526,-0.06764400000000001,0.243379,False,0.2600008730148411,False
111477,17,0.152932,-0.068353,0.22048866666666667,False,0.28691675177039094,False
369972,17,0.209327,-0.067244,0.2755856666666667,False,0.2382594000321036,False
21930,17,0.166291,-0.06992600000000002,0.23515333333333333,False,0.26363463190554215,False
352159,17,0.140888,-0.07110899999999998,0.211998,False,0.304992052030491,False
111043,17,0.148049,-0.07212200000000002,0.21919199999999997,False,0.30205352073069597,False
145684,17,0.164767,-0.069794,0.2332523333333333,False,0.27305125082698756,False
282579,17,0.208014,-0.06620800000000002,0.27307133333333333,False,0.2573674422884698,False
70407,17,0.172766,-0.067529,0.23922366666666664,False,0.28178936785882075,False
316526,17,0.178457,-0.06969999999999998,0.24686333333333332,False,0.2280383059126536,False
83707,17,0.129918,-0.07250199999999998,0.201484,False,0.3079554935055792,False
138403,17,0.12381,-0.073605,0.19658833333333334,False,0.3064206420668439,False
53893,17,0.075408,-0.072708,0.14709633333333333,False,0.38446501280566314,False
193738,17,0.169552,-0.06991599999999998,0.24153433333333332,False,0.24436475815905892,False
178349,17,0.043904,-0.079303,0.12278299999999999,False,0.5420164334683795,False
56673,17,0.205269,-0.06724899999999998,0.27154566666666663,False,0.25986629008493933,False
281137,17,0.226965,-0.06638799999999997,0.29171366666666665,False,0.19896786254626492,False
295170,17,0.183373,-0.09105799999999997,0.2653176666666666,True,0.8517401625737299,True
106743,17,0.152348,-0.06814399999999998,0.21977233333333332,False,0.28533528140316033,False
336048,17,0.002684,-0.10327199999999999,0.09794066666666668,True,1.0,True
290048,17,0.203457,-0.06714300000000001,0.2694263333333333,False,0.2750656450980824,False
232328,17,0.193666,-0.06848700000000002,0.26142899999999997,False,0.25992054535642417,False
136716,17,0.149051,-0.07044,0.2182483333333333,False,0.2731797515923855,False
142788,17,0.228526,-0.06448100000000001,0.292549,False,0.22824994009473407,False
183321,17,0.169528,-0.070349,0.23913600000000002,False,0.2690798866578342,False
35924,17,0.169713,-0.070739,0.23982466666666666,False,0.26046101178039593,False
139258,17,0.169743,-0.083537,0.24767833333333333,True,0.6707577699853152,True
110140,17,0.154588,-0.070246,0.2240076666666667,False,0.25084899493497154,False
345899,17,0.237614,-0.06253400000000003,0.299369,False,0.30567453646271103,False
42001,17,0.159906,-0.07117500000000002,0.229783,False,0.2730648002462296,False
258744,17,0.131696,-0.07114099999999998,0.20190833333333333,False,0.2863662498274005,False
330879,17,0.20831,-0.074662,0.278252,True,0.39431715507130305,False
367696,17,0.036336,-0.08060300000000001,0.11534499999999999,False,0.5785722539796007,False
149415,17,0.217317,-0.066669,0.28230666666666665,False,0.23247731471013697,False
198691,17,0.10398,-0.073747,0.17655466666666667,False,0.30155514259069083,False
36466,17,0.192558,-0.06734699999999999,0.2596673333333333,False,0.27657407263712835,False
81158,17,0.210984,-0.06461099999999997,0.27791533333333335,False,0.26711685860257733,False
104248,17,0.120446,-0.07411200000000001,0.19309933333333332,False,0.3099445084294115,False
99829,17,0.100284,-0.075144,0.17439566666666664,False,0.31845600856247636,False
110615,17,0.182849,-0.06858299999999998,0.2505056666666667,False,0.2548493128257947,False
157284,17,0.114702,-0.07278000000000001,0.186562,False,0.3036457493465838,False
138656,17,0.162991,-0.06925200000000001,0.23140833333333333,False,0.2870822365806112,False
94036,17,0.055333,-0.08014300000000002,0.134389,False,0.5856304196884967,False
274088,17,0.177293,-0.068799,0.24540966666666666,False,0.24808269422708076,False
215856,17,0.115328,-0.072671,0.18697366666666668,False,0.30500310420546684,False
263638,17,0.15372,-0.072017,0.22487,False,0.2769444285582395,False
130970,17,0.122096,-0.070641,0.19180666666666668,False,0.3021675538625658,False
308944,17,0.0,-0.078873,0.079274,False,0.5533671986613565,False
344652,17,0.1523,-0.07134500000000002,0.22278466666666666,False,0.26696192168843197,False
327837,17,0.157866,-0.072209,0.228869,False,0.3054456710328681,False
285929,17,0.110071,-0.07574600000000001,0.18484599999999998,False,0.31246171877484763,False
128075,17,0.144836,-0.074546,0.21732933333333335,False,0.3720673373704191,False
62855,17,0.116089,-0.07303799999999999,0.18787366666666663,False,0.30876171370498706,False
209186,17,0.200104,-0.06783299999999998,0.266848,False,0.2624317272615066,False
349665,17,0.211623,-0.06589,0.27671566666666664,False,0.2357508424655362,False
110430,17,0.166833,-0.06864599999999998,0.23456466666666667,False,0.2868261386625496,False
66818,17,0.175612,-0.07045700000000002,0.24539,False,0.23463940490451993,False
286046,17,0.149007,-0.071708,0.21961833333333333,False,0.27847171935389464,False
156471,17,0.16512,-0.086874,0.245036,True,0.8147169356289575,True
173239,17,0.144176,-0.08813499999999999,0.22585933333333333,True,0.8289289523630675,True
196038,17,0.118381,-0.07411,0.19090700000000002,False,0.31480485528368574,False
305402,17,0.226679,-0.06469500000000003,0.29046533333333335,False,0.21900589143576651,False
200562,17,0.206874,-0.06663799999999998,0.2726456666666666,False,0.2535979171017392,False
200078,17,0.216689,-0.06745500000000001,0.28339366666666665,False,0.23948548528658792,False
16829,17,0.191823,-0.06663900000000003,0.25795533333333337,False,0.2764670049178147,False
179768,17,0.184905,-0.06934100000000001,0.252881,False,0.24751764138550034,False
290771,17,0.217768,-0.06573599999999999,0.2824966666666667,False,0.2323274149077766,False
121981,17,0.125981,-0.07136699999999999,0.19640066666666667,False,0.27242830922822636,False
254798,17,0.086121,-0.07386499999999999,0.165025,False,0.3123379784969663,False
165388,17,0.081675,-0.07595199999999999,0.156793,False,0.35602905761201814,False
311969,17,0.229451,-0.06591100000000003,0.29403833333333335,False,0.20269519292417124,False
41833,17,0.130788,-0.07331400000000002,0.20285766666666669,False,0.31186232991380414,False
221187,17,0.181782,-0.07933800000000002,0.25649900000000003,True,0.473921865423309,False
119484,17,0.10991,-0.072499,0.18719766666666668,False,0.29585262170717713,False
115574,17,0.164826,-0.068632,0.23972866666666667,False,0.2985941345057216,False
309588,17,0.106666,-0.084334,0.186399,True,0.6675457430386768,True
208910,17,0.087662,-0.08969599999999998,0.1708603333333333,True,0.8085938604343219,True
16469,17,0.167545,-0.069715,0.23924299999999998,False,0.2690798866578342,False
4883,17,0.10211,-0.07577699999999998,0.1770143333333333,False,0.33241663531763094,False
87194,17,0.143406,-0.072102,0.21492666666666668,False,0.31817326033047405,False
186264,17,0.097908,-0.074607,0.17181833333333332,False,0.31750724066325964,False
109842,17,0.082549,-0.07790500000000002,0.159662,False,0.4280879798791307,False
20836,17,0.235607,-0.06403199999999998,0.2986973333333333,False,0.28090580085126193,False
60472,17,0.157047,-0.067251,0.23052933333333334,False,0.31695624188212695,False
256170,17,0.12509,-0.074129,0.19821133333333332,False,0.28920169333441526,False
249184,17,0.117945,-0.07456000000000002,0.19090566666666664,False,0.33476886655234667,False
320695,17,0.137238,-0.073301,0.209688,False,0.31840053042732597,False
352157,17,0.144539,-0.070101,0.21401366666666666,False,0.27486796127107904,False
100814,17,0.0,-0.081253,0.08114,False,0.6288210253395592,True
115141,17,0.127908,-0.07463,0.20095033333333334,False,0.33630795682239684,False
164981,17,0.179914,-0.06994600000000001,0.24880766666666668,False,0.21633326380185333,False
30662,17,0.100259,-0.07423,0.1736943333333333,False,0.30661461117274025,False
283423,17,0.140794,-0.070886,0.210637,False,0.29842271200125164,False
335243,17,0.119169,-0.071708,0.19381033333333333,False,0.28590288534480046,False
276653,17,0.069175,-0.07654100000000001,0.14525666666666667,False,0.456716667312028,False
174879,17,0.173964,-0.09633199999999997,0.259289,True,0.9248536254906666,True
34701,17,0.0,0.0,0.018824333333333335,False,0.40656887584386586,False
139973,17,0.205383,-0.06649199999999997,0.271885,False,0.25068912407323435,False
1858,17,0.207144,-0.06576100000000001,0.27261066666666667,False,0.25633583859990877,False
354785,17,0.053428,-0.08071300000000001,0.13283466666666668,False,0.5904689603640495,False
144194,17,0.0,0.0,0.025266333333333335,True,0.5723467305128771,False
161616,18,0.101261,-0.072173,0.17289466666666667,False,0.31943958667065886,False
221846,18,0.139487,-0.088167,0.21984133333333333,True,0.8272697885786676,True
84698,18,0.116462,-0.087382,0.19697066666666666,True,0.7807859230032586,True
114629,18,0.000704,-0.07749500000000001,0.07728833333333333,False,0.5156198545929706,False
83465,18,0.091352,-0.07354000000000001,0.16409833333333335,False,0.30477292158076524,False
369398,18,0.024107,-0.075318,0.09837,False,0.4830280529730166,False
13112,18,0.043666,-0.07769100000000001,0.12069300000000001,False,0.4981013356832876,False
235202,18,0.14196,-0.068307,0.208924,False,0.3305316219530808,False
104286,18,0.10962,-0.070553,0.17913800000000002,False,0.29441923856757335,False
224231,18,0.176099,-0.067361,0.24224566666666666,False,0.26670037378525413,False
12995,18,0.124282,-0.06864599999999998,0.19196366666666664,False,0.32925498152266297,False
74905,18,0.0,-0.069211,0.07228966666666667,False,0.49342392472028096,False
294254,18,0.0,0.0,0.023972999999999998,False,0.515441881460047,False
265229,18,0.104282,-0.06854500000000001,0.17960966666666667,False,0.36663587909881823,False
366026,18,0.0,0.0,0.02039533333333333,False,0.42597600370817357,False
269565,18,0.104188,-0.07253899999999999,0.17579133333333333,False,0.299609874766048,False
242550,18,0.135631,-0.069744,0.20376866666666668,False,0.2800200320568522,False
82704,18,0.10211,-0.071164,0.172825,False,0.33448459142815845,False
213416,18,0.084717,-0.07477099999999999,0.15834866666666667,False,0.3186753029451792,False
45580,18,0.0,-0.056406,0.06419566666666666,False,0.5580705743046925,False
280043,18,0.0,-0.044645,0.056379000000000005,False,0.537212898517232,False
50707,18,0.0,0.0,0.008119666666666666,False,0.3694321186904173,False
28401,18,0.111662,-0.07133199999999999,0.181269,False,0.2926766419509517,False
33306,18,0.0,-0.077089,0.07711733333333333,False,0.5045236806274186,False
23114,18,0.029477,-0.07868499999999999,0.10699333333333333,False,0.5409811824962448,False
114987,18,0.037742,-0.075457,0.112362,False,0.43765853962339135,False
325666,18,0.171909,-0.06706299999999998,0.23827933333333332,False,0.28448746518695595,False
92826,18,0.118505,-0.072938,0.18979366666666667,False,0.31002767745772014,False
165868,18,0.023089,-0.074096,0.09666733333333333,False,0.48659373135968353,False
306277,18,0.104137,-0.072584,0.17577299999999998,False,0.299609874766048,False
219949,18,0.0,-0.029315,0.04637333333333333,False,0.5973446914159029,False
81499,18,0.085135,-0.084407,0.16528,True,0.6715519824391321,True
278463,18,0.118215,-0.07063699999999999,0.18785266666666667,False,0.3024440783371287,False
180331,18,0.0,-0.007359,0.032698,False,0.7034919726551281,True
294076,18,0.135082,-0.07005599999999998,0.20403733333333332,False,0.27339298411797514,False
160007,18,0.098897,-0.072176,0.16964400000000002,False,0.31407991299876087,False
288528,18,0.061125,-0.07538199999999999,0.139227,False,0.42448980521316604,False
125541,18,0.08949,-0.07457399999999999,0.16242399999999999,False,0.3119669445208343,False
271358,18,0.08108,-0.07488099999999999,0.15459766666666666,False,0.34201774928334633,False
165767,18,0.082765,-0.07354,0.15465033333333333,False,0.3237483973026934,False
52953,18,0.0,-0.052989,0.06211333333333333,False,0.5737053874599266,False
57288,18,0.124999,-0.06903300000000001,0.195815,False,0.29212914495042874,False
116876,18,0.059652,-0.080584,0.13584266666666667,True,0.5671983851901663,False
356263,18,0.095683,-0.06943799999999999,0.16431166666666666,False,0.35549275753575954,False
129087,18,0.119985,-0.08232000000000002,0.19721666666666668,True,0.5988020076311381,False
174160,18,0.096135,-0.084863,0.18230966666666668,True,0.671702782538743,True
155560,18,0.123893,-0.066419,0.18952933333333336,False,0.358016778579051,False
93665,18,0.139028,-0.06761599999999998,0.20590866666666666,False,0.33730546566591374,False
58485,18,0.038593,-0.07502199999999999,0.11360766666666666,False,0.43023515537412926,False
10211,18,0.109163,-0.07076900000000001,0.178894,False,0.29759555014796774,False
18889,18,0.108681,-0.07127900000000001,0.17918833333333337,False,0.2965427309119754,False
245392,18,0.057713,-0.073696,0.13051133333333334,False,0.41851974364374384,False
354005,18,0.105938,-0.068221,0.1736323333333333,False,0.38809186580054017,False
315631,18,0.0,0.0,0.016350666666666666,False,0.37126321687734815,False
131813,18,0.080262,-0.07222400000000001,0.15115033333333336,False,0.3574850746095004,False
99724,18,0.084078,-0.07312500000000001,0.15598433333333334,False,0.3239622153820808,False
215535,18,0.121409,-0.071095,0.191141,False,0.3050504944095405,False
351364,18,0.077232,-0.07360900000000001,0.15030833333333335,False,0.35057093841464876,False
26633,18,0.127529,-0.07031699999999999,0.19654033333333332,False,0.2697955615463386,False
146002,18,0.100274,-0.07189299999999998,0.17106566666666667,False,0.30928111093270155,False
124118,18,0.060886,-0.07608500000000001,0.13589900000000002,False,0.44974086940008867,False
209546,18,0.107377,-0.071738,0.17875699999999997,False,0.30390701171241385,False
293540,18,0.113083,-0.071888,0.1839643333333333,False,0.27869683472927786,False
130111,18,0.084908,-0.072333,0.15619566666666665,False,0.3181113933843364,False
1701,18,0.021602,-0.079477,0.099731,False,0.5882294325504448,False
24025,18,0.0,0.0,0.0055709999999999996,False,0.3977422614329508,False
211694,18,0.133487,-0.068194,0.206171,False,0.3160021959632364,False
101255,18,0.154551,-0.06964100000000001,0.22263966666666665,False,0.253456307997115,False
299391,18,0.050054,-0.092321,0.134537,True,0.8366661745179387,True
139883,18,0.142579,-0.06871999999999998,0.2104923333333333,False,0.32687336085140595,False
238555,18,0.134415,-0.06842699999999999,0.2024,False,0.32466178364129944,False
221333,18,0.060271,-0.07466800000000001,0.13431933333333332,False,0.4134472613226235,False
30741,18,0.032658,-0.07684099999999999,0.108749,False,0.46126358016889557,False
123314,18,0.053835,-0.077433,0.129917,False,0.4905139844974664,False
119325,18,0.072187,-0.07338800000000001,0.14431266666666667,False,0.36871167529197324,False
86574,18,0.123935,-0.07027699999999999,0.19364499999999998,False,0.2750184016761343,False
341911,18,0.061995,-0.075854,0.13643933333333333,False,0.42644803121807856,False
30866,18,0.098576,-0.071266,0.16924766666666669,False,0.3313410424353385,False
340723,18,0.139631,-0.06828899999999999,0.20749633333333337,False,0.32669991414139415,False
332911,18,0.116907,-0.06972099999999999,0.18524933333333335,False,0.2849926526321718,False
211089,18,0.095348,-0.072612,0.16674366666666665,False,0.30829158150965025,False
281527,18,0.140819,-0.069298,0.2089426666666667,False,0.3091131784546727,False
164419,18,0.081132,-0.07201700000000001,0.152475,False,0.3298947237499867,False
334030,18,0.0,-0.059077,0.06398666666666666,False,0.5336868211947408,False
213058,18,0.110906,-0.068833,0.184766,False,0.3314819867628562,False
350737,18,0.124286,-0.069509,0.19269499999999998,False,0.28028648488309305,False
22780,18,0.0,-0.051833,0.06112599999999999,False,0.5674336277632669,False
112321,18,0.094035,-0.07277200000000002,0.16571666666666665,False,0.30663920406004375,False
281168,18,0.158614,-0.06670899999999999,0.22452233333333335,False,0.30982484189036663,False
53587,18,0.069328,-0.07641400000000001,0.14437833333333336,False,0.4527691730473848,False
139041,18,0.152112,-0.06783800000000001,0.21933166666666667,False,0.29737141998764405,False
199191,18,0.083534,-0.08507,0.16352533333333333,True,0.7151634015161337,True
338428,18,0.043243,-0.075102,0.11696566666666668,False,0.43621176769356784,False
48625,18,0.025796,-0.075071,0.09960066666666667,False,0.4512427316581959,False
297458,18,0.15612,-0.067438,0.22300466666666666,False,0.30896515290484033,False
137752,18,0.0801,-0.07400199999999998,0.152806,False,0.324124947801022,False
229734,18,0.0,-0.078189,0.07759233333333333,False,0.5346592817881071,False
244855,18,0.020566,-0.100287,0.11140733333333334,True,0.9422980710119383,True
264979,18,0.035428,-0.077108,0.11109333333333334,False,0.4739001335308837,False
314019,18,0.0,-0.074171,0.07443233333333334,False,0.43714431214929644,False
104633,18,0.140564,-0.06462000000000001,0.20485933333333337,False,0.39810777484297866,False
284266,18,0.010626,-0.080165,0.08983633333333334,False,0.6561402473705998,True
277317,18,0.04325,-0.09134199999999999,0.12796966666666668,True,0.8567070638190304,True
289428,18,0.037933,-0.08621300000000001,0.119604,True,0.7968516359165708,True
288255,18,0.100247,-0.093254,0.18423133333333333,True,0.8943609816251737,True
67314,18,0.05028,-0.07166,0.12136266666666667,False,0.4411491583379758,False
219794,18,0.12373,-0.085147,0.202607,True,0.7244683092655346,True
130367,18,0.097517,-0.07131900000000001,0.167871,False,0.3267484273689206,False
335544,18,0.0,-0.062955,0.068509,True,0.5269878699729968,False
123930,18,0.0,-0.076883,0.07613533333333333,False,0.495892112370155,False
236708,18,0.02346,-0.07930999999999999,0.101282,False,0.5651149317355245,False
146068,18,0.112658,-0.069339,0.180941,False,0.3083028287289564,False
298673,18,0.097969,-0.071665,0.1683933333333333,False,0.3167425908839059,False
207425,18,0.119905,-0.069978,0.18836266666666668,False,0.3052039691225603,False
328962,18,0.0,0.0,0.012242000000000001,False,0.34693294817390324,False
145738,18,0.040661,-0.07656299999999999,0.11680166666666665,False,0.46732473133375474,False
146341,18,0.131897,-0.06984100000000001,0.20116066666666665,False,0.26937717518626303,False
138873,18,0.0,-0.004181,0.029839333333333332,False,0.7051371715583016,True
191182,18,0.0,-0.043935,0.054708,False,0.5196895735579188,False
256131,18,0.140711,-0.06998099999999999,0.20938866666666667,False,0.28433929788856455,False
158606,18,0.073881,-0.074129,0.146929,False,0.37616157188305543,False
115457,18,0.099574,-0.071246,0.17052066666666665,False,0.3342325907841472,False
281875,18,0.050944,-0.075414,0.12510033333333334,False,0.45744592570992565,False
129303,18,0.075209,-0.07350799999999999,0.14829833333333334,False,0.3803669237589894,False
267138,18,0.120505,-0.06803400000000001,0.18714366666666668,False,0.3586955403595883,False
169951,18,0.117951,-0.06962499999999999,0.18973633333333337,False,0.3052416996761649,False
164722,18,0.163528,-0.068128,0.23028266666666666,False,0.2835464266318261,False
356768,18,0.0,0.0,0.027197666666666665,False,0.5920515340594937,False
254496,18,0.025624,-0.07472999999999999,0.10542499999999999,False,0.43461487362516454,False
35337,18,0.033132,-0.07616699999999998,0.10791166666666667,False,0.44407746255161223,False
58369,18,0.134435,-0.06981200000000001,0.20297233333333334,False,0.27891024639248285,False
12406,18,0.168245,-0.065525,0.23328533333333334,False,0.3314855301538551,False
345496,18,0.042296,-0.075417,0.11771266666666667,False,0.44981232381719916,False
153878,18,0.061622,-0.07506199999999999,0.13586933333333331,False,0.4223036404398931,False
210325,18,0.01069,-0.07668,0.08647933333333334,False,0.5626646579644669,False
125140,18,0.12765,-0.071656,0.19837033333333332,False,0.26597946699370256,False
41313,18,0.01798,-0.07595700000000001,0.10143400000000001,False,0.4873034411416215,False
255155,18,0.059878,-0.073705,0.13249933333333333,False,0.40942359140583845,False
127400,18,0.072255,-0.092897,0.15829266666666666,True,0.8669926757000974,True
246777,18,0.165625,-0.067139,0.2318366666666667,False,0.3171791166608246,False
302698,18,0.082414,-0.07271999999999999,0.15429133333333334,False,0.32614197816500706,False
111754,18,0.012967,-0.07539599999999999,0.09596566666666667,False,0.4940629494770552,False
20302,18,0.132517,-0.069187,0.20073833333333332,False,0.292641342000542,False
284802,18,0.063803,-0.073879,0.137327,False,0.41110889642690557,False
305939,18,0.09512,-0.07151600000000001,0.16521866666666665,False,0.3115527584907256,False
163429,18,0.13728,-0.06762499999999999,0.20454766666666666,False,0.33730546566591374,False
278058,18,0.044299,-0.07461400000000001,0.11806266666666666,False,0.4174537924364898,False
221571,18,0.051088,-0.07750200000000002,0.12781033333333333,False,0.492409015606969,False
78147,18,0.156268,-0.07043300000000002,0.225023,False,0.2633435989623991,False
173617,18,0.120364,-0.069547,0.18978533333333333,False,0.31129641280868725,False
138685,18,0.01421,-0.079532,0.09251266666666667,False,0.6040600309203754,False
290414,18,0.0,-0.063266,0.06873333333333333,False,0.5220181395260782,False
358375,18,0.010167,-0.078131,0.093486,False,0.5809645354362621,False
35631,18,0.11854,-0.072247,0.189365,False,0.30064843077002834,False
337039,18,0.155041,-0.06767199999999998,0.22193366666666667,False,0.29793678131452234,False
267075,18,0.101076,-0.071855,0.17198366666666667,False,0.3053105548922788,False
29821,18,0.086958,-0.06885100000000001,0.155256,False,0.3909114326911061,False
294318,18,0.080901,-0.074713,0.15386133333333332,False,0.3322397353874964,False
39523,18,0.154435,-0.068085,0.22183366666666668,False,0.28849929250088496,False
77643,18,0.128538,-0.06767799999999999,0.19584066666666666,False,0.32580710253513984,False
237717,18,0.158529,-0.065968,0.22378066666666666,False,0.3389833226347898,False
5069,18,0.077864,-0.07365999999999999,0.15045033333333332,False,0.3505161064544201,False
11028,18,0.08838,-0.070956,0.163565,False,0.33234402925019607,False
303657,18,0.0037,-0.077479,0.07948133333333333,False,0.5451956989848106,False
311699,18,0.067787,-0.07581900000000001,0.14250500000000002,False,0.42053985754133877,False
242357,18,0.0,0.0,0.026594000000000003,False,0.579456841163056,False
120646,18,0.085242,-0.086407,0.16505933333333334,True,0.777783301349577,True
312417,18,0.089496,-0.07299399999999999,0.16153399999999998,False,0.3114164939986246,False
224622,18,0.00374,-0.08150800000000001,0.08423033333333334,False,0.684834014715354,True
357412,18,0.119982,-0.10058,0.20913266666666666,True,0.9456288359190339,True
198943,18,0.066093,-0.07607000000000001,0.14089433333333334,False,0.4406979163045123,False
252370,18,0.104867,-0.083441,0.184333,True,0.6539415068666171,True
332523,18,0.09924,-0.071049,0.17010266666666665,False,0.3369447592637197,False
145060,18,0.073563,-0.074176,0.14694233333333334,False,0.37616157188305543,False
37435,18,0.070891,-0.074918,0.14458833333333335,False,0.38296976049284026,False
282713,18,0.130639,-0.068074,0.20124299999999998,False,0.3216870305606024,False
289239,18,0.153393,-0.068075,0.21990433333333334,False,0.2850074304801343,False
360446,18,0.085237,-0.09682,0.175874,True,0.9216586163963755,True
189600,18,0.017303,-0.07832700000000001,0.09449,False,0.5575482192409361,False
299,18,0.105695,-0.07315100000000001,0.177563,False,0.30984035278680105,False
225332,18,0.063612,-0.07550199999999999,0.137158,False,0.4426206479748553,False
31778,18,0.099518,-0.07301099999999999,0.17152466666666666,False,0.3231795150290773,False
60517,18,0.039416,-0.077402,0.11564033333333333,False,0.48631033384185357,False
58654,18,0.161515,-0.06734800000000002,0.228206,False,0.307132047936564,False
153709,18,0.13327,-0.071136,0.20290166666666667,False,0.2863662498274005,False
339757,18,0.115657,-0.070063,0.185347,False,0.2878279530569645,False
336321,18,0.052998,-0.07579499999999999,0.12719033333333332,False,0.4438635933982175,False
308512,18,0.137065,-0.06975800000000001,0.20623733333333336,False,0.2848183812891658,False
210260,18,0.097966,-0.07045100000000001,0.16785633333333336,False,0.33886934401587476,False
50819,18,0.101557,-0.06906,0.17039733333333332,False,0.35861159341623844,False
37149,18,0.094926,-0.070559,0.174315,False,0.3288753232184948,False
161225,18,0.118918,-0.06876399999999999,0.18709166666666666,False,0.33683068502873725,False
362293,18,0.120747,-0.069995,0.18899966666666668,False,0.3032797150105217,False
178389,18,0.0,0.0,0.023347666666666666,True,0.48188355711090197,False
221208,18,0.0,-0.009398,0.033105333333333334,False,0.7211292369820073,True
41291,18,0.032871,-0.07523300000000001,0.11127166666666667,False,0.42769808047299424,False
365214,18,0.06573,-0.090827,0.149802,True,0.8482869522075381,True
333281,18,0.132583,-0.068378,0.200043,False,0.3101435105578658,False
7737,18,0.0,-0.064782,0.06743433333333333,False,0.5184615645292666,False
329588,18,0.011413,-0.08043900000000001,0.091026,False,0.639795121455612,True
317105,18,0.0,-0.050963,0.059965,False,0.5591671200156214,False
361689,18,0.053131,-0.075913,0.12844233333333333,False,0.44261615486575784,False
281131,18,0.009789,-0.076988,0.08580166666666666,False,0.5709721403065664,False
343638,18,0.094199,-0.07378099999999999,0.16670866666666664,False,0.2954795789485312,False
189790,18,0.102566,-0.07047199999999999,0.17204933333333336,False,0.33048089805177844,False
340726,18,0.0,-0.004902,0.03131,True,0.7014097587618037,True
72525,18,0.105848,-0.071635,0.17624433333333334,False,0.294941833258115,False
65444,18,0.168754,-0.067724,0.23509266666666664,False,0.2784746853840109,False
319360,18,0.075116,-0.070667,0.14474066666666666,False,0.41868318077235966,False
358935,18,0.04345,-0.077724,0.12029000000000001,False,0.49121110345209845,False
100448,18,0.145796,-0.068269,0.213314,False,0.3148035534858873,False
222075,18,0.059388,-0.07538900000000001,0.133216,False,0.4347926854925969,False
69369,18,0.073389,-0.08142400000000001,0.15035533333333334,True,0.5733661773089583,False
151722,18,0.0,-0.048246,0.05889766666666666,False,0.5653947358380474,False
38033,18,0.054692,-0.07627600000000001,0.13370266666666666,False,0.4670982515751212,False
128351,18,0.037656,-0.07438700000000001,0.11175633333333335,False,0.419408745406082,False
342871,18,0.087273,-0.07184700000000001,0.15836866666666669,False,0.2932080035818005,False
13912,18,0.0,-0.054777,0.06276466666666666,False,0.5412087553491685,False
351129,18,0.087782,-0.06797700000000001,0.15533166666666667,False,0.39471477873377886,False
297365,18,0.079021,-0.07363499999999999,0.15156266666666665,False,0.3418367719232313,False
240570,18,0.044081,-0.09644799999999998,0.13202733333333333,True,0.9245960766611687,True
86317,18,0.107269,-0.073568,0.179758,False,0.3094583243722545,False
99561,18,0.107197,-0.07147099999999999,0.17837066666666668,False,0.3026576175931473,False
261740,18,0.048552,-0.074932,0.12226966666666667,False,0.43332672665481053,False
29971,18,0.108035,-0.068649,0.18302266666666667,False,0.3554746913340975,False
4101,18,0.050567,-0.073287,0.130367,False,0.4191866263020783,False
176472,18,0.085135,-0.071007,0.15522,False,0.3450717692423025,False
85669,18,0.078047,-0.07644499999999999,0.15264133333333332,False,0.401745347996681,False
128393,18,0.146484,-0.06892699999999999,0.214826,False,0.29852990658156525,False
24702,18,0.0,-0.075096,0.07586966666666667,True,0.46846214194737323,False
350152,18,0.166936,-0.068407,0.23429666666666668,False,0.2832901141173994,False
235514,18,0.121887,-0.067854,0.188766,False,0.3611506370168964,False
213078,18,0.105919,-0.071595,0.1766036666666667,False,0.29897028751882443,False
285706,18,0.073884,-0.09915399999999999,0.16356400000000001,True,0.922289432935332,True
360795,18,0.130374,-0.068884,0.19826866666666665,False,0.2961601413740686,False
105461,18,0.097295,-0.07110299999999999,0.17379066666666665,False,0.3127521027925772,False
266248,18,0.028012,-0.07723400000000001,0.104126,False,0.48106138431758205,False
195779,18,0.084694,-0.071416,0.15574566666666667,False,0.3332253961736811,False
84715,18,0.094384,-0.07373199999999999,0.16681566666666667,False,0.2954795789485312,False
131659,18,0.094896,-0.07234,0.16611333333333334,False,0.3088959161645494,False
367955,18,0.073549,-0.071908,0.15262533333333334,False,0.3336058657214682,False
170017,18,0.022442,-0.07896399999999999,0.10071833333333334,False,0.5757579028429037,False
225994,18,0.049092,-0.07622400000000001,0.12436466666666668,False,0.45731387939223667,False
266161,18,0.029111,-0.077144,0.105568,False,0.49079992465457606,False
83876,18,0.039055,-0.078818,0.11691766666666666,False,0.5381426825686783,False
29327,18,0.075372,-0.07259499999999999,0.14742066666666667,False,0.38916909324906,False
247815,18,0.124773,-0.09968000000000002,0.213201,True,0.9434089458427416,True
149552,18,0.082833,-0.072033,0.15421966666666667,False,0.3237923480379214,False
68617,18,0.102765,-0.07211700000000001,0.17419533333333334,False,0.30603874300411715,False
65934,18,0.122916,-0.068165,0.19066000000000002,False,0.3551336623781362,False
289682,18,0.086518,-0.06914,0.1548783333333333,False,0.3801360589237808,False
353036,18,0.048101,-0.073911,0.121182,False,0.42192218166307105,False
36396,18,0.148254,-0.06868199999999999,0.22088033333333335,False,0.30425219942458565,False
138966,18,0.101589,-0.07320700000000001,0.17322766666666667,False,0.31831173590025474,False
63441,18,0.052193,-0.075998,0.12745566666666666,False,0.4569675472772867,False
129973,18,0.004554,-0.076376,0.07987266666666666,False,0.5240657897095595,False
185429,18,0.144835,-0.06804000000000002,0.211929,False,0.33399622729885897,False
308443,18,0.144601,-0.068353,0.212753,False,0.3327174134380613,False
227942,18,0.153311,-0.068246,0.22087533333333334,False,0.28849929250088496,False
117806,18,0.031815,-0.07647299999999999,0.107581,False,0.45998524258201734,False
319275,18,0.060531,-0.07525699999999999,0.13483733333333334,False,0.41686713627368194,False
146037,18,0.034957,-0.075627,0.10937999999999999,False,0.4334321705931076,False
324282,18,0.030851,-0.077994,0.10782933333333333,False,0.5219217831718365,False
112065,18,0.156585,-0.066772,0.223182,False,0.3119916308967903,False
51332,18,0.080568,-0.07385900000000001,0.15364833333333336,False,0.32251831139200865,False
262451,18,0.047343,-0.07749600000000001,0.12345966666666668,False,0.47487923608923666,False
338784,18,0.092216,-0.07134799999999998,0.16364133333333333,False,0.3335090215065359,False
185753,18,0.0,-0.077981,0.07727433333333333,False,0.5346592817881071,False
351224,18,0.078021,-0.073701,0.15052866666666667,False,0.3505161064544201,False
36066,18,0.0,-0.048685,0.057050333333333335,False,0.5416835673168113,False
318029,18,0.072435,-0.07541900000000001,0.14668266666666666,False,0.40028653556751426,False
126286,18,0.129549,-0.06978000000000001,0.19817033333333334,False,0.2668895021067363,False
112886,18,0.0,-0.051566,0.060456,False,0.562123620680701,False
296341,18,0.001769,-0.102672,0.09464033333333334,True,0.97223811895013,True
68587,18,0.141142,-0.06852,0.20937266666666665,False,0.32365745813176194,False
81030,18,0.120187,-0.067291,0.186342,False,0.3649607967009155,False
147721,18,0.171179,-0.068468,0.23848533333333333,False,0.27725977397627277,False
42982,18,0.02767,-0.096057,0.11572533333333335,True,0.9272898301688975,True
37220,18,0.120847,-0.087547,0.20148033333333334,True,0.8077394840604851,True
222077,18,0.0,-0.067766,0.070805,False,0.5367666841811174,False
368857,18,0.043139,-0.07621900000000001,0.11793766666666668,False,0.4491843263318786,False
290049,18,0.132491,-0.06892000000000001,0.20000300000000001,False,0.2984433751841168,False
120031,18,0.064935,-0.07265100000000001,0.13637200000000002,False,0.41212134665780387,False
182981,18,0.10912,-0.07144800000000001,0.17945999999999998,False,0.29095080098849346,False
190306,18,0.105424,-0.07251500000000001,0.17638166666666666,False,0.3012010063957715,False
3407,18,0.021858,-0.07423099999999999,0.095954,False,0.49149504828247154,False
282746,18,0.072567,-0.07460399999999999,0.14657166666666668,False,0.37763271697422013,False
145852,18,0.090522,-0.072455,0.16759400000000002,False,0.2998976623725151,False
73495,18,0.107312,-0.07068499999999998,0.17697833333333335,False,0.3171972037247429,False
373790,18,0.121094,-0.07055500000000002,0.190931,False,0.3085454760480957,False
130825,18,0.151654,-0.066797,0.21781566666666666,False,0.31444813751553513,False
291382,18,0.084508,-0.07391900000000001,0.15748733333333334,False,0.3072547742967308,False
15622,18,0.0,0.0,0.013984000000000002,False,0.3705145244831657,False
36287,18,0.140195,-0.06918400000000002,0.208373,False,0.31466994620193334,False
16663,18,0.076522,-0.07305399999999998,0.148978,False,0.38611357568695653,False
96200,18,0.117246,-0.07230199999999999,0.188437,False,0.2974679909089011,False
26522,18,0.115703,-0.07145399999999999,0.18597133333333335,False,0.29317596478285435,False
48390,18,0.093783,-0.069523,0.162533,False,0.34547039815836134,False
58650,18,0.086682,-0.07359800000000001,0.16034833333333334,False,0.3066585554784781,False
49453,18,0.063447,-0.07454,0.13771366666666665,False,0.40467432727383235,False
85277,18,0.011311,-0.087999,0.09488999999999999,True,0.8666626367838606,True
221777,18,0.116956,-0.07261499999999999,0.18835733333333335,False,0.30659788605512783,False
60058,18,0.0,-0.060254,0.06627633333333334,False,0.5411563711630535,False
194081,18,0.069963,-0.090553,0.153494,True,0.8400474812064577,True
53736,18,0.0,-0.078104,0.07782366666666667,False,0.5346592817881071,False
231649,18,0.154048,-0.06637100000000001,0.22045233333333333,False,0.3231018065349702,False
367671,18,0.131584,-0.069738,0.20039133333333334,False,0.26970283273625606,False
39449,18,0.006865,-0.075963,0.081509,False,0.5376384809294441,False
187595,18,0.063758,-0.07431900000000001,0.13716599999999998,False,0.41918900524722563,False
137340,18,0.0,-0.054642,0.06219766666666667,False,0.5535162686010384,False
57487,18,0.0,-0.039731,0.05366133333333334,False,0.5229259914074061,False
239717,18,0.12298,-0.068052,0.19021466666666667,False,0.3547960181149975,False
73206,18,0.104849,-0.07289899999999999,0.176629,False,0.30984035278680105,False
356664,18,0.160797,-0.06792700000000002,0.227584,False,0.30362620475853175,False
198461,18,0.022026,-0.076719,0.09755599999999999,False,0.5272970698264959,False
54309,18,0.039671,-0.07583000000000001,0.11460933333333334,False,0.43345719266370497,False
241331,18,0.118837,-0.07014999999999999,0.18786866666666668,False,0.3016871774306735,False
69445,18,0.086726,-0.07463800000000001,0.16014033333333333,False,0.3238665950173144,False
266171,18,0.102448,-0.09146,0.18501233333333333,True,0.8350050766082254,True
26289,18,0.025982,-0.07528699999999999,0.10055633333333332,False,0.4495501181849548,False
80132,18,0.024601,-0.07668900000000001,0.10075033333333333,False,0.49263410226980886,False
3770,18,0.032849,-0.079197,0.11096866666666667,False,0.5321525867502511,False
107090,18,0.030316,-0.0753,0.10450733333333334,False,0.4500611316455997,False
97425,18,0.041619,-0.07507599999999999,0.11546433333333334,False,0.43081952668475754,False
116619,18,0.156957,-0.06705399999999997,0.22255466666666668,False,0.3206655923919524,False
56117,18,0.072138,-0.072952,0.14779033333333333,False,0.37812572726831967,False
240273,18,0.11551,-0.07039499999999999,0.18415666666666666,False,0.28456626624598913,False
342598,18,0.0,-0.074284,0.07417166666666668,False,0.4374935122395201,False
237881,18,0.050659,-0.07364899999999999,0.123861,False,0.42443962159578097,False
177892,18,0.074464,-0.075399,0.148686,False,0.4096666303407687,False
44907,18,0.036376,-0.07630800000000001,0.111862,False,0.4350016913630907,False
346692,18,0.13224,-0.06964100000000001,0.200865,False,0.28043154556405564,False
282789,18,0.051085,-0.07561200000000001,0.12607366666666667,False,0.4509167011386291,False
47662,18,0.045068,-0.07629,0.126869,False,0.4532186266281429,False
325405,18,0.040147,-0.07472,0.11370400000000001,False,0.4221589327728154,False
82920,18,0.073851,-0.07511799999999999,0.147818,False,0.3947870570054769,False
81516,18,0.066022,-0.07667399999999999,0.141764,False,0.46912821160943813,False
20916,18,0.06629,-0.07518399999999999,0.14068633333333333,False,0.410619515959229,False
49123,18,0.0,0.0,0.025170333333333333,False,0.5681744832224775,False
89725,18,0.106367,-0.07052299999999999,0.17600533333333335,False,0.3155952529472697,False
201728,18,0.039073,-0.07504000000000001,0.11382833333333332,False,0.4247070056103314,False
172103,18,0.126706,-0.067162,0.19341166666666668,False,0.33063762223101767,False
141530,18,0.129122,-0.06836900000000001,0.19676233333333334,False,0.3153681403293959,False
122049,18,0.099519,-0.071153,0.17028533333333332,False,0.3312404890466214,False
229690,18,0.028128,-0.073811,0.10875566666666668,False,0.4245631345189627,False
247974,18,0.070265,-0.07495000000000002,0.14476999999999998,False,0.40136344415189995,False
30369,18,0.052194,-0.076098,0.130717,False,0.45545063925128715,False
191277,18,0.123407,-0.06974999999999999,0.19271266666666664,False,0.2832290593937439,False
306012,18,0.077891,-0.07352399999999999,0.150666,False,0.35467702994095274,False
209400,18,0.006516,-0.078416,0.08424066666666667,False,0.5972787506272834,False
31959,18,0.018153,-0.07659099999999999,0.09340033333333332,False,0.5331832532053751,False
85197,18,0.101443,-0.083447,0.18064500000000003,True,0.6492569500241906,True
117026,18,0.0,0.0,0.005706333333333333,False,0.3993998105586089,False
357599,18,0.10911,-0.09730399999999999,0.19601133333333332,True,0.9113557406094374,True
193575,18,0.014319,-0.078135,0.09150166666666666,False,0.5654404060740874,False
177254,18,0.087043,-0.067789,0.15401733333333334,False,0.40551816684242087,False
279291,18,0.00021,-0.077695,0.08322966666666666,False,0.543298264487721,False
347011,18,0.119004,-0.071661,0.18895166666666666,False,0.29574803410926115,False
55789,18,0.153666,-0.06964700000000001,0.221909,False,0.25313292998054626,False
277408,18,0.115495,-0.07035399999999999,0.185296,False,0.2878279530569645,False
140373,18,0.034172,-0.08777599999999999,0.11721733333333334,True,0.8026385681455546,True
240870,18,0.022045,-0.077839,0.09932866666666666,False,0.5498400483391239,False
188208,18,0.007553,-0.080347,0.0868,False,0.6711420593400571,True
120087,18,0.059803,-0.07439899999999999,0.13380566666666668,False,0.4097689014840182,False
312690,18,0.08749,-0.073889,0.16003466666666666,False,0.29802200599721507,False
207505,18,0.083383,-0.07179800000000001,0.154563,False,0.32667473536968744,False
80131,18,0.115367,-0.06889900000000002,0.182736,False,0.32916313821672305,False
114137,18,0.076144,-0.07351,0.148983,False,0.3803669237589894,False
139893,18,0.140041,-0.06714700000000001,0.20596566666666669,False,0.3618208302263903,False
204693,18,0.064659,-0.07802700000000001,0.14063666666666666,False,0.49321434825667476,False
332547,18,0.111807,-0.07190300000000001,0.18269233333333335,False,0.28129036641223093,False
82540,18,0.074052,-0.07363,0.14660133333333333,False,0.37123940722041476,False
38409,18,0.081317,-0.07409099999999999,0.15401833333333334,False,0.3257326716060604,False
124782,18,0.089937,-0.07418100000000001,0.162812,False,0.3047192643736322,False
51599,18,0.116001,-0.06980499999999999,0.185261,False,0.28657389110302406,False
302100,18,0.106286,-0.068287,0.17379833333333336,False,0.3884341824259059,False
184101,18,0.08678,-0.09090200000000001,0.17087266666666667,True,0.8337265584555551,True
303520,18,0.118614,-0.071469,0.18924299999999997,False,0.2885581620854151,False
33568,18,0.103686,-0.09334,0.18805266666666667,True,0.896073024670102,True
334993,18,0.011829,-0.07602600000000001,0.09244999999999999,False,0.5088643592951021,False
216161,18,0.077721,-0.07418999999999999,0.150842,False,0.353768378163068,False
48896,18,0.111999,-0.094294,0.1970293333333333,True,0.9100646007078346,True
292002,18,0.126848,-0.070186,0.19580433333333333,False,0.2716924511055005,False
306491,18,0.131207,-0.07090200000000002,0.20154566666666665,False,0.2881140014126365,False
6019,18,0.090526,-0.07247700000000001,0.16190066666666666,False,0.30386087161752684,False
73158,18,0.094417,-0.07278199999999999,0.16630466666666666,False,0.30663920406004375,False
264951,18,0.053517,-0.07428499999999999,0.12695366666666666,False,0.4307635017470494,False
347806,18,0.081005,-0.073518,0.15280066666666667,False,0.32663073129630465,False
199295,18,0.012642,-0.07641,0.092327,False,0.516162670118898,False
249974,18,0.099872,-0.07168999999999999,0.17093899999999998,False,0.3160781222010471,False
1130,18,0.048452,-0.075244,0.12235466666666667,False,0.43703773611532676,False
138091,18,0.052975,-0.07463,0.13722933333333334,False,0.42467530936820047,False
324734,18,0.139579,-0.06836,0.20744133333333334,False,0.3283093807229229,False
14470,18,0.061076,-0.07074,0.13674,False,0.42616389029346147,False
254615,18,0.161846,-0.06581200000000001,0.226712,False,0.32881424726800546,False
371112,18,0.100334,-0.072243,0.171428,False,0.31982459757273995,False
52418,18,0.107489,-0.08280799999999999,0.18528999999999998,True,0.6157354396356024,False
156960,18,0.083619,-0.07286699999999999,0.15569966666666665,False,0.3239622153820808,False
139042,18,0.077132,-0.07336899999999999,0.14956466666666668,False,0.3777860732326339,False
346047,18,0.105825,-0.07070099999999999,0.175507,False,0.3155952529472697,False
111477,18,0.081811,-0.07112100000000002,0.15200933333333333,False,0.36284332868657554,False
369972,18,0.120543,-0.08878400000000002,0.202147,True,0.8272639404181705,True
21930,18,0.092303,-0.073988,0.164937,False,0.29995551588547137,False
352159,18,0.064058,-0.07683000000000001,0.138981,False,0.47554467883167145,False
111043,18,0.073763,-0.07428599999999999,0.14732766666666666,False,0.3802770094988893,False
145684,18,0.092785,-0.07198199999999999,0.16403766666666666,False,0.3115796295818259,False
282579,18,0.139772,-0.068242,0.207336,False,0.33589920250497984,False
70407,18,0.101491,-0.071275,0.17151733333333333,False,0.3377980250875979,False
316526,18,0.10601,-0.07244700000000001,0.17754133333333333,False,0.3052402075423212,False
83707,18,0.053321,-0.076597,0.128553,False,0.47997094362175824,False
138403,18,0.046324,-0.077486,0.12251633333333334,False,0.4765889926957754,False
53893,18,0.000289,-0.075119,0.07460433333333334,False,0.47225697018813534,False
193738,18,0.097047,-0.07250500000000001,0.168689,False,0.30585561688269225,False
178349,18,0.0,-0.043904,0.05570366666666667,False,0.5301477648062848,False
56673,18,0.134837,-0.070432,0.20420800000000003,False,0.2836934229982451,False
281137,18,0.158576,-0.068389,0.226298,False,0.3002513995295752,False
295170,18,0.114679,-0.068694,0.19082766666666665,False,0.34822272500265833,False
106743,18,0.080614,-0.071734,0.15115133333333333,False,0.3509091025855097,False
336048,18,0.0,-0.002684,0.036213333333333333,True,0.7122290831041226,True
290048,18,0.133775,-0.069682,0.2026106666666667,False,0.287078658468614,False
232328,18,0.098942,-0.094724,0.18492033333333335,True,0.9084260040060963,True
136716,18,0.075823,-0.07322799999999999,0.14812166666666668,False,0.383255632232054,False
142788,18,0.160384,-0.06814200000000001,0.22730566666666666,False,0.3039566684295038,False
183321,18,0.071017,-0.09851100000000002,0.16014066666666668,True,0.9179703409237633,True
35924,18,0.096352,-0.07336100000000001,0.168839,False,0.3054307305594905,False
139258,18,0.099008,-0.070735,0.17401033333333335,False,0.3227694615584714,False
110140,18,0.082565,-0.072023,0.15399566666666667,False,0.32185291518412945,False
345899,18,0.17107,-0.06654399999999999,0.23627733333333334,False,0.3047834005890438,False
42001,18,0.084654,-0.075252,0.158547,False,0.32739133569109474,False
258744,18,0.058065,-0.073631,0.130866,False,0.40443398133365266,False
330879,18,0.140558,-0.067752,0.21061333333333332,False,0.3326234948042485,False
367696,18,0.0,-0.036336,0.05109166666666667,False,0.5670620885486046,False
149415,18,0.149016,-0.068301,0.21677300000000002,False,0.3080666189540815,False
198691,18,0.028052,-0.075928,0.103253,False,0.44486335184706,False
36466,18,0.12055,-0.072008,0.19100433333333333,False,0.2987439191286622,False
81158,18,0.14399,-0.066994,0.21018966666666664,False,0.3553743223044194,False
104248,18,0.043831,-0.07661499999999999,0.11961166666666667,False,0.47358288869570886,False
99829,18,0.022745,-0.077539,0.09948566666666665,False,0.5323004930380424,False
110615,18,0.110556,-0.07229300000000001,0.18161233333333335,False,0.2909553842297502,False
157284,18,0.037402,-0.07730000000000001,0.11319533333333333,False,0.48131707929951145,False
138656,18,0.089089,-0.073902,0.161441,False,0.30153331969721336,False
94036,18,0.0,-0.055333,0.063603,False,0.5359519244502985,False
274088,18,0.104092,-0.073201,0.17582566666666666,False,0.29984584174578716,False
215856,18,0.040222,-0.075106,0.11451633333333333,False,0.4294888035566682,False
263638,18,0.077607,-0.076113,0.15235466666666667,False,0.39398532703486727,False
130970,18,0.047285,-0.07481099999999999,0.120706,False,0.4117218657276757,False
308944,18,0.0,0.0,0.026291,False,0.5776775091175328,False
344652,18,0.059196,-0.09310399999999999,0.145047,True,0.9051901183122552,True
327837,18,0.083751,-0.074115,0.15723066666666666,False,0.31044846632949136,False
285929,18,0.032025,-0.078046,0.10930433333333334,False,0.506734917067875,False
128075,18,0.068639,-0.07619699999999999,0.14428566666666667,False,0.4460014594360607,False
62855,18,0.02165,-0.094439,0.10895533333333333,True,0.9301701396849099,True
209186,18,0.12795,-0.072154,0.19866366666666666,False,0.28117162761236353,False
349665,18,0.142497,-0.06912599999999999,0.21054433333333333,False,0.3109478232681456,False
110430,18,0.097078,-0.06975500000000001,0.16646333333333332,False,0.33353326867602584,False
66818,18,0.102414,-0.07319799999999999,0.17469833333333332,False,0.307539985308173,False
286046,18,0.074461,-0.074546,0.148061,False,0.38397071606224165,False
156471,18,0.092571,-0.07254899999999999,0.169895,False,0.2975653804074805,False
173239,18,0.069515,-0.074661,0.14866733333333335,False,0.3974764702966214,False
196038,18,0.04266,-0.07572100000000001,0.117844,False,0.44981232381719916,False
305402,18,0.157517,-0.069162,0.22519,False,0.2776245158501198,False
200562,18,0.137496,-0.069378,0.20596066666666668,False,0.30276159875332526,False
200078,18,0.148003,-0.068686,0.21627866666666665,False,0.30891608875862625,False
16829,18,0.120619,-0.07120399999999999,0.19030133333333335,False,0.305892365133926,False
179768,18,0.113316,-0.07158900000000001,0.1841556666666667,False,0.27781687796376514,False
290771,18,0.133924,-0.083844,0.211732,True,0.6707544969210553,True
121981,18,0.051503,-0.07447800000000002,0.124944,False,0.4241541580699236,False
254798,18,0.008669,-0.07745200000000001,0.08492533333333334,False,0.5741553337279113,False
165388,18,0.00172,-0.079955,0.08034066666666666,False,0.6064689907680558,False
311969,18,0.159486,-0.069965,0.22809966666666667,False,0.26227461086408516,False
41833,18,0.054232,-0.07655599999999999,0.1297073333333333,False,0.4679705885082461,False
221187,18,0.111522,-0.07026,0.184808,False,0.289803568040328,False
119484,18,0.022094,-0.08781599999999999,0.10480433333333333,True,0.8251734650385065,True
115574,18,0.095449,-0.069377,0.16457766666666665,False,0.3582734611681196,False
309588,18,0.030481,-0.076185,0.10938233333333335,False,0.45281616574418226,False
208910,18,0.011893,-0.075769,0.09230433333333332,False,0.5044780824787225,False
16469,18,0.095116,-0.072429,0.16664033333333333,False,0.3068268701881191,False
4883,18,0.023894,-0.07821600000000001,0.10129700000000001,False,0.5375499048844439,False
87194,18,0.067694,-0.075712,0.14220266666666667,False,0.4211580995764681,False
186264,18,0.01983,-0.078078,0.09675099999999999,False,0.5631200644860447,False
109842,18,0.001794,-0.080755,0.081599,False,0.6530358841292904,True
20836,18,0.169678,-0.06592900000000002,0.23497466666666667,False,0.3084978721132134,False
60472,18,0.088986,-0.068061,0.156777,False,0.390779817986333,False
256170,18,0.047011,-0.07807900000000001,0.12377333333333333,False,0.4971529941026773,False
249184,18,0.040418,-0.07752699999999998,0.116956,False,0.5001848056030711,False
320695,18,0.061116,-0.076122,0.13629766666666668,False,0.4415445027426548,False
352157,18,0.052406,-0.09213299999999999,0.13719499999999998,True,0.8495321508659516,True
100814,18,0.0,0.0,0.027084333333333335,False,0.5898930483810331,False
115141,18,0.050667,-0.077241,0.12703766666666666,False,0.49068855900956626,False
164981,18,0.107903,-0.07201099999999999,0.17922566666666664,False,0.29784272760917513,False
30662,18,0.022868,-0.077391,0.09920533333333333,False,0.5253178312090581,False
283423,18,0.066668,-0.074126,0.139714,False,0.4036589384869814,False
335243,18,0.042375,-0.076794,0.11747366666666666,False,0.48685507159549973,False
276653,18,0.0,-0.069175,0.07163033333333334,False,0.5043406649521914,False
174879,18,0.104355,-0.069609,0.18287166666666665,False,0.3249029989724873,False
34701,18,0.0,0.0,0.0,False,0.03194213494729024,False
139973,18,0.135854,-0.06952900000000001,0.20437066666666667,False,0.2847942585111768,False
1858,18,0.139295,-0.06784899999999999,0.206448,False,0.3256194103643238,False
354785,18,0.0,-0.053428,0.06252300000000001,False,0.559901804372599,False
144194,18,0.0,0.0,0.0,False,0.03194213494729024,False
161616,19,0.024376,-0.07688500000000001,0.09969033333333334,False,0.49528868177360635,False
221846,19,0.069718,-0.069769,0.14561966666666668,False,0.4187348843629925,False
84698,19,0.043942,-0.07252,0.12141600000000001,False,0.43057664889790315,False
114629,19,0.0,-0.000704,0.026301,False,0.6256662482321966,False
83465,19,0.014267,-0.077085,0.09017033333333334,False,0.5427350376436058,False
369398,19,0.0,-0.024107,0.04117733333333334,False,0.6576065981848256,True
13112,19,0.0,-0.043666,0.05500766666666667,False,0.5175901765991457,False
235202,19,0.070405,-0.07155500000000001,0.14087733333333333,False,0.397328318913884,False
104286,19,0.035526,-0.074094,0.10843966666666667,False,0.42447840937910464,False
224231,19,0.106539,-0.06956000000000001,0.175366,False,0.3248304408942242,False
12995,19,0.03447,-0.089812,0.11722666666666666,True,0.852532866169353,True
74905,19,0.0,0.0,0.02307033333333333,False,0.4687990743732086,False
294254,19,0.0,0.0,0.0,False,0.03194213494729024,False
265229,19,0.034116,-0.070166,0.10374166666666668,False,0.46890518368550577,False
366026,19,0.0,0.0,0.0,True,0.03194213494729024,False
269565,19,0.028038,-0.07615,0.10298433333333333,False,0.4523304955912665,False
242550,19,0.064323,-0.071308,0.13510966666666666,False,0.4328166093109313,False
82704,19,0.027922,-0.074188,0.10110200000000001,False,0.44751168323898183,False
213416,19,0.006563,-0.078154,0.08358933333333333,False,0.5972787506272834,False
45580,19,0.0,0.0,0.018802,False,0.40656887584386586,False
280043,19,0.0,0.0,0.014881666666666666,False,0.3643502093113386,False
50707,19,0.0,0.0,0.0,True,0.03194213494729024,False
28401,19,0.039347,-0.07231499999999999,0.11133433333333333,False,0.44602762740454255,False
33306,19,0.0,0.0,0.025696333333333335,False,0.5705722074438908,False
23114,19,0.0,-0.029477,0.04587966666666666,False,0.5973446914159029,False
114987,19,0.0,-0.037742,0.050313666666666666,False,0.5382604063484792,False
325666,19,0.102234,-0.069675,0.17103833333333332,False,0.34009172945850535,False
92826,19,0.043714,-0.074791,0.11788733333333334,False,0.42094560574009904,False
165868,19,0.0,-0.023089,0.04009133333333333,True,0.6742142752617286,True
306277,19,0.029692,-0.074445,0.10351666666666666,False,0.43666907550982886,False
219949,19,0.0,0.0,0.009771666666666666,False,0.3429175416732697,False
81499,19,0.009724,-0.075411,0.08813366666666667,False,0.5281870148908318,False
278463,19,0.045291,-0.072924,0.11745266666666666,False,0.4255956203398995,False
180331,19,0.0,0.0,0.002453,False,0.38367887445694626,False
294076,19,0.060087,-0.074995,0.13343566666666665,False,0.42104674694191774,False
160007,19,0.023656,-0.075241,0.09787533333333333,False,0.4798550220584956,False
288528,19,0.0,-0.061125,0.06587733333333333,False,0.5446667866772844,False
125541,19,0.012728,-0.076762,0.08876066666666665,False,0.5464282213132523,False
271358,19,0.003147,-0.077933,0.08006266666666666,False,0.5754932906117181,False
165767,19,0.007694,-0.075071,0.08225466666666667,False,0.5300083844277157,False
52953,19,0.0,0.0,0.017663,False,0.40325359393729776,False
57288,19,0.041724,-0.083275,0.12025166666666666,True,0.6921538523457903,True
116876,19,0.0,-0.059652,0.06662933333333333,True,0.5411563711630535,False
356263,19,0.023715,-0.071968,0.09483966666666666,False,0.5115879738509965,False
129087,19,0.045344,-0.07464099999999999,0.12254466666666668,False,0.425438378074611,False
174160,19,0.024185,-0.07195,0.10043933333333332,False,0.4925265394459635,False
155560,19,0.054272,-0.069621,0.12282566666666667,False,0.48294721592086226,False
93665,19,0.067123,-0.07190500000000001,0.13759833333333335,False,0.40363462772316017,False
58485,19,0.0,-0.038593,0.050736,False,0.5218236532364607,False
10211,19,0.035345,-0.073818,0.10814666666666667,False,0.42950874612710144,False
18889,19,0.035595,-0.073086,0.10807866666666667,False,0.43863071746155124,False
245392,19,0.0,-0.057713,0.06304066666666668,False,0.5486878650034218,False
354005,19,0.034698,-0.07124,0.10493166666666666,False,0.4529393799772796,False
315631,19,0.0,0.0,0.0,False,0.03194213494729024,False
131813,19,0.004903,-0.075359,0.079217,False,0.5074446964846728,False
99724,19,0.009705,-0.074373,0.083662,False,0.5233284966310217,False
215535,19,0.046706,-0.074703,0.12020633333333335,False,0.4031999636787203,False
351364,19,5.6e-05,-0.077176,0.076043,False,0.5086530865056181,False
26633,19,0.055545,-0.071984,0.12697333333333333,False,0.4404483336754985,False
146002,19,0.026295,-0.073979,0.09957866666666666,False,0.4470385240279299,False
124118,19,0.0,-0.060886,0.06595233333333334,False,0.5446667866772844,False
209546,19,0.031644,-0.075733,0.10604533333333332,False,0.4613311074404686,False
293540,19,0.039759,-0.073324,0.11260433333333335,False,0.4279553661311456,False
130111,19,0.008527,-0.076381,0.08355866666666667,False,0.5482793929127064,False
1701,19,0.0,-0.021602,0.04089366666666667,False,0.669007487597511,True
24025,19,0.0,0.0,0.0,False,0.03194213494729024,False
211694,19,0.061058,-0.072429,0.13207533333333332,False,0.4150891160462891,False
101255,19,0.083725,-0.070826,0.154156,False,0.35441088093154416,False
299391,19,0.0,-0.050054,0.064143,False,0.5641984928345471,False
139883,19,0.071174,-0.07140500000000001,0.141684,False,0.39219395517776234,False
238555,19,0.064222,-0.070193,0.13382633333333335,False,0.4520988386895458,False
221333,19,0.0,-0.060271,0.06507,False,0.5396629795653679,False
30741,19,0.0,-0.032658,0.047385666666666666,False,0.579115688314947,False
123314,19,0.0,-0.053835,0.061701,False,0.574073750985061,False
119325,19,0.0,-0.072187,0.07258733333333334,False,0.47944258908451054,False
86574,19,0.033118,-0.09081700000000001,0.11708833333333334,True,0.8604022842503476,True
341911,19,0.0,-0.061995,0.06661466666666667,False,0.5489084082090626,False
30866,19,0.024908,-0.073668,0.09777533333333333,False,0.46717020835894424,False
340723,19,0.066386,-0.073245,0.137979,False,0.4127285452958247,False
332911,19,0.04689,-0.070017,0.11680833333333333,False,0.45453681780078575,False
211089,19,0.02023,-0.075118,0.09451266666666668,False,0.4927330455708035,False
281527,19,0.070081,-0.070738,0.140339,False,0.42745462003821333,False
164419,19,0.005546,-0.075586,0.07994233333333334,False,0.5143378428804072,False
334030,19,0.0,0.0,0.019692333333333333,False,0.42070470871780435,False
213058,19,0.03816,-0.072746,0.10960166666666667,False,0.4402659951776174,False
350737,19,0.051589,-0.07269699999999998,0.12322333333333334,False,0.43260173709054794,False
22780,19,0.0,0.0,0.017277666666666667,False,0.40623241461099,False
112321,19,0.019676,-0.074359,0.09350599999999999,False,0.4903677824036624,False
281168,19,0.088444,-0.07017000000000001,0.15746033333333334,False,0.32560907205512496,False
53587,19,0.0,-0.069328,0.07169,False,0.5043406649521914,False
139041,19,0.081406,-0.07070599999999999,0.15115599999999998,False,0.38379610489802946,False
199191,19,0.006249,-0.07728499999999999,0.086129,False,0.563775421797371,False
338428,19,0.0,-0.043243,0.05386266666666667,False,0.5228509144175022,False
48625,19,0.0,-0.025796,0.042221,False,0.6517734658058486,True
297458,19,0.085552,-0.070568,0.15507666666666667,False,0.3576684265098387,False
137752,19,0.004609,-0.075491,0.07960366666666667,False,0.5126436058190562,False
229734,19,0.0,0.0,0.026063,False,0.5776775091175328,False
244855,19,0.0,-0.020566,0.04713966666666667,False,0.6936152389228015,True
264979,19,0.0,-0.035428,0.04932133333333333,False,0.5863051301737723,False
314019,19,0.0,0.0,0.024723666666666668,False,0.5563152272819828,False
104633,19,0.071269,-0.069295,0.13900566666666667,False,0.4491262720251168,False
284266,19,0.0,-0.010626,0.033805666666666664,False,0.7149870486962607,True
277317,19,0.0,-0.04325,0.05928066666666667,False,0.5554124422056798,False
289428,19,0.0,-0.037933,0.054026333333333336,False,0.5159686659165732,False
288255,19,0.028296,-0.071951,0.107348,False,0.4718458008091187,False
67314,19,0.0,-0.05028,0.05740666666666667,False,0.5510589996888594,False
219794,19,0.051519,-0.072211,0.12804200000000002,False,0.4344114057800405,False
130367,19,0.022306,-0.075211,0.09621966666666666,False,0.4929800781789728,False
335544,19,0.0,0.0,0.020985,False,0.43135772248250936,False
123930,19,0.0,0.0,0.02562766666666667,False,0.5741224546061399,False
236708,19,0.0,-0.02346,0.04207666666666667,False,0.6708879408813362,True
146068,19,0.041759,-0.07089899999999999,0.112138,False,0.47507048397925467,False
298673,19,0.023917,-0.074052,0.09717333333333333,False,0.4797346005743049,False
207425,19,0.046,-0.073905,0.118596,False,0.40950633471412523,False
328962,19,0.0,0.0,0.0,False,0.03194213494729024,False
145738,19,0.0,-0.040661,0.05262833333333333,False,0.5319232370423799,False
146341,19,0.058924,-0.07297299999999998,0.130853,False,0.40964512255153235,False
138873,19,0.0,0.0,0.0013936666666666665,False,0.3462540288552949,False
191182,19,0.0,0.0,0.014645,False,0.36762121362069816,False
256131,19,0.067956,-0.072755,0.13978633333333332,False,0.4051033773524053,False
158606,19,0.0,-0.073881,0.07396366666666666,False,0.43714431214929644,False
115457,19,0.025464,-0.07411,0.09861933333333334,False,0.4652142330945725,False
281875,19,0.0,-0.050944,0.05910066666666667,False,0.5643674469533395,False
129303,19,0.0,-0.075209,0.074642,True,0.4669616979715919,False
267138,19,0.049479,-0.071026,0.11950766666666668,False,0.45541445060828045,False
169951,19,0.044209,-0.073742,0.11657866666666666,False,0.41249274364901894,False
164722,19,0.062782,-0.100746,0.15265533333333334,True,0.9300742564921559,True
356768,19,0.0,0.0,0.0,False,0.03194213494729024,False
254496,19,0.0,-0.025624,0.04199266666666667,False,0.6554336666648353,True
35337,19,0.0,-0.033132,0.047477,False,0.5764036879786119,False
58369,19,0.062676,-0.071759,0.133786,False,0.41951588965729036,False
12406,19,0.09764,-0.070605,0.16655166666666668,False,0.3418083446548321,False
345496,19,0.0,-0.042296,0.05333633333333334,False,0.5243020620008513,False
153878,19,0.0,-0.061622,0.06610200000000001,False,0.5489084082090626,False
210325,19,0.0,-0.01069,0.03268666666666667,False,0.7168593139323094,True
125140,19,0.053773,-0.07387700000000001,0.12690966666666667,False,0.4287367192903399,False
41313,19,0.0,-0.01798,0.03730566666666667,False,0.7096585684754613,True
255155,19,0.0,-0.059878,0.064487,True,0.5326604192441066,False
127400,19,0.0,-0.072255,0.07913566666666666,False,0.4755961214817118,False
246777,19,0.096486,-0.06913899999999999,0.16495833333333335,False,0.35525662557427506,False
302698,19,0.007482,-0.074932,0.08167666666666666,False,0.5210825357170729,False
111754,19,0.0,-0.012967,0.03377666666666667,False,0.7179646341049573,True
20302,19,0.061038,-0.07147899999999999,0.13175299999999998,False,0.41069662648306743,False
284802,19,0.0,-0.063803,0.06716166666666666,False,0.5149238182959764,False
305939,19,0.021276,-0.07384399999999999,0.094344,False,0.4911382712914425,False
163429,19,0.06499,-0.07229000000000001,0.135725,False,0.4180657275017619,False
278058,19,0.0,-0.044299,0.054404,False,0.5214296584842689,False
221571,19,0.0,-0.051088,0.05989266666666667,False,0.5627019236792149,False
78147,19,0.084489,-0.071779,0.15581933333333334,False,0.31864380139981674,False
173617,19,0.044831,-0.07553299999999999,0.11836866666666666,False,0.4351389141995164,False
138685,19,0.0,-0.01421,0.035984,False,0.7136080515342846,True
290414,19,0.0,0.0,0.02108866666666667,False,0.43135772248250936,False
358375,19,0.0,-0.010167,0.032821666666666666,False,0.7168593139323094,True
35631,19,0.042794,-0.07574600000000001,0.11737366666666667,False,0.4396397116354383,False
337039,19,0.085823,-0.06921800000000002,0.15452566666666667,False,0.3801360589237808,False
267075,19,0.024907,-0.076169,0.099638,False,0.46975657880783356,False
29821,19,0.0,-0.086958,0.08092233333333333,True,0.819252073299548,True
294318,19,0.003551,-0.07735,0.080022,False,0.5451956989848106,False
39523,19,0.084911,-0.06952399999999999,0.15395533333333333,False,0.35886183653633696,False
77643,19,0.05794,-0.07059800000000002,0.1275646666666667,False,0.47126509829483293,False
237717,19,0.089095,-0.06943400000000001,0.15737366666666666,False,0.3500723313649974,False
5069,19,0.002947,-0.074917,0.077445,False,0.5016913985313486,False
11028,19,0.016555,-0.071825,0.08809033333333334,False,0.5371383978438787,False
303657,19,0.0,-0.0037,0.028293,False,0.7246216253167233,True
311699,19,0.0,-0.067787,0.07046433333333334,False,0.5367666841811174,False
242357,19,0.0,0.0,0.0,False,0.03194213494729024,False
120646,19,0.014505,-0.070737,0.09046533333333333,False,0.5221128523086671,False
312417,19,0.014221,-0.07527500000000001,0.08873566666666667,False,0.5045705543269895,False
224622,19,0.0,-0.00374,0.029662666666666667,False,0.7032728346809548,True
357412,19,0.045721,-0.07426100000000001,0.128755,False,0.4123925168420877,False
198943,19,0.0,-0.066093,0.06941866666666667,False,0.5280695093088853,False
252370,19,0.03012,-0.07474700000000001,0.107765,False,0.4390122223101536,False
332523,19,0.023517,-0.075723,0.09768199999999999,False,0.4844367618195108,False
145060,19,0.0,-0.073563,0.07376733333333334,False,0.43714431214929644,False
37435,19,0.0,-0.070891,0.07223333333333333,False,0.4864885371490451,False
282713,19,0.058945,-0.07169400000000001,0.12943233333333334,False,0.41885626478461,False
289239,19,0.081667,-0.071726,0.152176,False,0.3244689201027546,False
360446,19,0.010476,-0.074761,0.09258999999999999,False,0.495850679277694,False
189600,19,0.0,-0.017303,0.037644333333333335,False,0.7059250415860499,True
299,19,0.031689,-0.07400599999999999,0.10541,False,0.45100861539052567,False
225332,19,0.0,-0.063612,0.06757533333333333,False,0.5131881336433152,False
31778,19,0.023423,-0.076095,0.09849000000000001,False,0.49259655375156963,False
60517,19,0.0,-0.039416,0.052078000000000006,False,0.5274135947129553,False
58654,19,0.090839,-0.07067599999999999,0.16040566666666667,False,0.3388037300074746,False
153709,19,0.060888,-0.072382,0.13285466666666668,False,0.41675840578771056,False
339757,19,0.042102,-0.073555,0.114493,False,0.4144870656264217,False
336321,19,0.0,-0.052998,0.06059699999999999,False,0.5701557042798556,False
308512,19,0.038175,-0.09888999999999999,0.12735433333333332,True,0.9532509958304455,True
210260,19,0.023806,-0.07416,0.09672966666666667,False,0.4848772079732923,False
50819,19,0.028644,-0.07291299999999999,0.10027266666666666,False,0.4634965580158502,False
37149,19,0.021773,-0.073153,0.09406133333333333,False,0.4990779471750575,False
161225,19,0.030313,-0.08860499999999999,0.11230433333333333,True,0.8153967003925829,True
362293,19,0.049099,-0.07164799999999999,0.12019599999999998,False,0.43837227775396975,False
178389,19,0.0,0.0,0.0,False,0.03194213494729024,False
221208,19,0.0,0.0,0.003132666666666667,False,0.4084268744183641,False
41291,19,0.0,-0.032871,0.046991666666666675,False,0.5773365870107047,False
365214,19,0.0,-0.06573,0.07409566666666667,False,0.4972219638884584,False
333281,19,0.061729,-0.070854,0.13175766666666666,False,0.43880590772034284,False
7737,19,0.0,0.0,0.021594000000000002,False,0.4423061732218169,False
329588,19,0.0,-0.011413,0.03442166666666666,False,0.6965471091513761,True
317105,19,0.0,0.0,0.01698766666666667,False,0.39495522533200844,False
361689,19,0.0,-0.053131,0.060724999999999994,False,0.5722980598328565,False
281131,19,0.0,-0.009789,0.03218866666666667,False,0.7267623149036441,True
343638,19,0.0,-0.094199,0.087393,True,0.9559674186421789,True
189790,19,0.029648,-0.07291800000000001,0.10175066666666667,False,0.4651986106522691,False
340726,19,0.0,0.0,0.001634,False,0.3570546749929445,False
72525,19,0.033978,-0.07186999999999999,0.10576966666666666,False,0.4548205447766984,False
65444,19,0.09938,-0.06937399999999999,0.168204,False,0.3569816317064284,False
319360,19,0.002187,-0.07292900000000001,0.074362,False,0.4773208505247364,False
358935,19,0.0,-0.04345,0.05487466666666666,False,0.5175901765991457,False
100448,19,0.046625,-0.09917100000000001,0.13549533333333333,True,0.9068269672611284,True
222075,19,0.0,-0.059388,0.06472166666666666,True,0.5342538323714877,False
69369,19,0.000539,-0.07285,0.076247,False,0.4658420977167994,False
151722,19,0.0,0.0,0.016082,False,0.3792285016534395,False
38033,19,0.0,-0.054692,0.061886666666666666,False,0.5535162686010384,False
128351,19,0.0,-0.037656,0.04989966666666667,False,0.5370815727560037,False
342871,19,0.012056,-0.075217,0.08614966666666668,False,0.5160352086303397,False
13912,19,0.0,0.0,0.018259,True,0.41990862859542377,False
351129,19,0.016113,-0.071669,0.08655133333333333,False,0.5390930695281761,False
297365,19,0.002237,-0.07678399999999999,0.07797133333333332,False,0.5238593107623329,False
240570,19,0.0,-0.044081,0.06153666666666666,False,0.5610753531126802,False
86317,19,0.031949,-0.07532,0.10668499999999999,False,0.4528454098285394,False
99561,19,0.03204,-0.075157,0.10596833333333333,False,0.454540253605422,False
261740,19,0.0,-0.048552,0.05734533333333333,False,0.5399297835076795,False
29971,19,0.037618,-0.07041700000000001,0.10744566666666666,False,0.47258435224753625,False
4101,19,0.0,-0.050567,0.05814033333333333,False,0.5457821954458226,False
176472,19,0.011602,-0.073533,0.084293,False,0.5120747108757822,False
85669,19,0.00038,-0.077667,0.07763966666666666,False,0.5295514668747113,False
128393,19,0.074419,-0.072065,0.14543799999999998,False,0.38635673345769983,False
24702,19,0.0,0.0,0.025032,False,0.5681744832224775,False
350152,19,0.096665,-0.070271,0.16631466666666667,False,0.3299741989959211,False
235514,19,0.049414,-0.072473,0.12034733333333332,False,0.42984316156254126,False
213078,19,0.029239,-0.07668,0.104224,False,0.4812866873014833,False
285706,19,0.0,-0.073884,0.08230733333333333,False,0.4540378708545667,False
360795,19,0.059371,-0.07100299999999998,0.12966766666666665,False,0.43176384871084217,False
105461,19,0.023495,-0.0738,0.096396,False,0.4859829683320009,False
266248,19,0.0,-0.028012,0.04441933333333334,False,0.6283809349029391,False
195779,19,0.009442,-0.075252,0.08341533333333334,False,0.5496115697383135,False
84715,19,0.000163,-0.094221,0.08755433333333333,True,0.9636048574790768,True
131659,19,0.019717,-0.075179,0.09394966666666667,False,0.49910196775534604,False
367955,19,0.0,-0.073549,0.073002,False,0.43882852918380905,False
170017,19,0.0,-0.022442,0.04128266666666667,False,0.667167587302239,True
225994,19,0.0,-0.049092,0.058136,False,0.5381771858833493,False
266161,19,0.0,-0.029111,0.045122,False,0.6335560789063521,True
83876,19,0.0,-0.039055,0.05230933333333334,False,0.5270517780270695,False
29327,19,0.0,-0.075372,0.07444633333333332,True,0.4686660958675807,False
247815,19,0.054034,-0.070739,0.13442,False,0.4614121962392365,False
149552,19,0.005928,-0.076905,0.081209,False,0.5628735879065438,False
68617,19,0.028061,-0.07470399999999999,0.10190266666666666,False,0.4377375376751265,False
65934,19,0.05234,-0.070576,0.12211233333333334,False,0.46288200738331486,False
289682,19,0.0,-0.086518,0.08072533333333333,True,0.8134314538598915,True
353036,19,0.0,-0.048101,0.05670433333333333,False,0.5420474372623173,False
36396,19,0.078694,-0.06956,0.14796133333333333,False,0.41189825399702107,False
138966,19,0.027647,-0.073942,0.101344,False,0.44751168323898183,False
63441,19,0.0,-0.052193,0.060127999999999994,False,0.5683826631278557,False
129973,19,0.0,-0.004554,0.028494666666666668,False,0.7246216253167233,True
185429,19,0.075758,-0.06907699999999999,0.14448933333333333,False,0.4365653845653065,False
308443,19,0.07417,-0.07043100000000001,0.14390833333333333,False,0.41666626276231333,False
227942,19,0.08087,-0.072441,0.15191266666666667,False,0.3472071746072991,False
117806,19,0.0,-0.031815,0.046701,False,0.5812653663154795,False
319275,19,0.0,-0.060531,0.06543966666666666,False,0.5446667866772844,False
146037,19,0.0,-0.034957,0.04851366666666667,False,0.588568882315318,False
324282,19,0.0,-0.030851,0.04656533333333333,False,0.5919740336582755,False
112065,19,0.084862,-0.071723,0.15493466666666666,False,0.32192073849772757,False
51332,19,0.0,-0.080568,0.07833166666666667,True,0.6049157952524407,False
262451,19,0.0,-0.047343,0.057394,False,0.5399297835076795,False
338784,19,0.016607,-0.07560900000000001,0.09079566666666666,False,0.5235737077338812,False
185753,19,0.0,0.0,0.025993666666666665,False,0.5776775091175328,False
351224,19,0.002651,-0.07536999999999999,0.07746466666666667,False,0.5174926031434354,False
36066,19,0.0,0.0,0.016228333333333334,False,0.37594180130172644,False
318029,19,0.0,-0.072435,0.07342966666666667,False,0.46485454666901455,False
126286,19,0.05804,-0.07150899999999999,0.12897266666666665,False,0.4222010751212988,False
112886,19,0.0,0.0,0.017188666666666668,False,0.40623241461099,False
296341,19,0.0,-0.001769,0.035403333333333335,True,0.7203853031406878,True
68587,19,0.068183,-0.072959,0.13966233333333333,False,0.40711084572265305,False
81030,19,0.051864,-0.068323,0.11984299999999999,False,0.5046669319628075,False
147721,19,0.101158,-0.070021,0.17066133333333333,False,0.33648464068796907,False
42982,19,0.0,-0.02767,0.050465666666666666,False,0.6212501494689512,False
37220,19,0.04882,-0.072027,0.12602033333333332,False,0.435988798926805,False
222077,19,0.0,0.0,0.02258866666666667,False,0.4585492386092331,False
368857,19,0.0,-0.043139,0.05416566666666667,True,0.5245931389875603,False
290049,19,0.062476,-0.070015,0.132126,False,0.44928593758222085,False
120031,19,0.0,-0.064935,0.067507,False,0.5246618098267877,False
182981,19,0.035314,-0.073806,0.108334,False,0.4261540539374516,False
190306,19,0.030353,-0.075071,0.104572,False,0.45683984701212516,False
3407,19,0.0,-0.021858,0.039315666666666665,False,0.6764416715272253,True
282746,19,0.0,-0.072567,0.07324599999999999,False,0.46145205785531584,False
145852,19,0.015875,-0.074647,0.08979133333333333,False,0.5215601310492533,False
73495,19,0.033329,-0.07398300000000001,0.10621266666666666,False,0.4343764525059324,False
373790,19,0.046382,-0.074712,0.11970833333333335,False,0.40486120666049497,False
130825,19,0.084331,-0.06732300000000001,0.15147866666666668,False,0.4301776482459305,False
291382,19,0.006589,-0.077919,0.08317466666666667,False,0.5972787506272834,False
15622,19,0.0,0.0,0.0,False,0.03194213494729024,False
36287,19,0.035686,-0.10450899999999999,0.12842,True,0.9736483012983487,True
16663,19,0.000415,-0.07610700000000001,0.07550433333333333,False,0.49990370593218736,False
96200,19,0.043158,-0.074088,0.11665066666666667,False,0.43192359701736116,False
26522,19,0.040623,-0.07508000000000001,0.11449433333333332,False,0.4294888035566682,False
48390,19,0.02016,-0.07362300000000001,0.09241633333333334,False,0.4899230137569992,False
58650,19,0.0,-0.086682,0.08232066666666667,True,0.8211949066944173,True
49453,19,0.0,-0.063447,0.06714466666666667,False,0.5252440257087192,False
85277,19,0.0,-0.011311,0.036873666666666666,False,0.7189477907335554,True
221777,19,0.042327,-0.074629,0.11628466666666666,False,0.4334597809741494,False
60058,19,0.0,0.0,0.020084666666666667,False,0.42597600370817357,False
194081,19,0.0,-0.069963,0.07682633333333333,False,0.4811224791047742,False
53736,19,0.0,0.0,0.026034666666666668,False,0.5776775091175328,False
231649,19,0.083776,-0.07027199999999999,0.15274766666666667,False,0.34842402668120964,False
367671,19,0.059382,-0.07220200000000002,0.13076266666666667,False,0.4065624644009055,False
39449,19,0.0,-0.006865,0.029897666666666666,False,0.698451804920076,True
187595,19,0.0,-0.063758,0.06727833333333333,False,0.5149238182959764,False
137340,19,0.0,0.0,0.018214,False,0.4182372081772358,False
57487,19,0.0,0.0,0.013243666666666667,True,0.35127372394415063,False
239717,19,0.051893,-0.07108700000000001,0.12196833333333335,False,0.45312180436913674,False
73206,19,0.030873,-0.073976,0.10448999999999999,False,0.44822637947986965,False
356664,19,0.091729,-0.06906799999999999,0.16041666666666668,False,0.3600529103461178,False
198461,19,0.0,-0.022026,0.040257,False,0.6742142752617286,True
54309,19,0.0,-0.039671,0.051724,False,0.5363614114143194,False
241331,19,0.046184,-0.072653,0.11800266666666666,False,0.4270232652480805,False
69445,19,0.011277,-0.075449,0.08645566666666667,False,0.5264785347667242,False
266171,19,0.031911,-0.07053699999999999,0.10942233333333333,False,0.4767674420209849,False
26289,19,0.0,-0.025982,0.042417,False,0.664333291804088,True
80132,19,0.0,-0.024601,0.04196366666666667,False,0.6649869864979169,True
3770,19,0.0,-0.032849,0.04829833333333333,False,0.5792448869486725,False
107090,19,0.0,-0.030316,0.045310666666666666,False,0.5977163722132662,False
97425,19,0.0,-0.041619,0.05277133333333334,False,0.5282749628898467,False
116619,19,0.087612,-0.06934500000000002,0.15619333333333332,False,0.3563929108661422,False
56117,19,0.0,-0.072138,0.07240933333333333,False,0.47944258908451054,False
240273,19,0.043361,-0.072149,0.11492533333333332,False,0.4200644153356947,False
342598,19,0.0,0.0,0.024761333333333333,False,0.5646322792491706,False
237881,19,0.0,-0.050659,0.05832233333333334,False,0.5545828242393027,False
177892,19,0.0,-0.074464,0.07477566666666667,True,0.44290025204212674,False
44907,19,0.0,-0.036376,0.049686666666666664,False,0.5678534660084491,False
346692,19,0.059376,-0.072864,0.13116566666666665,False,0.40964512255153235,False
282789,19,0.0,-0.051085,0.05926066666666666,False,0.5574015110748068,False
47662,19,0.0,-0.045068,0.05547533333333333,False,0.5348396149043939,False
325405,19,0.0,-0.040147,0.051671333333333326,False,0.5363614114143194,False
82920,19,0.0,-0.073851,0.07427333333333333,False,0.43714431214929644,False
81516,19,0.0,-0.066022,0.06957266666666666,False,0.5280695093088853,False
20916,19,0.0,-0.06629,0.06925466666666667,True,0.5293030091686295,False
49123,19,0.0,0.0,0.0,False,0.03194213494729024,False
89725,19,0.03295,-0.07341700000000001,0.10540233333333333,False,0.43212826941779525,False
201728,19,0.0,-0.039073,0.051061999999999996,True,0.5344019360834987,False
172103,19,0.055893,-0.07081300000000001,0.125489,False,0.4721173254789607,False
141530,19,0.058503,-0.07061899999999999,0.128372,False,0.4496368414906674,False
122049,19,0.023036,-0.076483,0.09774233333333333,False,0.5052408233696906,False
229690,19,0.0,-0.028128,0.04335566666666666,True,0.6301945838003234,True
247974,19,0.0,-0.070265,0.07182666666666666,False,0.5013913963776991,False
30369,19,0.0,-0.052194,0.06016199999999999,False,0.5683826631278557,False
191277,19,0.049818,-0.073589,0.12212733333333332,False,0.4165609165451343,False
306012,19,0.003981,-0.07391,0.07776233333333334,False,0.49107655221749685,False
209400,19,0.0,-0.006516,0.03048266666666666,False,0.7003128788509542,True
31959,19,0.0,-0.018153,0.03763233333333333,False,0.7077911735174796,True
85197,19,0.028043,-0.0734,0.104792,False,0.434418818846772,False
117026,19,0.0,0.0,0.0,False,0.03194213494729024,False
357599,19,0.039982,-0.069128,0.118502,False,0.5042832425403106,False
193575,19,0.0,-0.014319,0.035591,False,0.7154793834440226,True
177254,19,0.015958,-0.071085,0.08594433333333333,False,0.5399205025701832,False
279291,19,0.0,-0.00021,0.026038333333333333,False,0.6036117485724474,False
347011,19,0.044553,-0.07445099999999999,0.118074,False,0.40627687223525866,False
55789,19,0.083918,-0.06974799999999999,0.15363233333333334,False,0.3552649670902503,False
277408,19,0.041551,-0.07394400000000001,0.11429833333333334,False,0.4198438254399056,False
140373,19,0.0,-0.034172,0.05204,False,0.5787986331988022,False
240870,19,0.0,-0.022045,0.040643,False,0.669007487597511,True
188208,19,0.0,-0.007553,0.03181766666666667,True,0.698451804920076,True
120087,19,0.0,-0.059803,0.06466833333333333,False,0.5361593304868567,False
312690,19,0.009776,-0.077714,0.086215,False,0.5855229151619422,False
207505,19,0.0,-0.083383,0.07952133333333333,True,0.7083255546363949,True
80131,19,0.043707,-0.07166,0.11444666666666668,False,0.4270813974925742,False
114137,19,0.0,-0.076144,0.075266,False,0.4871080829030469,False
139893,19,0.069844,-0.070197,0.13902433333333333,False,0.43930849515391684,False
204693,19,0.0,-0.064659,0.069115,False,0.5152441701278379,False
332547,19,0.038743,-0.073064,0.11142,False,0.43150303054131184,False
82540,19,0.0,-0.074052,0.07391133333333334,False,0.43714431214929644,False
38409,19,0.0,-0.081317,0.07890833333333333,True,0.6233865430077502,False
124782,19,0.014072,-0.075865,0.08937566666666667,False,0.5194330663812136,False
51599,19,0.042976,-0.073025,0.11492766666666666,False,0.4259239255615485,False
302100,19,0.035898,-0.070388,0.10558566666666667,False,0.46746667107674483,False
184101,19,0.008384,-0.078396,0.09094866666666666,False,0.5843695180927553,False
303520,19,0.044765,-0.073849,0.11782066666666667,False,0.41592750406131773,False
33568,19,0.031954,-0.07173199999999999,0.11088866666666668,False,0.44981579823207646,False
334993,19,0.0,-0.011829,0.033228,False,0.7139423206630171,True
216161,19,0.001699,-0.07602199999999999,0.07711033333333332,False,0.5123452347713823,False
48896,19,0.039633,-0.072366,0.11930833333333334,False,0.4509382284971089,False
292002,19,0.053622,-0.07322599999999999,0.12583466666666665,False,0.43128626910966433,False
306491,19,0.057723,-0.073484,0.13034633333333334,False,0.41907802266866523,False
6019,19,0.015313,-0.075213,0.08961400000000001,False,0.5253164215014791,False
73158,19,0.018742,-0.07567499999999999,0.09345266666666667,False,0.5013347230675217,False
264951,19,0.0,-0.053517,0.06043966666666667,False,0.5687502797221313,False
347806,19,0.006248,-0.07475699999999999,0.080592,False,0.5060816339235064,False
199295,19,0.0,-0.012642,0.033898000000000005,False,0.7048801176939932,True
249974,19,0.023426,-0.076446,0.09828666666666667,False,0.5015274879306033,False
1130,19,0.0,-0.048452,0.057382666666666665,False,0.5399297835076795,False
138091,19,0.0,-0.052975,0.06019333333333333,False,0.5683826631278557,False
324734,19,0.067554,-0.072025,0.13835733333333333,False,0.40872089259199934,False
14470,19,0.0,-0.061076,0.06429733333333333,False,0.5431713728950892,False
254615,19,0.09367,-0.06817599999999999,0.161058,False,0.3942861433412157,False
371112,19,0.025887,-0.07444700000000001,0.09959933333333333,False,0.4392999536249814,False
52418,19,0.033433,-0.07405600000000001,0.11040633333333333,False,0.4178602063387261,False
156960,19,0.008026,-0.075593,0.08271033333333333,False,0.5323772344514945,False
139042,19,0.000933,-0.076199,0.07618866666666667,False,0.4943733983254914,False
346047,19,0.032142,-0.073683,0.104831,False,0.44449614446692515,False
111477,19,0.0,-0.081811,0.07824766666666667,True,0.643621114090633,True
369972,19,0.04866,-0.071883,0.1261766666666667,False,0.4362384546164946,False
21930,19,0.0,-0.092303,0.086198,True,0.8804967126462571,True
352159,19,0.0,-0.064058,0.06831533333333334,False,0.5082450026198688,False
111043,19,0.0,-0.073763,0.07393733333333333,False,0.43714431214929644,False
145684,19,0.018739,-0.074046,0.092097,False,0.4905156207744645,False
282579,19,0.069347,-0.070425,0.13904433333333335,False,0.444368963971247,False
70407,19,0.027404,-0.074087,0.10055366666666667,False,0.44751168323898183,False
316526,19,0.030007,-0.07600299999999999,0.10482466666666666,False,0.45441400342600813,False
83707,19,0.0,-0.053321,0.06107966666666667,False,0.5722980598328565,False
138403,19,0.0,-0.046324,0.056711333333333336,False,0.5461336969220253,False
53893,19,0.0,-0.000289,0.025232333333333332,False,0.5940149775798786,False
193738,19,0.020478,-0.076569,0.09569233333333334,False,0.5174217072373687,False
178349,19,0.0,0.0,0.014634666666666666,False,0.36762121362069816,False
56673,19,0.062263,-0.07257400000000001,0.13412300000000002,False,0.4226029920239696,False
281137,19,0.077273,-0.081303,0.15427133333333334,True,0.5576926690036824,False
295170,19,0.042342,-0.07233700000000001,0.11346466666666667,False,0.44766930355150186,False
106743,19,0.005789,-0.074825,0.07958366666666668,False,0.49688093813941936,False
336048,19,0.0,0.0,0.0008946666666666668,False,0.2917785474057614,False
290048,19,0.060582,-0.07319300000000001,0.13260466666666668,False,0.4179844290716551,False
232328,19,0.026268,-0.072674,0.106292,False,0.4634901466046426,False
136716,19,0.000739,-0.075084,0.07520433333333333,False,0.4777392313121941,False
142788,19,0.089157,-0.071227,0.15935566666666667,False,0.31959316105043983,False
183321,19,0.0,-0.071017,0.08018166666666666,False,0.4724403361273473,False
35924,19,0.00912,-0.08723199999999999,0.09172833333333334,True,0.8762184704697029,True
139258,19,0.027034,-0.071974,0.098595,False,0.4911168177791174,False
110140,19,0.006844,-0.075721,0.08133233333333333,False,0.5300083844277157,False
345899,19,0.102189,-0.068881,0.170291,False,0.36918016314395513,False
42001,19,0.008071,-0.076583,0.08421033333333333,False,0.5640516474359134,False
258744,19,0.0,-0.058065,0.06325366666666667,False,0.5397513635680843,False
330879,19,0.071028,-0.06953,0.13996533333333333,False,0.41789478196945334,False
367696,19,0.0,0.0,0.012112,False,0.34207005040259353,False
149415,19,0.076866,-0.07215,0.147733,False,0.385391737630664,False
198691,19,0.0,-0.028052,0.04401066666666667,False,0.6283809349029391,False
36466,19,0.046144,-0.074406,0.11975066666666667,False,0.41151740135242115,False
81158,19,0.075198,-0.068792,0.14339066666666667,False,0.4583253389558432,False
104248,19,0.0,-0.043831,0.054759,True,0.5175901765991457,False
99829,19,0.0,-0.022745,0.041009666666666666,True,0.669007487597511,True
110615,19,0.025457,-0.08509900000000001,0.10628733333333334,True,0.7433520169822886,True
157284,19,0.0,-0.037402,0.05070133333333333,False,0.5488652784799017,False
138656,19,0.01213,-0.076959,0.08807,False,0.5476409446731777,False
94036,19,0.0,0.0,0.018444333333333333,False,0.4132297267309954,False
274088,19,0.029765,-0.074327,0.10371666666666668,False,0.443411498260683,False
215856,19,0.0,-0.040222,0.05185,False,0.5284300540887812,False
263638,19,0.0,-0.077607,0.077109,True,0.5187057383780583,False
130970,19,0.0,-0.047285,0.056460333333333335,False,0.5438026543318071,False
308944,19,0.0,0.0,0.0,False,0.03194213494729024,False
344652,19,0.0,-0.059196,0.07049866666666667,False,0.5472822936820301,False
327837,19,0.008046,-0.07570500000000001,0.083221,False,0.5323772344514945,False
285929,19,0.0,-0.032025,0.047365333333333336,False,0.5830471266774742,False
128075,19,0.0,-0.068639,0.07115833333333334,True,0.5209847363612452,False
62855,19,0.0,-0.02165,0.045913,False,0.6861965939224781,True
209186,19,0.054607,-0.073343,0.12755366666666668,False,0.4335645224847258,False
349665,19,0.07049,-0.07200700000000002,0.14153666666666667,False,0.39535666249547713,False
110430,19,0.02378,-0.073298,0.09589700000000001,False,0.4871282575763133,False
66818,19,0.028355,-0.074059,0.10212700000000001,False,0.45428348957299935,False
286046,19,0.0,-0.074461,0.07448933333333334,False,0.44290025204212674,False
156471,19,0.018526,-0.074045,0.09207233333333333,False,0.4896982411079178,False
173239,19,0.0,-0.069515,0.07123033333333333,False,0.5031190968186636,False
196038,19,0.0,-0.04266,0.05368033333333333,False,0.5327895904102357,False
305402,19,0.087892,-0.06962499999999999,0.15736266666666665,False,0.3359476462649604,False
200562,19,0.033939,-0.10355700000000001,0.126103,True,0.9813306435784441,True
200078,19,0.075405,-0.072598,0.146699,False,0.3875184637456017,False
16829,19,0.047218,-0.073401,0.11988666666666666,False,0.4059625421590721,False
179768,19,0.037844,-0.075472,0.11202166666666667,False,0.44102880990574234,False
290771,19,0.063138,-0.07078599999999999,0.13827666666666666,False,0.4361109636090171,False
121981,19,0.0,-0.051503,0.05916133333333334,True,0.5585895990316769,False
254798,19,0.0,-0.008669,0.03159666666666667,True,0.7117661449937605,True
165388,19,0.0,-0.00172,0.02779833333333333,True,0.7042621725393471,True
311969,19,0.088917,-0.07056899999999999,0.15928466666666666,False,0.33443079593636593,False
41833,19,0.0,-0.054232,0.06167333333333333,False,0.563557958751816,False
221187,19,0.037081,-0.074441,0.11012833333333333,False,0.40905393174518534,False
119484,19,0.0,-0.022094,0.04400133333333333,False,0.6850035794826153,True
115574,19,0.022851,-0.07259800000000001,0.09437533333333332,False,0.5088770219351187,False
309588,19,0.0,-0.030481,0.04571566666666666,False,0.5977163722132662,False
208910,19,0.0,-0.011893,0.033185,False,0.7139423206630171,True
16469,19,0.020554,-0.074562,0.094405,False,0.49048846062561036,False
4883,19,0.0,-0.023894,0.042001333333333335,False,0.6631498054986453,True
87194,19,0.0,-0.067694,0.07036666666666667,False,0.5367666841811174,False
186264,19,0.0,-0.01983,0.039245999999999996,False,0.7037977718735168,True
109842,19,0.0,-0.001794,0.028114333333333335,False,0.7067373473766023,True
20836,19,0.100969,-0.06870899999999999,0.16875133333333334,False,0.3844709109045971,False
60472,19,0.016883,-0.072103,0.08763866666666666,False,0.544501931170241,False
256170,19,0.0,-0.047011,0.057367,False,0.5429235776586139,False
249184,19,0.0,-0.040418,0.05278766666666667,False,0.530020858538634,False
320695,19,0.0,-0.061116,0.066118,False,0.5446667866772844,False
352157,19,0.0,-0.052406,0.06564833333333334,False,0.565151402160217,False
100814,19,0.0,0.0,0.0,False,0.03194213494729024,False
115141,19,0.0,-0.050667,0.059524999999999995,False,0.5636249148026748,False
164981,19,0.032828,-0.075075,0.10688166666666667,False,0.44259222804795934,False
30662,19,0.0,-0.022868,0.04104233333333333,False,0.6653289314372983,True
283423,19,0.0,-0.066668,0.06915400000000001,False,0.5198415356294349,False
335243,19,0.0,-0.042375,0.053848,False,0.5225600343028911,False
276653,19,0.0,0.0,0.023058333333333333,False,0.4687990743732086,False
174879,19,0.030886,-0.073469,0.10306833333333333,False,0.46130252150574425,False
34701,19,0.0,0.0,0.0,False,0.03194213494729024,False
139973,19,0.062156,-0.073698,0.13446433333333332,False,0.4151522683232415,False
1858,19,0.069102,-0.070193,0.13851366666666667,False,0.4460580707602978,False
354785,19,0.0,0.0,0.017809333333333333,False,0.41215567259222224,False
144194,19,0.0,0.0,0.0,False,0.03194213494729024,False
161616,20,0.0,-0.024376,0.041879,False,0.6649869864979169,True
221846,20,0.0,-0.069718,0.069735,False,0.5048479665936367,False
84698,20,0.0,-0.043942,0.053467999999999995,False,0.5249546106558838,False
114629,20,0.0,0.0,0.00023466666666666666,False,0.22545506593104814,False
83465,20,0.0,-0.014267,0.03520633333333333,False,0.7136080515342846,True
369398,20,0.0,0.0,0.008035666666666667,False,0.37073062673403223,False
13112,20,0.0,0.0,0.014555333333333335,False,0.3690154429633426,False
235202,20,0.0,-0.070405,0.07078833333333333,False,0.504282462788987,False
104286,20,0.0,-0.035526,0.048382,False,0.5865186225100905,False
224231,20,0.035224,-0.07131499999999999,0.10595399999999999,False,0.4574236559411987,False
12995,20,0.0,-0.03447,0.05291733333333334,True,0.5804204977050854,False
74905,20,0.0,0.0,0.0,False,0.03194213494729024,False
294254,20,0.0,0.0,0.0,False,0.03194213494729024,False
265229,20,0.0,-0.034116,0.04613266666666666,True,0.583609558523727,False
366026,20,0.0,0.0,0.0,False,0.03194213494729024,False
269565,20,0.0,-0.028038,0.044075333333333334,True,0.6283809349029391,False
242550,20,0.0,-0.064323,0.06665133333333334,True,0.5099773416860643,False
82704,20,0.0,-0.027922,0.043344,False,0.6320094602029421,True
213416,20,0.0,-0.006563,0.030426666666666668,False,0.7003128788509542,True
45580,20,0.0,0.0,0.0,False,0.03194213494729024,False
280043,20,0.0,0.0,0.0,False,0.03194213494729024,False
50707,20,0.0,0.0,0.0,True,0.03194213494729024,False
28401,20,0.0,-0.039347,0.05033633333333334,False,0.5349741047785457,False
33306,20,0.0,0.0,0.0,False,0.03194213494729024,False
23114,20,0.0,0.0,0.009825666666666667,False,0.34453798459245083,False
114987,20,0.0,0.0,0.012580666666666665,False,0.3518057264796236,False
325666,20,0.029237,-0.072997,0.10112666666666666,False,0.4634965580158502,False
92826,20,0.0,-0.043714,0.054073,False,0.5245931389875603,False
165868,20,0.0,0.0,0.007696333333333333,False,0.3717866197632881,False
306277,20,0.0,-0.029692,0.044609666666666666,False,0.6079231377349535,False
219949,20,0.0,0.0,0.0,False,0.03194213494729024,False
81499,20,0.0,-0.009724,0.031619666666666664,False,0.7192540837515556,True
278463,20,0.0,-0.045291,0.054501999999999995,False,0.5243624156144616,False
180331,20,0.0,0.0,0.0,True,0.03194213494729024,False
294076,20,0.0,-0.060087,0.06505633333333334,False,0.5344092830366383,False
160007,20,0.0,-0.023656,0.040851,True,0.6616553496322604,True
288528,20,0.0,0.0,0.020375,False,0.42597600370817357,False
125541,20,0.0,-0.012728,0.03407266666666667,False,0.7067455424049962,True
271358,20,0.0,-0.003147,0.028075666666666665,False,0.7165230715046116,True
165767,20,0.0,-0.007694,0.030153000000000003,False,0.6891652995161726,True
52953,20,0.0,0.0,0.0,False,0.03194213494729024,False
57288,20,0.0,-0.041724,0.05557433333333334,True,0.5298560601445589,False
116876,20,0.0,0.0,0.019884,False,0.42237779917799007,False
356263,20,0.0,-0.023715,0.03979933333333333,False,0.6742142752617286,True
129087,20,0.0,-0.045344,0.05510966666666667,False,0.5365899536097836,False
174160,20,0.0,-0.024185,0.040106666666666665,False,0.662791564047088,True
155560,20,0.0,-0.054272,0.05938833333333334,False,0.5564908177950542,False
93665,20,0.0,-0.067123,0.06871700000000001,False,0.5288837994157117,False
58485,20,0.0,0.0,0.012864333333333334,False,0.3518057264796236,False
10211,20,0.0,-0.035345,0.048169333333333335,False,0.5865186225100905,False
18889,20,0.0,-0.035595,0.048092,False,0.5883039383559956,False
245392,20,0.0,0.0,0.019237666666666667,True,0.4078873044637073,False
354005,20,0.0,-0.034698,0.04687866666666667,False,0.5818274177567455,False
315631,20,0.0,0.0,0.0,False,0.03194213494729024,False
131813,20,0.0,-0.004903,0.028388333333333335,False,0.7283804690366744,True
99724,20,0.0,-0.009705,0.031261000000000004,False,0.7136362302730609,True
215535,20,0.0,-0.046706,0.056038333333333336,False,0.547891679634373,False
351364,20,0.0,-5.6e-05,0.025762666666666666,False,0.5964363547822926,False
26633,20,0.0,-0.055545,0.06102466666666667,False,0.5482344817529003,False
146002,20,0.0,-0.026295,0.04218966666666666,False,0.6536029471249124,True
124118,20,0.0,0.0,0.020295333333333335,False,0.42597600370817357,False
209546,20,0.0,-0.031644,0.04634033333333334,False,0.5848300929620556,False
293540,20,0.0,-0.039759,0.05094733333333334,False,0.5326530772601341,False
130111,20,0.0,-0.008527,0.031144999999999996,False,0.6920561560507378,True
1701,20,0.0,0.0,0.007200666666666667,False,0.38662551281664476,False
24025,20,0.0,0.0,0.0,True,0.03194213494729024,False
211694,20,0.0,-0.061058,0.06484833333333333,False,0.5431713728950892,False
101255,20,0.009686,-0.074039,0.08265399999999999,False,0.517386950089818,False
299391,20,0.0,0.0,0.016684666666666667,True,0.3847451882831064,False
139883,20,0.0,-0.071174,0.07125100000000001,False,0.4843028094044848,False
238555,20,0.0,-0.064222,0.06621233333333333,False,0.5099773416860643,False
221333,20,0.0,0.0,0.02009033333333333,False,0.42597600370817357,False
30741,20,0.0,0.0,0.010886,False,0.3389934755915831,False
123314,20,0.0,0.0,0.017945,False,0.4118100276286064,False
119325,20,0.0,0.0,0.024062333333333335,False,0.515441881460047,False
86574,20,0.0,-0.033118,0.052351,False,0.565708355951162,False
341911,20,0.0,0.0,0.020665,False,0.42765266186120277,False
30866,20,0.0,-0.024908,0.041161333333333334,False,0.6576065981848256,True
340723,20,0.0,-0.066386,0.06867233333333334,False,0.5198415356294349,False
332911,20,0.0,-0.04689,0.054599,False,0.5377667039916568,False
211089,20,0.0,-0.02023,0.038526,False,0.6949597729379822,True
281527,20,0.0,-0.070081,0.0703,False,0.5065780064940402,False
164419,20,0.0,-0.005546,0.028892666666666664,False,0.7224087768731242,True
334030,20,0.0,0.0,0.0,False,0.03194213494729024,False
213058,20,0.0,-0.03816,0.049688666666666666,False,0.5299388289232176,False
350737,20,0.0,-0.051589,0.058625000000000003,False,0.5495649199747201,False
22780,20,0.0,0.0,0.0,False,0.03194213494729024,False
112321,20,0.0,-0.019676,0.03790366666666666,False,0.7075284182513013,True
281168,20,0.016212,-0.07223199999999999,0.08775666666666666,False,0.544501931170241,False
53587,20,0.0,0.0,0.023109333333333332,False,0.47050471583356773,False
139041,20,0.005389,-0.076017,0.07963566666666667,False,0.5201812011174718,False
199191,20,0.0,-0.006249,0.02992766666666667,False,0.7106377298800058,True
338428,20,0.0,0.0,0.014414333333333333,False,0.3690154429633426,False
48625,20,0.0,0.0,0.008598666666666666,False,0.3694321186904173,False
297458,20,0.01255,-0.073002,0.08474066666666667,False,0.5125152053486159,False
137752,20,0.0,-0.004609,0.028236333333333336,False,0.7283804690366744,True
229734,20,0.0,0.0,0.0,False,0.03194213494729024,False
244855,20,0.0,0.0,0.006855333333333334,False,0.38887876946046906,False
264979,20,0.0,0.0,0.011809333333333333,True,0.33968215368785876,False
314019,20,0.0,0.0,0.0,False,0.03194213494729024,False
104633,20,0.0,-0.071269,0.070611,True,0.48773624015993094,False
284266,20,0.0,0.0,0.003542,False,0.42608256767573455,False
277317,20,0.0,0.0,0.014416666666666666,False,0.3690154429633426,False
289428,20,0.0,0.0,0.012644333333333334,False,0.35018036796883856,False
288255,20,0.0,-0.028296,0.04284766666666667,False,0.6323860054614178,True
67314,20,0.0,0.0,0.01676,False,0.38639394079143596,False
219794,20,0.0,-0.051519,0.05841633333333334,False,0.5495649199747201,False
130367,20,0.0,-0.022306,0.039941000000000004,False,0.6779048629645549,True
335544,20,0.0,0.0,0.0,False,0.03194213494729024,False
123930,20,0.0,0.0,0.0,True,0.03194213494729024,False
236708,20,0.0,0.0,0.00782,False,0.37670989626348184,False
146068,20,0.0,-0.041759,0.051472333333333335,False,0.5412504597665854,False
298673,20,0.0,-0.023917,0.04062866666666667,False,0.6557744089664114,True
207425,20,0.0,-0.046,0.055301666666666666,False,0.5365899536097836,False
328962,20,0.0,0.0,0.0,False,0.03194213494729024,False
145738,20,0.0,0.0,0.013553666666666667,False,0.3528998224549341,False
146341,20,0.0,-0.058924,0.063607,False,0.5336868211947408,False
138873,20,0.0,0.0,0.0,False,0.03194213494729024,False
191182,20,0.0,0.0,0.0,False,0.03194213494729024,False
256131,20,0.0,-0.067956,0.06955566666666667,False,0.5262111566235171,False
158606,20,0.0,0.0,0.024627,False,0.5527890600765236,False
115457,20,0.0,-0.025464,0.041679333333333325,False,0.6631498054986453,True
281875,20,0.0,0.0,0.016981333333333334,False,0.39495522533200844,False
129303,20,0.0,0.0,0.025069666666666667,True,0.5681744832224775,False
267138,20,0.0,-0.049479,0.056661333333333334,False,0.5531857486719312,False
169951,20,0.0,-0.044209,0.054053333333333335,False,0.5301890969893376,False
164722,20,0.0,-0.062782,0.07543666666666667,False,0.5165461186995072,False
356768,20,0.0,0.0,0.0,False,0.03194213494729024,False
254496,20,0.0,0.0,0.008541333333333333,False,0.3694321186904173,False
35337,20,0.0,0.0,0.011044,False,0.3395350250672328,False
58369,20,0.0,-0.062676,0.06570366666666666,False,0.5322264875240073,False
12406,20,0.025711,-0.071929,0.09719866666666667,False,0.4873277791192188,False
345496,20,0.0,0.0,0.014098666666666667,False,0.3705145244831657,False
153878,20,0.0,0.0,0.02054066666666667,False,0.42597600370817357,False
210325,20,0.0,0.0,0.0035633333333333333,False,0.42608256767573455,False
125140,20,0.0,-0.053773,0.06047433333333333,False,0.5705235696826487,False
41313,20,0.0,0.0,0.005993333333333333,False,0.38476665409412575,False
255155,20,0.0,0.0,0.019959333333333332,False,0.4192807036314872,False
127400,20,0.0,0.0,0.024085,False,0.5189174772773967,False
246777,20,0.02308,-0.073406,0.09506366666666666,False,0.4840438409792073,False
302698,20,0.0,-0.007482,0.029965333333333333,False,0.6928761322302216,True
111754,20,0.0,0.0,0.004322333333333333,False,0.4197844107192778,False
20302,20,0.0,-0.061038,0.06451833333333333,False,0.5431713728950892,False
284802,20,0.0,0.0,0.021267666666666667,False,0.4372498871260684,False
305939,20,0.0,-0.021276,0.03879866666666667,False,0.6893911810426965,True
163429,20,0.0,-0.06499,0.06742333333333334,False,0.5185072268566424,False
278058,20,0.0,0.0,0.014766333333333333,False,0.36271636624573067,False
221571,20,0.0,0.0,0.017029333333333334,False,0.40124927528919613,False
78147,20,0.01133,-0.073159,0.084029,False,0.519206823921337,False
173617,20,0.0,-0.044831,0.055065,False,0.5263142828785016,False
138685,20,0.0,0.0,0.004736666666666667,True,0.40471790647269107,False
290414,20,0.0,0.0,0.0,False,0.03194213494729024,False
358375,20,0.0,0.0,0.003389,False,0.4198660860387194,False
35631,20,0.0,-0.042794,0.053778,False,0.5345385416277827,False
337039,20,0.012836,-0.072987,0.08456666666666668,False,0.5107811497793435,False
267075,20,0.0,-0.024907,0.041994333333333335,False,0.6649869864979169,True
29821,20,0.0,0.0,0.028985999999999998,False,0.5979026221845726,False
294318,20,0.0,-0.003551,0.028150666666666668,False,0.7246216253167233,True
39523,20,0.01031,-0.074601,0.08321866666666666,False,0.5301556444376011,False
77643,20,0.0,-0.05794,0.06215933333333334,False,0.5538139463713964,False
237717,20,0.015961,-0.07313399999999999,0.08786166666666667,False,0.5235742502835736,False
5069,20,0.0,-0.002947,0.026937000000000003,False,0.7102996640448465,True
11028,20,0.0,-0.016555,0.034978333333333333,False,0.7047144184656221,True
303657,20,0.0,0.0,0.0012333333333333335,False,0.3182716224202128,False
311699,20,0.0,0.0,0.022595666666666667,False,0.4585492386092331,False
242357,20,0.0,0.0,0.0,False,0.03194213494729024,False
120646,20,0.0,-0.014505,0.033249,False,0.7179646341049573,True
312417,20,0.0,-0.014221,0.03457233333333334,False,0.7024066096101815,True
224622,20,0.0,0.0,0.0012466666666666665,True,0.3182716224202128,False
357412,20,0.0,-0.045721,0.05523433333333333,False,0.5348396149043939,False
198943,20,0.0,0.0,0.022031,False,0.4503240053204056,False
252370,20,0.0,-0.03012,0.04499566666666666,False,0.6097229404832077,False
332523,20,0.0,-0.023517,0.040919,True,0.663491519161009,True
145060,20,0.0,0.0,0.024521,False,0.5364076096643473,False
37435,20,0.0,0.0,0.023630333333333333,False,0.5085047831714551,False
282713,20,0.0,-0.058945,0.06319466666666666,False,0.5336868211947408,False
289239,20,0.008759,-0.072908,0.081273,False,0.5137795168287189,False
360446,20,0.0,-0.010476,0.03190433333333333,False,0.7149870486962607,True
189600,20,0.0,0.0,0.005767666666666667,False,0.3993998105586089,False
299,20,0.0,-0.031689,0.04579466666666667,False,0.5869844409963788,False
225332,20,0.0,0.0,0.021204,False,0.4280005300007063,False
31778,20,0.0,-0.023423,0.040980333333333334,False,0.6653289314372983,True
60517,20,0.0,0.0,0.013138666666666667,False,0.3537120609357235,False
58654,20,0.019837,-0.07100200000000001,0.09073033333333334,False,0.5164767666003821,False
153709,20,0.0,-0.060888,0.06471933333333334,False,0.5431713728950892,False
339757,20,0.0,-0.042102,0.052586333333333325,False,0.530176054705657,False
336321,20,0.0,0.0,0.017666,False,0.40325359393729776,False
308512,20,0.0,-0.038175,0.05841333333333334,False,0.5336153927924976,False
210260,20,0.0,-0.023806,0.040590666666666664,False,0.6666280711675718,True
50819,20,0.0,-0.028644,0.043400333333333325,False,0.6301945838003234,True
37149,20,0.0,-0.021773,0.038899666666666666,False,0.6801352753219009,True
161225,20,0.0,-0.030313,0.049743666666666665,False,0.591889919478972,False
362293,20,0.0,-0.049099,0.05661533333333333,False,0.5438026543318071,False
178389,20,0.0,0.0,0.0,False,0.03194213494729024,False
221208,20,0.0,0.0,0.0,False,0.03194213494729024,False
41291,20,0.0,0.0,0.010957,False,0.3444311301375997,False
365214,20,0.0,0.0,0.02191,True,0.4423061732218169,False
333281,20,0.0,-0.061729,0.06477066666666667,False,0.5474105510291205,False
7737,20,0.0,0.0,0.0,False,0.03194213494729024,False
329588,20,0.0,0.0,0.003804333333333333,False,0.4251226259961393,False
317105,20,0.0,0.0,0.0,False,0.03194213494729024,False
361689,20,0.0,0.0,0.01771033333333333,False,0.41215567259222224,False
281131,20,0.0,0.0,0.0032630000000000003,False,0.4100916550530444,False
343638,20,0.0,0.0,0.031399666666666666,False,0.5915307345606668,False
189790,20,0.0,-0.029648,0.04407133333333333,False,0.6097229404832077,False
340726,20,0.0,0.0,0.0,False,0.03194213494729024,False
72525,20,0.0,-0.033978,0.046608666666666666,False,0.5818274177567455,False
65444,20,0.02849,-0.07089,0.09887466666666667,False,0.5038887012254133,False
319360,20,0.0,-0.002187,0.025767666666666664,False,0.6949560442694809,True
358935,20,0.0,0.0,0.014483333333333334,False,0.3690154429633426,False
100448,20,0.0,-0.046625,0.06414033333333334,False,0.568319655247714,False
222075,20,0.0,0.0,0.019796,False,0.4240520220113166,False
69369,20,0.0,-0.000539,0.024642666666666663,False,0.5898460700011455,False
151722,20,0.0,0.0,0.0,True,0.03194213494729024,False
38033,20,0.0,0.0,0.018230666666666666,False,0.4182372081772358,False
128351,20,0.0,0.0,0.012552,False,0.3518057264796236,False
342871,20,0.0,-0.012056,0.03310966666666667,False,0.7139423206630171,True
13912,20,0.0,0.0,0.0,False,0.03194213494729024,False
351129,20,0.0,-0.016113,0.034631666666666665,True,0.6968801273902698,True
297365,20,0.0,-0.002237,0.027086,False,0.6946804230236711,True
240570,20,0.0,0.0,0.014693666666666667,False,0.36714114645826673,False
86317,20,0.0,-0.031949,0.046406,False,0.5830471266774742,False
99561,20,0.0,-0.03204,0.04641233333333333,False,0.5830471266774742,False
261740,20,0.0,0.0,0.016184,False,0.37594180130172644,False
29971,20,0.0,-0.037618,0.048551000000000004,False,0.5407962624208619,False
4101,20,0.0,0.0,0.016855666666666668,False,0.38804380920060816,False
176472,20,0.0,-0.011602,0.032245666666666666,False,0.7046035004429028,True
85669,20,0.0,-0.00038,0.026142333333333337,False,0.6036117485724474,False
128393,20,0.0,-0.074419,0.07363433333333334,False,0.44458836478454394,False
24702,20,0.0,0.0,0.0,False,0.03194213494729024,False
350152,20,0.026465,-0.0702,0.09668866666666666,False,0.5084054543176658,False
235514,20,0.0,-0.049414,0.05710033333333333,False,0.5510589996888594,False
213078,20,0.0,-0.029239,0.045052666666666664,False,0.6281119953046383,False
285706,20,0.0,0.0,0.024628,False,0.5527890600765236,False
360795,20,0.0,-0.059371,0.06324833333333334,False,0.5319384460446817,False
105461,20,0.0,-0.023495,0.04026333333333334,False,0.6686877490199138,True
266248,20,0.0,0.0,0.009337333333333333,False,0.35414378487490816,False
195779,20,0.0,-0.009442,0.03137866666666667,False,0.7117661449937605,True
84715,20,0.0,-0.000163,0.031515666666666664,False,0.6176016328003096,False
131659,20,0.0,-0.019717,0.03820433333333333,True,0.7075284182513013,True
367955,20,0.0,0.0,0.024516333333333334,True,0.5364076096643473,False
170017,20,0.0,0.0,0.007480666666666667,False,0.38003656477689457,False
225994,20,0.0,0.0,0.016364,False,0.37126321687734815,False
266161,20,0.0,0.0,0.009703666666666668,False,0.34129819475278156,False
83876,20,0.0,0.0,0.013018333333333333,False,0.3537120609357235,False
29327,20,0.0,0.0,0.025123999999999997,False,0.5681744832224775,False
247815,20,0.0,-0.054034,0.059602333333333334,False,0.5564908177950542,False
149552,20,0.0,-0.005928,0.029587000000000002,False,0.7041848078961073,True
68617,20,0.0,-0.028061,0.043608666666666664,False,0.6265685126805568,False
65934,20,0.0,-0.05234,0.05841866666666667,False,0.5575584057228601,False
289682,20,0.0,0.0,0.02883933333333333,False,0.5979026221845726,False
353036,20,0.0,0.0,0.016033666666666665,False,0.3792285016534395,False
36396,20,0.005965,-0.072729,0.07763766666666667,False,0.5060851237575691,False
138966,20,0.0,-0.027647,0.04307866666666666,False,0.6438988861812049,True
63441,20,0.0,0.0,0.01739766666666667,False,0.40623241461099,False
129973,20,0.0,0.0,0.001518,False,0.355425766316559,False
185429,20,0.002532,-0.073226,0.074375,False,0.49020316916800516,False
308443,20,0.000465,-0.073705,0.07307866666666667,False,0.4446168231065611,False
227942,20,0.007393,-0.073477,0.08052466666666667,False,0.502227656551976,False
117806,20,0.0,0.0,0.010605000000000002,False,0.3464159390062408,False
319275,20,0.0,0.0,0.020177,False,0.4290814924168037,False
146037,20,0.0,0.0,0.011652333333333334,False,0.3364489301819727,False
324282,20,0.0,0.0,0.010283666666666667,False,0.3496626587249661,False
112065,20,0.0,-0.084862,0.08048233333333334,True,0.7379534697395556,True
51332,20,0.0,0.0,0.026856,False,0.5827547319354399,False
262451,20,0.0,0.0,0.015781,False,0.37594180130172644,False
338784,20,0.0,-0.016607,0.03627433333333333,False,0.7068565466393931,True
185753,20,0.0,0.0,0.0,False,0.03194213494729024,False
351224,20,0.0,-0.002651,0.026890666666666663,False,0.6961533979334232,True
36066,20,0.0,0.0,0.0,False,0.03194213494729024,False
318029,20,0.0,0.0,0.024145,False,0.5241396972406956,False
126286,20,0.0,-0.05804,0.06252966666666666,False,0.5415050266198801,False
112886,20,0.0,0.0,0.0,False,0.03194213494729024,False
296341,20,0.0,0.0,0.0005896666666666666,False,0.2771747022862811,False
68587,20,0.0,-0.068183,0.06977499999999999,False,0.5262111566235171,False
81030,20,0.0,-0.051864,0.057350333333333336,False,0.5505074796765324,False
147721,20,0.028938,-0.07222,0.100425,False,0.4825361783774858,False
42982,20,0.0,0.0,0.009223333333333333,False,0.35414378487490816,False
37220,20,0.0,-0.04882,0.05655566666666667,False,0.545559059358979,False
222077,20,0.0,0.0,0.0,False,0.03194213494729024,False
368857,20,0.0,0.0,0.014379666666666666,False,0.3728290613027366,False
290049,20,0.0,-0.062476,0.064989,False,0.5342345484521459,False
120031,20,0.0,0.0,0.021645,False,0.44399388388262767,False
182981,20,0.0,-0.035314,0.04814466666666667,False,0.5865186225100905,False
190306,20,0.0,-0.030353,0.045259,False,0.6076562513332721,False
3407,20,0.0,0.0,0.007286,False,0.38662551281664476,False
282746,20,0.0,0.0,0.024189000000000002,False,0.5241396972406956,False
145852,20,0.0,-0.015875,0.035465666666666666,False,0.702740337976122,True
73495,20,0.0,-0.033329,0.046880333333333336,False,0.5740875149074298,False
373790,20,0.0,-0.046382,0.05582533333333333,False,0.5493898141295195,False
130825,20,0.0,-0.084331,0.07866166666666667,True,0.7173990860556729,True
291382,20,0.0,-0.006589,0.030365666666666666,False,0.7021752123850523,True
15622,20,0.0,0.0,0.0,False,0.03194213494729024,False
36287,20,0.0,-0.035686,0.05862699999999999,False,0.5978193683616814,False
16663,20,0.0,-0.000415,0.025645666666666667,False,0.5964363547822926,False
96200,20,0.0,-0.043158,0.053467999999999995,False,0.5193699995802595,False
26522,20,0.0,-0.040623,0.052108666666666664,False,0.5284300540887812,False
48390,20,0.0,-0.02016,0.037981,False,0.6949597729379822,True
58650,20,0.0,0.0,0.028894,False,0.5979026221845726,False
49453,20,0.0,0.0,0.021149,False,0.43135772248250936,False
85277,20,0.0,0.0,0.0037703333333333334,True,0.4251226259961393,False
221777,20,0.0,-0.042327,0.053094333333333334,False,0.5243020620008513,False
60058,20,0.0,0.0,0.0,False,0.03194213494729024,False
194081,20,0.0,0.0,0.023320999999999998,False,0.48188355711090197,False
53736,20,0.0,0.0,0.0,False,0.03194213494729024,False
231649,20,0.011732,-0.072044,0.08318533333333333,False,0.545938859373237,False
367671,20,0.0,-0.059382,0.06365533333333333,False,0.5336868211947408,False
39449,20,0.0,0.0,0.002288333333333333,False,0.38496458100394343,False
187595,20,0.0,0.0,0.021252666666666666,False,0.4372498871260684,False
137340,20,0.0,0.0,0.0,True,0.03194213494729024,False
57487,20,0.0,0.0,0.0,False,0.03194213494729024,False
239717,20,0.0,-0.051893,0.058291,False,0.5487477277482538,False
73206,20,0.0,-0.030873,0.04524066666666667,False,0.6076562513332721,False
356664,20,0.019006,-0.07272300000000001,0.09051066666666667,False,0.5083580510941937,False
198461,20,0.0,0.0,0.0073420000000000004,False,0.38827553795729536,False
54309,20,0.0,0.0,0.013223666666666667,False,0.35127372394415063,False
241331,20,0.0,-0.046184,0.055007,False,0.5261056631915818,False
69445,20,0.0,-0.011277,0.032667666666666664,True,0.7064687379351313,True
266171,20,0.0,-0.031911,0.04478633333333334,False,0.5971498559592808,False
26289,20,0.0,0.0,0.008660666666666667,False,0.37035460603419224,False
80132,20,0.0,0.0,0.008200333333333334,False,0.3694321186904173,False
3770,20,0.0,0.0,0.010949666666666668,False,0.3444311301375997,False
107090,20,0.0,0.0,0.010105333333333332,True,0.3513261352530591,False
97425,20,0.0,0.0,0.013873000000000002,False,0.3705145244831657,False
116619,20,0.015887,-0.071725,0.08681866666666667,False,0.5390930695281761,False
56117,20,0.0,0.0,0.024045999999999998,False,0.515441881460047,False
240273,20,0.0,-0.043361,0.052957,False,0.5228509144175022,False
342598,20,0.0,0.0,0.0,False,0.03194213494729024,False
237881,20,0.0,0.0,0.016886333333333333,False,0.38804380920060816,False
177892,20,0.0,0.0,0.024821333333333334,False,0.5646322792491706,False
44907,20,0.0,0.0,0.012125333333333333,False,0.34693294817390324,False
346692,20,0.0,-0.059376,0.063872,False,0.5336868211947408,False
282789,20,0.0,0.0,0.017028333333333333,False,0.40124927528919613,False
47662,20,0.0,0.0,0.015022666666666665,True,0.36762121362069816,False
325405,20,0.0,0.0,0.013382333333333335,False,0.35127372394415063,False
82920,20,0.0,0.0,0.024617,False,0.5527890600765236,False
81516,20,0.0,0.0,0.022007333333333334,False,0.4503240053204056,False
20916,20,0.0,0.0,0.022096666666666667,False,0.4503240053204056,False
49123,20,0.0,0.0,0.0,False,0.03194213494729024,False
89725,20,0.0,-0.03295,0.046439,False,0.5758223537001923,False
201728,20,0.0,0.0,0.013024333333333332,False,0.3537120609357235,False
172103,20,0.0,-0.055893,0.060866333333333335,False,0.5592640145997215,False
141530,20,0.0,-0.058503,0.06254166666666666,False,0.5395046111604095,False
122049,20,0.0,-0.023036,0.04085166666666667,False,0.6653289314372983,True
229690,20,0.0,0.0,0.009376,False,0.35414378487490816,False
247974,20,0.0,0.0,0.023421666666666664,False,0.4887485115915283,False
30369,20,0.0,0.0,0.017398,False,0.40623241461099,False
191277,20,0.0,-0.049818,0.05774166666666667,False,0.549298874735894,False
306012,20,0.0,-0.003981,0.027290666666666668,False,0.718768673906589,True
209400,20,0.0,0.0,0.002172,False,0.383316795253801,False
31959,20,0.0,0.0,0.006051,False,0.3903491746808512,False
85197,20,0.0,-0.028043,0.043162,False,0.6323860054614178,True
117026,20,0.0,0.0,0.0,False,0.03194213494729024,False
357599,20,0.0,-0.039982,0.049697333333333336,False,0.5369340137055383,False
193575,20,0.0,0.0,0.004773,False,0.40105260249362873,False
177254,20,0.0,-0.015958,0.034333666666666665,True,0.6968801273902698,True
279291,20,0.0,0.0,7.000000000000001e-05,False,0.1350457077514738,False
347011,20,0.0,-0.044553,0.054519000000000005,False,0.5243624156144616,False
55789,20,0.010039,-0.073879,0.082541,False,0.5156495994795389,False
277408,20,0.0,-0.041551,0.05234866666666666,False,0.5266852343924856,False
140373,20,0.0,0.0,0.011390666666666667,False,0.3332200788268374,False
240870,20,0.0,0.0,0.007348333333333333,False,0.38827553795729536,False
188208,20,0.0,0.0,0.0025176666666666668,False,0.38367887445694626,False
120087,20,0.0,0.0,0.019934333333333335,False,0.4192807036314872,False
312690,20,0.0,-0.009776,0.032422,False,0.7230056593447637,True
207505,20,0.0,0.0,0.027794333333333334,False,0.5988431538638764,False
80131,20,0.0,-0.043707,0.053024666666666664,True,0.5228509144175022,False
114137,20,0.0,0.0,0.025381333333333336,False,0.5723467305128771,False
139893,20,0.0,-0.069844,0.06996166666666666,False,0.5048479665936367,False
204693,20,0.0,0.0,0.021553,False,0.4423061732218169,False
332547,20,0.0,-0.038743,0.05018333333333334,False,0.525878046886643,False
82540,20,0.0,0.0,0.024684,False,0.5563152272819828,False
38409,20,0.0,0.0,0.027105666666666667,False,0.5898930483810331,False
124782,20,0.0,-0.014072,0.03466966666666667,True,0.7024066096101815,True
51599,20,0.0,-0.042976,0.052992333333333336,False,0.5310418221089307,False
302100,20,0.0,-0.035898,0.04739466666666667,True,0.5828222318480201,False
184101,20,0.0,-0.008384,0.03172133333333333,False,0.7032154947218084,True
303520,20,0.0,-0.044765,0.05445966666666666,False,0.5263142828785016,False
33568,20,0.0,-0.031954,0.045213333333333335,False,0.6022646848217066,False
334993,20,0.0,0.0,0.0039429999999999995,False,0.4234476790517977,False
216161,20,0.0,-0.001699,0.026473333333333335,True,0.6859560627888128,True
48896,20,0.0,-0.039633,0.050544,False,0.532862226906119,False
292002,20,0.0,-0.053622,0.060156666666666664,False,0.5687502797221313,False
306491,20,0.0,-0.057723,0.06297666666666667,False,0.5486878650034218,False
6019,20,0.0,-0.015313,0.03527966666666666,False,0.7080016465174487,True
73158,20,0.0,-0.018742,0.03771966666666667,False,0.7168771500238246,True
264951,20,0.0,0.0,0.017839,False,0.410144084759778,False
347806,20,0.0,-0.006248,0.029084333333333334,False,0.7285587972165711,True
199295,20,0.0,0.0,0.004214,False,0.4197844107192778,False
249974,20,0.0,-0.023426,0.041099333333333335,False,0.6653289314372983,True
1130,20,0.0,0.0,0.016150666666666667,False,0.3792285016534395,False
138091,20,0.0,0.0,0.017658333333333335,False,0.40325359393729776,False
324734,20,0.0,-0.067554,0.06904433333333333,False,0.5272778459661058,False
14470,20,0.0,0.0,0.020358666666666667,False,0.42597600370817357,False
254615,20,0.021808,-0.07186200000000001,0.09244133333333333,False,0.5185334276193769,False
371112,20,0.0,-0.025887,0.04207366666666667,False,0.6572656252636631,True
52418,20,0.0,-0.033433,0.046973999999999995,True,0.5740875149074298,False
156960,20,0.0,-0.008026,0.030548333333333334,False,0.6923315138919961,True
139042,20,0.0,-0.000933,0.02602166666666667,False,0.6502454380948876,True
346047,20,0.0,-0.032142,0.045989,True,0.5830471266774742,False
111477,20,0.0,0.0,0.02727033333333333,False,0.5920515340594937,False
369972,20,0.0,-0.04866,0.056401,False,0.545559059358979,False
21930,20,0.0,0.0,0.030767666666666665,False,0.5879569469212024,False
352159,20,0.0,0.0,0.02135266666666667,False,0.4372498871260684,False
111043,20,0.0,0.0,0.024587666666666664,False,0.5527890600765236,False
145684,20,0.0,-0.018739,0.03717466666666667,False,0.7238280691695914,True
282579,20,0.0,-0.069347,0.06970633333333333,False,0.5095332674522938,False
70407,20,0.0,-0.027404,0.042965,False,0.6461015075313569,True
316526,20,0.0,-0.030007,0.045339,False,0.5995092668669503,False
83707,20,0.0,0.0,0.017773666666666667,False,0.41215567259222224,False
138403,20,0.0,0.0,0.015441333333333333,False,0.3741038017838512,False
53893,20,0.0,0.0,9.633333333333332e-05,False,0.15493279285544292,False
193738,20,0.0,-0.020478,0.039174999999999995,False,0.6856850608800454,True
178349,20,0.0,0.0,0.0,False,0.03194213494729024,False
56673,20,0.0,-0.062263,0.0657,False,0.5496624501881008,False
281137,20,0.003154,-0.07411899999999999,0.07966766666666666,False,0.49107655221749685,False
295170,20,0.0,-0.042342,0.05234033333333333,False,0.5266852343924856,False
106743,20,0.0,-0.005789,0.028801000000000004,False,0.7161183664643668,True
336048,20,0.0,0.0,0.0,False,0.03194213494729024,False
290048,20,0.0,-0.060582,0.06478566666666667,False,0.5431713728950892,False
232328,20,0.0,-0.026268,0.041736666666666665,False,0.6572656252636631,True
136716,20,0.0,-0.000739,0.025520666666666667,False,0.6274780597882399,False
142788,20,0.016226,-0.072931,0.08858899999999999,False,0.5259266079631177,False
183321,20,0.0,0.0,0.023672333333333333,False,0.5085047831714551,False
35924,20,0.0,-0.00912,0.03515733333333333,False,0.7261477163627235,True
139258,20,0.0,-0.027034,0.042013999999999996,False,0.6372616312722592,True
110140,20,0.0,-0.006844,0.029803,False,0.7021752123850523,True
345899,20,0.005434,-0.09675500000000001,0.09289766666666667,True,0.9756824681974943,True
42001,20,0.0,-0.008071,0.03090833333333333,False,0.6939129013089196,True
258744,20,0.0,0.0,0.019355,True,0.4078873044637073,False
330879,20,0.0,-0.071028,0.07052866666666667,False,0.4926397635572211,False
367696,20,0.0,0.0,0.0,False,0.03194213494729024,False
149415,20,0.003069,-0.073797,0.07631700000000001,False,0.49107655221749685,False
198691,20,0.0,0.0,0.009350666666666667,False,0.35414378487490816,False
36466,20,0.0,-0.046144,0.05556466666666667,True,0.5365899536097836,False
81158,20,0.0023,-0.072898,0.07382933333333334,False,0.480744827089388,False
104248,20,0.0,0.0,0.014610333333333335,False,0.36762121362069816,False
99829,20,0.0,0.0,0.007581666666666667,False,0.37839211212739926,False
110615,20,0.0,-0.025457,0.045337666666666665,False,0.667737582857694,True
157284,20,0.0,0.0,0.012467333333333332,False,0.3518057264796236,False
138656,20,0.0,-0.01213,0.03373966666666667,False,0.7120720283571914,True
94036,20,0.0,0.0,0.0,False,0.03194213494729024,False
274088,20,0.0,-0.029765,0.044619,False,0.6079231377349535,False
215856,20,0.0,0.0,0.013407333333333334,False,0.35127372394415063,False
263638,20,0.0,0.0,0.025869,False,0.5705722074438908,False
130970,20,0.0,0.0,0.015761666666666667,False,0.37594180130172644,False
308944,20,0.0,0.0,0.0,False,0.03194213494729024,False
344652,20,0.0,0.0,0.019732,False,0.42070470871780435,False
327837,20,0.0,-0.008046,0.030599,False,0.6923315138919961,True
285929,20,0.0,0.0,0.010674999999999999,False,0.3464159390062408,False
128075,20,0.0,0.0,0.02287966666666667,False,0.46709458653621255,False
62855,20,0.0,0.0,0.007216666666666666,False,0.38662551281664476,False
209186,20,0.0,-0.054607,0.06085233333333334,False,0.5535162686010384,False
349665,20,0.0,-0.07049,0.07099566666666667,False,0.5025539754967435,False
110430,20,0.0,-0.02378,0.040285999999999995,True,0.6686877490199138,True
66818,20,0.0,-0.028355,0.043589666666666665,False,0.6265685126805568,False
286046,20,0.0,0.0,0.024820333333333333,False,0.5646322792491706,False
156471,20,0.0,-0.018526,0.037032333333333334,False,0.7203393317257261,True
173239,20,0.0,0.0,0.023171666666666663,True,0.47733883353236856,False
196038,20,0.0,0.0,0.014219999999999998,True,0.376648688646092,False
305402,20,0.015648,-0.072244,0.087019,False,0.555426800545512,False
200562,20,0.0,-0.033939,0.057145,False,0.5816640761326851,False
200078,20,0.001086,-0.074319,0.07483133333333333,False,0.4505925385560953,False
16829,20,0.0,-0.047218,0.05594566666666667,False,0.547055849367306,False
179768,20,0.0,-0.037844,0.05038666666666667,False,0.5237735965964885,False
290771,20,0.0,-0.063138,0.06568733333333333,False,0.5269878699729968,False
121981,20,0.0,0.0,0.017167666666666668,False,0.40457024420245785,False
254798,20,0.0,0.0,0.0028896666666666667,False,0.3984496020172792,False
165388,20,0.0,0.0,0.0005733333333333334,False,0.2771747022862811,False
311969,20,0.015434,-0.07348299999999999,0.08794566666666666,False,0.5103413602252624,False
41833,20,0.0,0.0,0.018077333333333334,False,0.41990862859542377,False
221187,20,0.0,-0.037081,0.049534333333333326,False,0.549440647648971,False
119484,20,0.0,0.0,0.007364666666666666,False,0.38827553795729536,False
115574,20,0.0,-0.022851,0.039433333333333334,False,0.6745967430660288,True
309588,20,0.0,0.0,0.010160333333333334,False,0.3513261352530591,False
208910,20,0.0,0.0,0.003964333333333334,False,0.4234476790517977,False
16469,20,0.0,-0.020554,0.03855666666666667,False,0.6893911810426965,True
4883,20,0.0,0.0,0.007964666666666667,False,0.37236989397336556,False
87194,20,0.0,0.0,0.022564666666666667,False,0.4585492386092331,False
186264,20,0.0,0.0,0.00661,False,0.38887876946046906,False
109842,20,0.0,0.0,0.000598,False,0.2771747022862811,False
20836,20,0.028506,-0.072463,0.09971766666666666,False,0.48067017028064574,False
60472,20,0.0,-0.016883,0.035289666666666664,False,0.709110619438973,True
256170,20,0.0,0.0,0.01567033333333333,False,0.37594180130172644,False
249184,20,0.0,0.0,0.013472666666666668,False,0.35127372394415063,False
320695,20,0.0,0.0,0.020371999999999998,False,0.42597600370817357,False
352157,20,0.0,0.0,0.017468666666666667,False,0.40623241461099,False
100814,20,0.0,0.0,0.0,False,0.03194213494729024,False
115141,20,0.0,0.0,0.016888999999999998,False,0.38804380920060816,False
164981,20,0.0,-0.032828,0.04691033333333333,False,0.5773365870107047,False
30662,20,0.0,0.0,0.0076226666666666665,False,0.3717866197632881,False
283423,20,0.0,0.0,0.02222266666666667,False,0.4503240053204056,False
335243,20,0.0,0.0,0.014125,False,0.3705145244831657,False
276653,20,0.0,0.0,0.0,False,0.03194213494729024,False
174879,20,0.0,-0.030886,0.04508033333333333,False,0.6130587725391261,False
34701,20,0.0,0.0,0.0,False,0.03194213494729024,False
139973,20,0.0,-0.062156,0.06600333333333334,False,0.5496624501881008,False
1858,20,0.0,-0.069102,0.06946566666666666,True,0.5095332674522938,False
354785,20,0.0,0.0,0.0,False,0.03194213494729024,False
144194,20,0.0,0.0,0.0,True,0.03194213494729024,False
161616,21,0.0,0.0,0.008125333333333333,False,0.3694321186904173,False
221846,21,0.0,0.0,0.023239333333333334,False,0.4796101752089506,False
84698,21,0.0,0.0,0.014647333333333333,False,0.36762121362069816,False
114629,21,0.0,0.0,0.0,False,0.03194213494729024,False
83465,21,0.0,0.0,0.004755666666666667,False,0.40471790647269107,False
369398,21,0.0,0.0,0.0,False,0.03194213494729024,False
13112,21,0.0,0.0,0.0,False,0.03194213494729024,False
235202,21,0.0,0.0,0.02346833333333333,False,0.4969156723537366,False
104286,21,0.0,0.0,0.011842,False,0.33968215368785876,False
224231,21,0.0,-0.035224,0.047254333333333336,False,0.5881742947889449,False
12995,21,0.0,0.0,0.01149,False,0.3380649950462421,False
74905,21,0.0,0.0,0.0,False,0.03194213494729024,False
294254,21,0.0,0.0,0.0,True,0.03194213494729024,False
265229,21,0.0,0.0,0.011372,True,0.32838498664588006,False
366026,21,0.0,0.0,0.0,False,0.03194213494729024,False
269565,21,0.0,0.0,0.009346,True,0.35414378487490816,False
242550,21,0.0,0.0,0.021441,False,0.4423061732218169,False
82704,21,0.0,0.0,0.009307333333333332,False,0.35414378487490816,False
213416,21,0.0,0.0,0.0021876666666666668,False,0.38496458100394343,False
45580,21,0.0,0.0,0.0,False,0.03194213494729024,False
280043,21,0.0,0.0,0.0,False,0.03194213494729024,False
50707,21,0.0,0.0,0.0,False,0.03194213494729024,False
28401,21,0.0,0.0,0.013115666666666666,False,0.3537120609357235,False
33306,21,0.0,0.0,0.0,False,0.03194213494729024,False
23114,21,0.0,0.0,0.0,False,0.03194213494729024,False
114987,21,0.0,0.0,0.0,False,0.03194213494729024,False
325666,21,0.0,-0.029237,0.04382366666666667,True,0.621138597769517,False
92826,21,0.0,0.0,0.014571333333333334,True,0.3690154429633426,False
165868,21,0.0,0.0,0.0,False,0.03194213494729024,False
306277,21,0.0,0.0,0.009897333333333333,False,0.34453798459245083,False
219949,21,0.0,0.0,0.0,False,0.03194213494729024,False
81499,21,0.0,0.0,0.0032413333333333335,False,0.4084268744183641,False
278463,21,0.0,0.0,0.015097,True,0.36762121362069816,False
180331,21,0.0,0.0,0.0,False,0.03194213494729024,False
294076,21,0.0,0.0,0.020029,False,0.4243004795754308,False
160007,21,0.0,0.0,0.007885333333333333,False,0.37073062673403223,False
288528,21,0.0,0.0,0.0,True,0.03194213494729024,False
125541,21,0.0,0.0,0.004242666666666666,False,0.4197844107192778,False
271358,21,0.0,0.0,0.001049,False,0.31758684646836877,False
165767,21,0.0,0.0,0.002564666666666667,False,0.38367887445694626,False
52953,21,0.0,0.0,0.0,False,0.03194213494729024,False
57288,21,0.0,0.0,0.013907999999999998,False,0.3705145244831657,False
116876,21,0.0,0.0,0.0,False,0.03194213494729024,False
356263,21,0.0,0.0,0.007905,False,0.37073062673403223,False
129087,21,0.0,0.0,0.015114666666666667,False,0.377388013321405,False
174160,21,0.0,0.0,0.008061666666666667,False,0.37271000435523877,False
155560,21,0.0,0.0,0.018090666666666668,False,0.4182372081772358,False
93665,21,0.0,0.0,0.022374333333333333,False,0.4568516833253473,False
58485,21,0.0,0.0,0.0,False,0.03194213494729024,False
10211,21,0.0,0.0,0.011781666666666668,False,0.33968215368785876,False
18889,21,0.0,0.0,0.011865,True,0.33968215368785876,False
245392,21,0.0,0.0,0.0,True,0.03194213494729024,False
354005,21,0.0,0.0,0.011566,False,0.3364489301819727,False
315631,21,0.0,0.0,0.0,False,0.03194213494729024,False
131813,21,0.0,0.0,0.0016343333333333333,False,0.3570546749929445,False
99724,21,0.0,0.0,0.003235,False,0.4084268744183641,False
215535,21,0.0,0.0,0.015568666666666666,False,0.3741038017838512,False
351364,21,0.0,0.0,1.8666666666666665e-05,False,0.04081409251002295,False
26633,21,0.0,0.0,0.018515,True,0.4132297267309954,False
146002,21,0.0,0.0,0.008765,False,0.37035460603419224,False
124118,21,0.0,0.0,0.0,False,0.03194213494729024,False
209546,21,0.0,0.0,0.010548,False,0.3464159390062408,False
293540,21,0.0,0.0,0.013253000000000001,False,0.35127372394415063,False
130111,21,0.0,0.0,0.0028423333333333334,False,0.40010762988183285,False
1701,21,0.0,0.0,0.0,False,0.03194213494729024,False
24025,21,0.0,0.0,0.0,False,0.03194213494729024,False
211694,21,0.0,0.0,0.020352666666666668,False,0.42597600370817357,False
101255,21,0.0,-0.009686,0.031136999999999998,False,0.7136362302730609,True
299391,21,0.0,0.0,0.0,False,0.03194213494729024,False
139883,21,0.0,0.0,0.023724666666666668,False,0.5085047831714551,False
238555,21,0.0,0.0,0.021407333333333334,False,0.4389341756153348,False
221333,21,0.0,0.0,0.0,False,0.03194213494729024,False
30741,21,0.0,0.0,0.0,False,0.03194213494729024,False
123314,21,0.0,0.0,0.0,False,0.03194213494729024,False
119325,21,0.0,0.0,0.0,False,0.03194213494729024,False
86574,21,0.0,0.0,0.011039333333333333,True,0.3395350250672328,False
341911,21,0.0,0.0,0.0,False,0.03194213494729024,False
30866,21,0.0,0.0,0.008302666666666667,True,0.3710705070797035,False
340723,21,0.0,0.0,0.022128666666666668,False,0.4503240053204056,False
332911,21,0.0,0.0,0.01563,False,0.3741038017838512,False
211089,21,0.0,0.0,0.006743333333333334,False,0.38887876946046906,False
281527,21,0.0,0.0,0.023360333333333334,True,0.4835980543487321,False
164419,21,0.0,0.0,0.0018486666666666666,False,0.355425766316559,False
334030,21,0.0,0.0,0.0,False,0.03194213494729024,False
213058,21,0.0,0.0,0.01272,False,0.35018036796883856,False
350737,21,0.0,0.0,0.017196333333333334,False,0.40623241461099,False
22780,21,0.0,0.0,0.0,True,0.03194213494729024,False
112321,21,0.0,0.0,0.006558666666666667,False,0.3870474363155775,False
281168,21,0.0,-0.016212,0.03488533333333333,False,0.7024639354787725,True
53587,21,0.0,0.0,0.0,False,0.03194213494729024,False
139041,21,0.0,-0.005389,0.02893166666666667,True,0.7224087768731242,True
199191,21,0.0,0.0,0.002083,False,0.3746987398258124,False
338428,21,0.0,0.0,0.0,False,0.03194213494729024,False
48625,21,0.0,0.0,0.0,False,0.03194213494729024,False
297458,21,0.0,-0.01255,0.03270066666666667,False,0.7067455424049962,True
137752,21,0.0,0.0,0.0015363333333333333,False,0.355425766316559,False
229734,21,0.0,0.0,0.0,False,0.03194213494729024,False
244855,21,0.0,0.0,0.0,False,0.03194213494729024,False
264979,21,0.0,0.0,0.0,False,0.03194213494729024,False
314019,21,0.0,0.0,0.0,False,0.03194213494729024,False
104633,21,0.0,0.0,0.023756333333333334,False,0.5085047831714551,False
284266,21,0.0,0.0,0.0,False,0.03194213494729024,False
277317,21,0.0,0.0,0.0,False,0.03194213494729024,False
289428,21,0.0,0.0,0.0,False,0.03194213494729024,False
288255,21,0.0,0.0,0.009432000000000001,False,0.3525168450008338,False
67314,21,0.0,0.0,0.0,False,0.03194213494729024,False
219794,21,0.0,0.0,0.017173,False,0.40457024420245785,False
130367,21,0.0,0.0,0.007435333333333333,False,0.38497660368284364,False
335544,21,0.0,0.0,0.0,False,0.03194213494729024,False
123930,21,0.0,0.0,0.0,False,0.03194213494729024,False
236708,21,0.0,0.0,0.0,False,0.03194213494729024,False
146068,21,0.0,0.0,0.013919666666666665,False,0.3705145244831657,False
298673,21,0.0,0.0,0.007972333333333333,False,0.37236989397336556,False
207425,21,0.0,0.0,0.015333333333333332,False,0.377388013321405,False
328962,21,0.0,0.0,0.0,False,0.03194213494729024,False
145738,21,0.0,0.0,0.0,True,0.03194213494729024,False
146341,21,0.0,0.0,0.019641333333333334,True,0.42070470871780435,False
138873,21,0.0,0.0,0.0,False,0.03194213494729024,False
191182,21,0.0,0.0,0.0,False,0.03194213494729024,False
256131,21,0.0,0.0,0.022652000000000002,False,0.46539125154231864,False
158606,21,0.0,0.0,0.0,False,0.03194213494729024,False
115457,21,0.0,0.0,0.008488,False,0.3694321186904173,False
281875,21,0.0,0.0,0.0,False,0.03194213494729024,False
129303,21,0.0,0.0,0.0,False,0.03194213494729024,False
267138,21,0.0,0.0,0.016493,False,0.38203662853227743,False
169951,21,0.0,0.0,0.014736333333333332,False,0.36271636624573067,False
164722,21,0.0,0.0,0.020927333333333336,False,0.42933045480204113,False
356768,21,0.0,0.0,0.0,False,0.03194213494729024,False
254496,21,0.0,0.0,0.0,False,0.03194213494729024,False
35337,21,0.0,0.0,0.0,False,0.03194213494729024,False
58369,21,0.0,0.0,0.020891999999999997,False,0.42933045480204113,False
12406,21,0.0,-0.025711,0.041117,False,0.6480792355541543,True
345496,21,0.0,0.0,0.0,False,0.03194213494729024,False
153878,21,0.0,0.0,0.0,False,0.03194213494729024,False
210325,21,0.0,0.0,0.0,False,0.03194213494729024,False
125140,21,0.0,0.0,0.017924333333333334,False,0.410144084759778,False
41313,21,0.0,0.0,0.0,False,0.03194213494729024,False
255155,21,0.0,0.0,0.0,False,0.03194213494729024,False
127400,21,0.0,0.0,0.0,False,0.03194213494729024,False
246777,21,0.0,-0.02308,0.03985533333333333,False,0.6760589448628823,True
302698,21,0.0,0.0,0.002494,False,0.38367887445694626,False
111754,21,0.0,0.0,0.0,False,0.03194213494729024,False
20302,21,0.0,0.0,0.020346,False,0.42597600370817357,False
284802,21,0.0,0.0,0.0,False,0.03194213494729024,False
305939,21,0.0,0.0,0.007092,False,0.38628344996387926,False
163429,21,0.0,0.0,0.021663333333333337,False,0.44399388388262767,False
278058,21,0.0,0.0,0.0,False,0.03194213494729024,False
221571,21,0.0,0.0,0.0,False,0.03194213494729024,False
78147,21,0.0,-0.01133,0.031939666666666665,False,0.7046035004429028,True
173617,21,0.0,0.0,0.014943666666666668,False,0.3659851581868513,False
138685,21,0.0,0.0,0.0,False,0.03194213494729024,False
290414,21,0.0,0.0,0.0,False,0.03194213494729024,False
358375,21,0.0,0.0,0.0,False,0.03194213494729024,False
35631,21,0.0,0.0,0.014264666666666667,False,0.3728290613027366,False
337039,21,0.0,-0.012836,0.03288633333333333,False,0.708612229663894,True
267075,21,0.0,0.0,0.008302333333333333,False,0.3710705070797035,False
29821,21,0.0,0.0,0.0,True,0.03194213494729024,False
294318,21,0.0,0.0,0.0011836666666666666,False,0.31987538460536297,False
39523,21,0.0,-0.01031,0.031740333333333336,False,0.7168593139323094,True
77643,21,0.0,0.0,0.01931333333333333,False,0.4078873044637073,False
237717,21,0.0,-0.015961,0.03501866666666666,False,0.7024639354787725,True
5069,21,0.0,0.0,0.0009823333333333333,False,0.29469323540693226,False
11028,21,0.0,0.0,0.005518333333333333,False,0.3993998105586089,False
303657,21,0.0,0.0,0.0,False,0.03194213494729024,False
311699,21,0.0,0.0,0.0,False,0.03194213494729024,False
242357,21,0.0,0.0,0.0,False,0.03194213494729024,False
120646,21,0.0,0.0,0.004835,False,0.40105260249362873,False
312417,21,0.0,0.0,0.004740333333333333,False,0.40471790647269107,False
224622,21,0.0,0.0,0.0,False,0.03194213494729024,False
357412,21,0.0,0.0,0.015240333333333333,False,0.377388013321405,False
198943,21,0.0,0.0,0.0,False,0.03194213494729024,False
252370,21,0.0,0.0,0.01004,False,0.3529522692366164,False
332523,21,0.0,0.0,0.007839,False,0.3783532103636241,False
145060,21,0.0,0.0,0.0,False,0.03194213494729024,False
37435,21,0.0,0.0,0.0,False,0.03194213494729024,False
282713,21,0.0,0.0,0.019648333333333334,False,0.42070470871780435,False
289239,21,0.0,-0.008759,0.030142000000000002,False,0.7173801987950218,True
360446,21,0.0,0.0,0.003492,False,0.42608256767573455,False
189600,21,0.0,0.0,0.0,False,0.03194213494729024,False
299,21,0.0,0.0,0.010563000000000001,False,0.3464159390062408,False
225332,21,0.0,0.0,0.0,False,0.03194213494729024,False
31778,21,0.0,0.0,0.007807666666666667,False,0.37670989626348184,False
60517,21,0.0,0.0,0.0,False,0.03194213494729024,False
58654,21,0.0,-0.019837,0.036892,False,0.714455862642344,True
153709,21,0.0,0.0,0.020295999999999998,False,0.42597600370817357,False
339757,21,0.0,0.0,0.014034,False,0.3705145244831657,False
336321,21,0.0,0.0,0.0,False,0.03194213494729024,False
308512,21,0.0,0.0,0.012725,False,0.35018036796883856,False
210260,21,0.0,0.0,0.007935333333333334,False,0.37073062673403223,False
50819,21,0.0,0.0,0.009548,False,0.34811882141245826,False
37149,21,0.0,0.0,0.007257666666666667,False,0.38662551281664476,False
161225,21,0.0,0.0,0.010104333333333333,False,0.3513261352530591,False
362293,21,0.0,0.0,0.016366333333333333,False,0.37126321687734815,False
178389,21,0.0,0.0,0.0,False,0.03194213494729024,False
221208,21,0.0,0.0,0.0,False,0.03194213494729024,False
41291,21,0.0,0.0,0.0,False,0.03194213494729024,False
365214,21,0.0,0.0,0.0,False,0.03194213494729024,False
333281,21,0.0,0.0,0.020576333333333332,False,0.42597600370817357,False
7737,21,0.0,0.0,0.0,False,0.03194213494729024,False
329588,21,0.0,0.0,0.0,False,0.03194213494729024,False
317105,21,0.0,0.0,0.0,False,0.03194213494729024,False
361689,21,0.0,0.0,0.0,True,0.03194213494729024,False
281131,21,0.0,0.0,0.0,False,0.03194213494729024,False
343638,21,0.0,0.0,0.0,False,0.03194213494729024,False
189790,21,0.0,0.0,0.009882666666666666,False,0.34453798459245083,False
340726,21,0.0,0.0,0.0,False,0.03194213494729024,False
72525,21,0.0,0.0,0.011326000000000001,False,0.3263416847369527,False
65444,21,0.0,-0.02849,0.042623333333333326,False,0.6269442944180701,False
319360,21,0.0,0.0,0.000729,False,0.2771747022862811,False
358935,21,0.0,0.0,0.0,False,0.03194213494729024,False
100448,21,0.0,0.0,0.015541666666666667,False,0.3741038017838512,False
222075,21,0.0,0.0,0.0,False,0.03194213494729024,False
69369,21,0.0,0.0,0.00017966666666666665,False,0.19381197138361325,False
151722,21,0.0,0.0,0.0,False,0.03194213494729024,False
38033,21,0.0,0.0,0.0,False,0.03194213494729024,False
128351,21,0.0,0.0,0.0,False,0.03194213494729024,False
342871,21,0.0,0.0,0.004018666666666667,False,0.4234476790517977,False
13912,21,0.0,0.0,0.0,False,0.03194213494729024,False
351129,21,0.0,0.0,0.005371,False,0.3993998105586089,False
297365,21,0.0,0.0,0.0007456666666666666,False,0.282580205959791,False
240570,21,0.0,0.0,0.0,False,0.03194213494729024,False
86317,21,0.0,0.0,0.010649666666666667,False,0.3464159390062408,False
99561,21,0.0,0.0,0.01068,False,0.3464159390062408,False
261740,21,0.0,0.0,0.0,True,0.03194213494729024,False
29971,21,0.0,0.0,0.012539333333333333,False,0.3518057264796236,False
4101,21,0.0,0.0,0.0,False,0.03194213494729024,False
176472,21,0.0,0.0,0.0038673333333333333,False,0.4251226259961393,False
85669,21,0.0,0.0,0.00012666666666666666,True,0.15914214052163436,False
128393,21,0.0,0.0,0.024806333333333333,True,0.5646322792491706,False
24702,21,0.0,0.0,0.0,True,0.03194213494729024,False
350152,21,0.0,-0.026465,0.041043333333333334,False,0.6444289797798312,True
235514,21,0.0,0.0,0.016471333333333334,False,0.3773462961377471,False
213078,21,0.0,0.0,0.009746333333333334,False,0.34129819475278156,False
285706,21,0.0,0.0,0.0,False,0.03194213494729024,False
360795,21,0.0,0.0,0.019790333333333333,False,0.4240520220113166,False
105461,21,0.0,0.0,0.007831666666666666,False,0.3783532103636241,False
266248,21,0.0,0.0,0.0,False,0.03194213494729024,False
195779,21,0.0,0.0,0.0031473333333333336,False,0.4084268744183641,False
84715,21,0.0,0.0,5.433333333333334e-05,False,0.11728052091139747,False
131659,21,0.0,0.0,0.006572333333333333,False,0.3870474363155775,False
367955,21,0.0,0.0,0.0,False,0.03194213494729024,False
170017,21,0.0,0.0,0.0,True,0.03194213494729024,False
225994,21,0.0,0.0,0.0,False,0.03194213494729024,False
266161,21,0.0,0.0,0.0,False,0.03194213494729024,False
83876,21,0.0,0.0,0.0,False,0.03194213494729024,False
29327,21,0.0,0.0,0.0,False,0.03194213494729024,False
247815,21,0.0,0.0,0.018011333333333334,False,0.4118100276286064,False
149552,21,0.0,0.0,0.001976,False,0.3671519504962508,False
68617,21,0.0,0.0,0.009353666666666666,False,0.35414378487490816,False
65934,21,0.0,0.0,0.017446666666666666,False,0.40623241461099,False
289682,21,0.0,0.0,0.0,False,0.03194213494729024,False
353036,21,0.0,0.0,0.0,False,0.03194213494729024,False
36396,21,0.0,-0.005965,0.028219666666666667,False,0.7179913973935348,True
138966,21,0.0,0.0,0.009215666666666667,False,0.35414378487490816,False
63441,21,0.0,0.0,0.0,False,0.03194213494729024,False
129973,21,0.0,0.0,0.0,False,0.03194213494729024,False
185429,21,0.0,-0.002532,0.02609666666666667,False,0.6927135296935684,True
308443,21,0.0,-0.000465,0.024878333333333332,False,0.5904378306041472,False
227942,21,0.0,-0.007393,0.029421,False,0.7022192989411208,True
117806,21,0.0,0.0,0.0,False,0.03194213494729024,False
319275,21,0.0,0.0,0.0,False,0.03194213494729024,False
146037,21,0.0,0.0,0.0,False,0.03194213494729024,False
324282,21,0.0,0.0,0.0,False,0.03194213494729024,False
112065,21,0.0,0.0,0.028287333333333334,True,0.6012236364060785,False
51332,21,0.0,0.0,0.0,False,0.03194213494729024,False
262451,21,0.0,0.0,0.0,False,0.03194213494729024,False
338784,21,0.0,0.0,0.005535666666666667,False,0.3993998105586089,False
185753,21,0.0,0.0,0.0,False,0.03194213494729024,False
351224,21,0.0,0.0,0.0008836666666666667,False,0.2917785474057614,False
36066,21,0.0,0.0,0.0,False,0.03194213494729024,False
318029,21,0.0,0.0,0.0,False,0.03194213494729024,False
126286,21,0.0,0.0,0.019346666666666668,True,0.4078873044637073,False
112886,21,0.0,0.0,0.0,False,0.03194213494729024,False
296341,21,0.0,0.0,0.0,False,0.03194213494729024,False
68587,21,0.0,0.0,0.022727666666666663,False,0.46539125154231864,False
81030,21,0.0,0.0,0.017288,True,0.40623241461099,False
147721,21,0.0,-0.028938,0.04336533333333333,False,0.6301945838003234,True
42982,21,0.0,0.0,0.0,False,0.03194213494729024,False
37220,21,0.0,0.0,0.016273333333333334,False,0.37126321687734815,False
222077,21,0.0,0.0,0.0,False,0.03194213494729024,False
368857,21,0.0,0.0,0.0,False,0.03194213494729024,False
290049,21,0.0,0.0,0.02082533333333333,True,0.42933045480204113,False
120031,21,0.0,0.0,0.0,False,0.03194213494729024,False
182981,21,0.0,0.0,0.011771333333333333,False,0.33968215368785876,False
190306,21,0.0,0.0,0.010117666666666667,False,0.3513261352530591,False
3407,21,0.0,0.0,0.0,False,0.03194213494729024,False
282746,21,0.0,0.0,0.0,False,0.03194213494729024,False
145852,21,0.0,0.0,0.005291666666666667,False,0.40105848153879503,False
73495,21,0.0,0.0,0.011109666666666665,False,0.336541650381668,False
373790,21,0.0,0.0,0.015460666666666666,False,0.3741038017838512,False
130825,21,0.0,0.0,0.028110333333333334,False,0.6012236364060785,False
291382,21,0.0,0.0,0.0021963333333333336,False,0.38496458100394343,False
15622,21,0.0,0.0,0.0,False,0.03194213494729024,False
36287,21,0.0,0.0,0.011895333333333334,False,0.33968215368785876,False
16663,21,0.0,0.0,0.00013833333333333333,False,0.15914214052163436,False
96200,21,0.0,0.0,0.014386000000000001,True,0.3690154429633426,False
26522,21,0.0,0.0,0.013541,False,0.3528998224549341,False
48390,21,0.0,0.0,0.00672,False,0.38887876946046906,False
58650,21,0.0,0.0,0.0,True,0.03194213494729024,False
49453,21,0.0,0.0,0.0,False,0.03194213494729024,False
85277,21,0.0,0.0,0.0,False,0.03194213494729024,False
221777,21,0.0,0.0,0.014108999999999998,False,0.3705145244831657,False
60058,21,0.0,0.0,0.0,False,0.03194213494729024,False
194081,21,0.0,0.0,0.0,False,0.03194213494729024,False
53736,21,0.0,0.0,0.0,True,0.03194213494729024,False
231649,21,0.0,-0.011732,0.031836,False,0.7064687379351313,True
367671,21,0.0,0.0,0.019794,False,0.4240520220113166,False
39449,21,0.0,0.0,0.0,False,0.03194213494729024,False
187595,21,0.0,0.0,0.0,False,0.03194213494729024,False
137340,21,0.0,0.0,0.0,False,0.03194213494729024,False
57487,21,0.0,0.0,0.0,False,0.03194213494729024,False
239717,21,0.0,0.0,0.017297666666666666,True,0.40623241461099,False
73206,21,0.0,0.0,0.010291,False,0.3496626587249661,False
356664,21,0.0,-0.019006,0.03691166666666667,False,0.7238280691695914,True
198461,21,0.0,0.0,0.0,False,0.03194213494729024,False
54309,21,0.0,0.0,0.0,False,0.03194213494729024,False
241331,21,0.0,0.0,0.015394666666666668,False,0.3741038017838512,False
69445,21,0.0,0.0,0.003759,False,0.4251226259961393,False
266171,21,0.0,0.0,0.010637,False,0.3464159390062408,False
26289,21,0.0,0.0,0.0,False,0.03194213494729024,False
80132,21,0.0,0.0,0.0,False,0.03194213494729024,False
3770,21,0.0,0.0,0.0,False,0.03194213494729024,False
107090,21,0.0,0.0,0.0,False,0.03194213494729024,False
97425,21,0.0,0.0,0.0,False,0.03194213494729024,False
116619,21,0.0,-0.015887,0.034499666666666665,False,0.6968801273902698,True
56117,21,0.0,0.0,0.0,False,0.03194213494729024,False
240273,21,0.0,0.0,0.014453666666666665,False,0.3690154429633426,False
342598,21,0.0,0.0,0.0,True,0.03194213494729024,False
237881,21,0.0,0.0,0.0,False,0.03194213494729024,False
177892,21,0.0,0.0,0.0,False,0.03194213494729024,False
44907,21,0.0,0.0,0.0,True,0.03194213494729024,False
346692,21,0.0,0.0,0.019792,True,0.4240520220113166,False
282789,21,0.0,0.0,0.0,False,0.03194213494729024,False
47662,21,0.0,0.0,0.0,False,0.03194213494729024,False
325405,21,0.0,0.0,0.0,False,0.03194213494729024,False
82920,21,0.0,0.0,0.0,False,0.03194213494729024,False
81516,21,0.0,0.0,0.0,False,0.03194213494729024,False
20916,21,0.0,0.0,0.0,False,0.03194213494729024,False
49123,21,0.0,0.0,0.0,False,0.03194213494729024,False
89725,21,0.0,0.0,0.010983333333333333,False,0.3395350250672328,False
201728,21,0.0,0.0,0.0,False,0.03194213494729024,False
172103,21,0.0,0.0,0.018630999999999998,False,0.4115628236380567,False
141530,21,0.0,0.0,0.019501,False,0.4104435384898036,False
122049,21,0.0,0.0,0.007678666666666667,False,0.3717866197632881,False
229690,21,0.0,0.0,0.0,False,0.03194213494729024,False
247974,21,0.0,0.0,0.0,False,0.03194213494729024,False
30369,21,0.0,0.0,0.0,False,0.03194213494729024,False
191277,21,0.0,0.0,0.016606,False,0.3847451882831064,False
306012,21,0.0,0.0,0.001327,False,0.3462540288552949,False
209400,21,0.0,0.0,0.0,False,0.03194213494729024,False
31959,21,0.0,0.0,0.0,False,0.03194213494729024,False
85197,21,0.0,0.0,0.009347666666666666,False,0.35414378487490816,False
117026,21,0.0,0.0,0.0,False,0.03194213494729024,False
357599,21,0.0,0.0,0.013327333333333332,False,0.35127372394415063,False
193575,21,0.0,0.0,0.0,False,0.03194213494729024,False
177254,21,0.0,0.0,0.005319333333333333,False,0.3993998105586089,False
279291,21,0.0,0.0,0.0,True,0.03194213494729024,False
347011,21,0.0,0.0,0.014851000000000001,True,0.3643502093113386,False
55789,21,0.0,-0.010039,0.03131900000000001,False,0.707510642396118,True
277408,21,0.0,0.0,0.013850333333333333,False,0.3705145244831657,False
140373,21,0.0,0.0,0.0,False,0.03194213494729024,False
240870,21,0.0,0.0,0.0,False,0.03194213494729024,False
188208,21,0.0,0.0,0.0,False,0.03194213494729024,False
120087,21,0.0,0.0,0.0,False,0.03194213494729024,False
312690,21,0.0,0.0,0.0032586666666666667,False,0.4084268744183641,False
207505,21,0.0,0.0,0.0,False,0.03194213494729024,False
80131,21,0.0,0.0,0.014569,False,0.3690154429633426,False
114137,21,0.0,0.0,0.0,False,0.03194213494729024,False
139893,21,0.0,0.0,0.023281333333333334,False,0.48188355711090197,False
204693,21,0.0,0.0,0.0,False,0.03194213494729024,False
332547,21,0.0,0.0,0.012914333333333333,True,0.3518057264796236,False
82540,21,0.0,0.0,0.0,False,0.03194213494729024,False
38409,21,0.0,0.0,0.0,False,0.03194213494729024,False
124782,21,0.0,0.0,0.004690666666666667,False,0.4102014268249984,False
51599,21,0.0,0.0,0.014325333333333334,False,0.3728290613027366,False
302100,21,0.0,0.0,0.011966,False,0.3364489301819727,False
184101,21,0.0,0.0,0.002794666666666667,False,0.40729489258649093,False
303520,21,0.0,0.0,0.014921666666666666,True,0.3643502093113386,False
33568,21,0.0,0.0,0.010651333333333334,False,0.3464159390062408,False
334993,21,0.0,0.0,0.0,False,0.03194213494729024,False
216161,21,0.0,0.0,0.0005663333333333333,True,0.2771747022862811,False
48896,21,0.0,0.0,0.013211,False,0.35127372394415063,False
292002,21,0.0,0.0,0.017874,False,0.410144084759778,False
306491,21,0.0,0.0,0.019240999999999998,False,0.4078873044637073,False
6019,21,0.0,0.0,0.005104333333333333,False,0.40604123320197355,False
73158,21,0.0,0.0,0.006247333333333334,False,0.3870474363155775,False
264951,21,0.0,0.0,0.0,False,0.03194213494729024,False
347806,21,0.0,0.0,0.0020826666666666667,False,0.3746987398258124,False
199295,21,0.0,0.0,0.0,False,0.03194213494729024,False
249974,21,0.0,0.0,0.007808666666666666,False,0.37670989626348184,False
1130,21,0.0,0.0,0.0,False,0.03194213494729024,False
138091,21,0.0,0.0,0.0,False,0.03194213494729024,False
324734,21,0.0,0.0,0.022518,False,0.4585492386092331,False
14470,21,0.0,0.0,0.0,False,0.03194213494729024,False
254615,21,0.0,-0.021808,0.03849266666666667,False,0.6801352753219009,True
371112,21,0.0,0.0,0.008629,False,0.3694321186904173,False
52418,21,0.0,0.0,0.011144333333333332,False,0.336541650381668,False
156960,21,0.0,0.0,0.0026753333333333334,False,0.39853070200945945,False
139042,21,0.0,0.0,0.000311,False,0.23618467924895697,False
346047,21,0.0,0.0,0.010714,False,0.3464159390062408,False
111477,21,0.0,0.0,0.0,False,0.03194213494729024,False
369972,21,0.0,0.0,0.016220000000000002,False,0.37594180130172644,False
21930,21,0.0,0.0,0.0,False,0.03194213494729024,False
352159,21,0.0,0.0,0.0,True,0.03194213494729024,False
111043,21,0.0,0.0,0.0,False,0.03194213494729024,False
145684,21,0.0,0.0,0.006246333333333333,False,0.3870474363155775,False
282579,21,0.0,0.0,0.02311566666666667,False,0.47050471583356773,False
70407,21,0.0,0.0,0.009134666666666668,False,0.3502412893098024,False
316526,21,0.0,0.0,0.010002333333333334,False,0.3497011011173889,False
83707,21,0.0,0.0,0.0,False,0.03194213494729024,False
138403,21,0.0,0.0,0.0,True,0.03194213494729024,False
53893,21,0.0,0.0,0.0,False,0.03194213494729024,False
193738,21,0.0,0.0,0.006826,False,0.38887876946046906,False
178349,21,0.0,0.0,0.0,False,0.03194213494729024,False
56673,21,0.0,0.0,0.020754333333333333,False,0.42765266186120277,False
281137,21,0.0,-0.003154,0.026809,False,0.7102996640448465,True
295170,21,0.0,0.0,0.014114,False,0.3705145244831657,False
106743,21,0.0,0.0,0.0019296666666666666,False,0.3671519504962508,False
336048,21,0.0,0.0,0.0,False,0.03194213494729024,False
290048,21,0.0,0.0,0.020194,False,0.4290814924168037,False
232328,21,0.0,0.0,0.008756,False,0.37035460603419224,False
136716,21,0.0,0.0,0.0002463333333333333,False,0.22545506593104814,False
142788,21,0.0,-0.016226,0.03512766666666667,False,0.702740337976122,True
183321,21,0.0,0.0,0.0,False,0.03194213494729024,False
35924,21,0.0,0.0,0.0030399999999999997,False,0.4084268744183641,False
139258,21,0.0,0.0,0.009011333333333333,False,0.3621761557101929,False
110140,21,0.0,0.0,0.0022813333333333336,False,0.38496458100394343,False
345899,21,0.0,-0.005434,0.035874333333333334,True,0.7283217230655923,True
42001,21,0.0,0.0,0.002690333333333333,False,0.39853070200945945,False
258744,21,0.0,0.0,0.0,False,0.03194213494729024,False
330879,21,0.0,0.0,0.023676,False,0.5085047831714551,False
367696,21,0.0,0.0,0.0,False,0.03194213494729024,False
149415,21,0.0,-0.003069,0.026645000000000002,False,0.7068420843882044,True
198691,21,0.0,0.0,0.0,False,0.03194213494729024,False
36466,21,0.0,0.0,0.015381333333333332,False,0.3741038017838512,False
81158,21,0.0,-0.0023,0.025832666666666667,False,0.689387459934818,True
104248,21,0.0,0.0,0.0,False,0.03194213494729024,False
99829,21,0.0,0.0,0.0,False,0.03194213494729024,False
110615,21,0.0,0.0,0.008485666666666667,False,0.3694321186904173,False
157284,21,0.0,0.0,0.0,False,0.03194213494729024,False
138656,21,0.0,0.0,0.004043333333333334,True,0.4234476790517977,False
94036,21,0.0,0.0,0.0,True,0.03194213494729024,False
274088,21,0.0,0.0,0.009921666666666667,False,0.3497011011173889,False
215856,21,0.0,0.0,0.0,False,0.03194213494729024,False
263638,21,0.0,0.0,0.0,False,0.03194213494729024,False
130970,21,0.0,0.0,0.0,False,0.03194213494729024,False
308944,21,0.0,0.0,0.0,True,0.03194213494729024,False
344652,21,0.0,0.0,0.0,False,0.03194213494729024,False
327837,21,0.0,0.0,0.002682,False,0.39853070200945945,False
285929,21,0.0,0.0,0.0,True,0.03194213494729024,False
128075,21,0.0,0.0,0.0,False,0.03194213494729024,False
62855,21,0.0,0.0,0.0,False,0.03194213494729024,False
209186,21,0.0,0.0,0.018202333333333334,False,0.4182372081772358,False
349665,21,0.0,0.0,0.023496666666666666,False,0.4969156723537366,False
110430,21,0.0,0.0,0.007926666666666667,False,0.37073062673403223,False
66818,21,0.0,0.0,0.009451666666666667,False,0.35577182588670175,False
286046,21,0.0,0.0,0.0,False,0.03194213494729024,False
156471,21,0.0,0.0,0.006175333333333334,False,0.3870474363155775,False
173239,21,0.0,0.0,0.0,False,0.03194213494729024,False
196038,21,0.0,0.0,0.0,False,0.03194213494729024,False
305402,21,0.0,-0.015648,0.03451333333333333,False,0.6968801273902698,True
200562,21,0.0,0.0,0.011312999999999998,False,0.3263416847369527,False
200078,21,0.0,-0.001086,0.025497000000000002,False,0.6570290443759333,True
16829,21,0.0,0.0,0.015739333333333334,False,0.37594180130172644,False
179768,21,0.0,0.0,0.012614666666666668,False,0.35018036796883856,False
290771,21,0.0,0.0,0.021046,False,0.43135772248250936,False
121981,21,0.0,0.0,0.0,False,0.03194213494729024,False
254798,21,0.0,0.0,0.0,False,0.03194213494729024,False
165388,21,0.0,0.0,0.0,False,0.03194213494729024,False
311969,21,0.0,-0.015434,0.034783666666666664,False,0.7006014066646497,True
41833,21,0.0,0.0,0.0,False,0.03194213494729024,False
221187,21,0.0,0.0,0.012360333333333334,False,0.3518057264796236,False
119484,21,0.0,0.0,0.0,False,0.03194213494729024,False
115574,21,0.0,0.0,0.007617,False,0.3717866197632881,False
309588,21,0.0,0.0,0.0,False,0.03194213494729024,False
208910,21,0.0,0.0,0.0,False,0.03194213494729024,False
16469,21,0.0,0.0,0.006851333333333333,False,0.38887876946046906,False
4883,21,0.0,0.0,0.0,False,0.03194213494729024,False
87194,21,0.0,0.0,0.0,False,0.03194213494729024,False
186264,21,0.0,0.0,0.0,False,0.03194213494729024,False
109842,21,0.0,0.0,0.0,False,0.03194213494729024,False
20836,21,0.0,-0.028506,0.04315833333333333,False,0.6323860054614178,True
60472,21,0.0,0.0,0.005627666666666666,False,0.3977422614329508,False
256170,21,0.0,0.0,0.0,False,0.03194213494729024,False
249184,21,0.0,0.0,0.0,False,0.03194213494729024,False
320695,21,0.0,0.0,0.0,False,0.03194213494729024,False
352157,21,0.0,0.0,0.0,False,0.03194213494729024,False
100814,21,0.0,0.0,0.0,False,0.03194213494729024,False
115141,21,0.0,0.0,0.0,False,0.03194213494729024,False
164981,21,0.0,0.0,0.010942666666666668,False,0.3444311301375997,False
30662,21,0.0,0.0,0.0,False,0.03194213494729024,False
283423,21,0.0,0.0,0.0,False,0.03194213494729024,False
335243,21,0.0,0.0,0.0,False,0.03194213494729024,False
276653,21,0.0,0.0,0.0,False,0.03194213494729024,False
174879,21,0.0,0.0,0.010295333333333333,False,0.3496626587249661,False
34701,21,0.0,0.0,0.0,False,0.03194213494729024,False
139973,21,0.0,0.0,0.020718666666666666,True,0.42765266186120277,False
1858,21,0.0,0.0,0.023034,False,0.4687990743732086,False
354785,21,0.0,0.0,0.0,False,0.03194213494729024,False
144194,21,0.0,0.0,0.0,False,0.03194213494729024,False
161616,22,0.0,0.0,0.0,False,0.03194213494729024,False
221846,22,0.0,0.0,0.0,False,0.03194213494729024,False
84698,22,0.0,0.0,0.0,True,0.03194213494729024,False
114629,22,0.0,0.0,0.0,True,0.03194213494729024,False
83465,22,0.0,0.0,0.0,True,0.03194213494729024,False
369398,22,0.0,0.0,0.0,False,0.03194213494729024,False
13112,22,0.0,0.0,0.0,False,0.03194213494729024,False
235202,22,0.0,0.0,0.0,False,0.03194213494729024,False
104286,22,0.0,0.0,0.0,False,0.03194213494729024,False
224231,22,0.0,0.0,0.011741333333333333,False,0.33968215368785876,False
12995,22,0.0,0.0,0.0,True,0.03194213494729024,False
74905,22,0.0,0.0,0.0,True,0.03194213494729024,False
294254,22,0.0,0.0,0.0,False,0.03194213494729024,False
265229,22,0.0,0.0,0.0,True,0.03194213494729024,False
366026,22,0.0,0.0,0.0,True,0.03194213494729024,False
269565,22,0.0,0.0,0.0,False,0.03194213494729024,False
242550,22,0.0,0.0,0.0,False,0.03194213494729024,False
82704,22,0.0,0.0,0.0,False,0.03194213494729024,False
213416,22,0.0,0.0,0.0,False,0.03194213494729024,False
45580,22,0.0,0.0,0.0,False,0.03194213494729024,False
280043,22,0.0,0.0,0.0,False,0.03194213494729024,False
50707,22,0.0,0.0,0.0,False,0.03194213494729024,False
28401,22,0.0,0.0,0.0,False,0.03194213494729024,False
33306,22,0.0,0.0,0.0,False,0.03194213494729024,False
23114,22,0.0,0.0,0.0,False,0.03194213494729024,False
114987,22,0.0,0.0,0.0,False,0.03194213494729024,False
325666,22,0.0,0.0,0.009745666666666666,False,0.34129819475278156,False
92826,22,0.0,0.0,0.0,False,0.03194213494729024,False
165868,22,0.0,0.0,0.0,False,0.03194213494729024,False
306277,22,0.0,0.0,0.0,False,0.03194213494729024,False
219949,22,0.0,0.0,0.0,False,0.03194213494729024,False
81499,22,0.0,0.0,0.0,False,0.03194213494729024,False
278463,22,0.0,0.0,0.0,False,0.03194213494729024,False
180331,22,0.0,0.0,0.0,False,0.03194213494729024,False
294076,22,0.0,0.0,0.0,False,0.03194213494729024,False
160007,22,0.0,0.0,0.0,False,0.03194213494729024,False
288528,22,0.0,0.0,0.0,False,0.03194213494729024,False
125541,22,0.0,0.0,0.0,False,0.03194213494729024,False
271358,22,0.0,0.0,0.0,False,0.03194213494729024,False
165767,22,0.0,0.0,0.0,False,0.03194213494729024,False
52953,22,0.0,0.0,0.0,False,0.03194213494729024,False
57288,22,0.0,0.0,0.0,False,0.03194213494729024,False
116876,22,0.0,0.0,0.0,False,0.03194213494729024,False
356263,22,0.0,0.0,0.0,False,0.03194213494729024,False
129087,22,0.0,0.0,0.0,False,0.03194213494729024,False
174160,22,0.0,0.0,0.0,False,0.03194213494729024,False
155560,22,0.0,0.0,0.0,False,0.03194213494729024,False
93665,22,0.0,0.0,0.0,False,0.03194213494729024,False
58485,22,0.0,0.0,0.0,True,0.03194213494729024,False
10211,22,0.0,0.0,0.0,False,0.03194213494729024,False
18889,22,0.0,0.0,0.0,False,0.03194213494729024,False
245392,22,0.0,0.0,0.0,False,0.03194213494729024,False
354005,22,0.0,0.0,0.0,False,0.03194213494729024,False
315631,22,0.0,0.0,0.0,False,0.03194213494729024,False
131813,22,0.0,0.0,0.0,False,0.03194213494729024,False
99724,22,0.0,0.0,0.0,False,0.03194213494729024,False
215535,22,0.0,0.0,0.0,False,0.03194213494729024,False
351364,22,0.0,0.0,0.0,False,0.03194213494729024,False
26633,22,0.0,0.0,0.0,False,0.03194213494729024,False
146002,22,0.0,0.0,0.0,False,0.03194213494729024,False
124118,22,0.0,0.0,0.0,False,0.03194213494729024,False
209546,22,0.0,0.0,0.0,False,0.03194213494729024,False
293540,22,0.0,0.0,0.0,False,0.03194213494729024,False
130111,22,0.0,0.0,0.0,False,0.03194213494729024,False
1701,22,0.0,0.0,0.0,False,0.03194213494729024,False
24025,22,0.0,0.0,0.0,False,0.03194213494729024,False
211694,22,0.0,0.0,0.0,False,0.03194213494729024,False
101255,22,0.0,0.0,0.0032286666666666666,False,0.4084268744183641,False
299391,22,0.0,0.0,0.0,False,0.03194213494729024,False
139883,22,0.0,0.0,0.0,False,0.03194213494729024,False
238555,22,0.0,0.0,0.0,False,0.03194213494729024,False
221333,22,0.0,0.0,0.0,True,0.03194213494729024,False
30741,22,0.0,0.0,0.0,False,0.03194213494729024,False
123314,22,0.0,0.0,0.0,False,0.03194213494729024,False
119325,22,0.0,0.0,0.0,False,0.03194213494729024,False
86574,22,0.0,0.0,0.0,False,0.03194213494729024,False
341911,22,0.0,0.0,0.0,False,0.03194213494729024,False
30866,22,0.0,0.0,0.0,False,0.03194213494729024,False
340723,22,0.0,0.0,0.0,False,0.03194213494729024,False
332911,22,0.0,0.0,0.0,False,0.03194213494729024,False
211089,22,0.0,0.0,0.0,False,0.03194213494729024,False
281527,22,0.0,0.0,0.0,False,0.03194213494729024,False
164419,22,0.0,0.0,0.0,False,0.03194213494729024,False
334030,22,0.0,0.0,0.0,False,0.03194213494729024,False
213058,22,0.0,0.0,0.0,False,0.03194213494729024,False
350737,22,0.0,0.0,0.0,False,0.03194213494729024,False
22780,22,0.0,0.0,0.0,False,0.03194213494729024,False
112321,22,0.0,0.0,0.0,False,0.03194213494729024,False
281168,22,0.0,0.0,0.005404,False,0.3993998105586089,False
53587,22,0.0,0.0,0.0,False,0.03194213494729024,False
139041,22,0.0,0.0,0.0017963333333333332,False,0.355425766316559,False
199191,22,0.0,0.0,0.0,False,0.03194213494729024,False
338428,22,0.0,0.0,0.0,False,0.03194213494729024,False
48625,22,0.0,0.0,0.0,False,0.03194213494729024,False
297458,22,0.0,0.0,0.004183333333333333,False,0.4263369618865458,False
137752,22,0.0,0.0,0.0,False,0.03194213494729024,False
229734,22,0.0,0.0,0.0,False,0.03194213494729024,False
244855,22,0.0,0.0,0.0,False,0.03194213494729024,False
264979,22,0.0,0.0,0.0,True,0.03194213494729024,False
314019,22,0.0,0.0,0.0,False,0.03194213494729024,False
104633,22,0.0,0.0,0.0,False,0.03194213494729024,False
284266,22,0.0,0.0,0.0,False,0.03194213494729024,False
277317,22,0.0,0.0,0.0,False,0.03194213494729024,False
289428,22,0.0,0.0,0.0,False,0.03194213494729024,False
288255,22,0.0,0.0,0.0,False,0.03194213494729024,False
67314,22,0.0,0.0,0.0,False,0.03194213494729024,False
219794,22,0.0,0.0,0.0,False,0.03194213494729024,False
130367,22,0.0,0.0,0.0,False,0.03194213494729024,False
335544,22,0.0,0.0,0.0,False,0.03194213494729024,False
123930,22,0.0,0.0,0.0,False,0.03194213494729024,False
236708,22,0.0,0.0,0.0,False,0.03194213494729024,False
146068,22,0.0,0.0,0.0,False,0.03194213494729024,False
298673,22,0.0,0.0,0.0,False,0.03194213494729024,False
207425,22,0.0,0.0,0.0,False,0.03194213494729024,False
328962,22,0.0,0.0,0.0,False,0.03194213494729024,False
145738,22,0.0,0.0,0.0,False,0.03194213494729024,False
146341,22,0.0,0.0,0.0,False,0.03194213494729024,False
138873,22,0.0,0.0,0.0,True,0.03194213494729024,False
191182,22,0.0,0.0,0.0,False,0.03194213494729024,False
256131,22,0.0,0.0,0.0,False,0.03194213494729024,False
158606,22,0.0,0.0,0.0,False,0.03194213494729024,False
115457,22,0.0,0.0,0.0,False,0.03194213494729024,False
281875,22,0.0,0.0,0.0,False,0.03194213494729024,False
129303,22,0.0,0.0,0.0,False,0.03194213494729024,False
267138,22,0.0,0.0,0.0,False,0.03194213494729024,False
169951,22,0.0,0.0,0.0,False,0.03194213494729024,False
164722,22,0.0,0.0,0.0,True,0.03194213494729024,False
356768,22,0.0,0.0,0.0,False,0.03194213494729024,False
254496,22,0.0,0.0,0.0,False,0.03194213494729024,False
35337,22,0.0,0.0,0.0,True,0.03194213494729024,False
58369,22,0.0,0.0,0.0,False,0.03194213494729024,False
12406,22,0.0,0.0,0.008570333333333334,False,0.3694321186904173,False
345496,22,0.0,0.0,0.0,False,0.03194213494729024,False
153878,22,0.0,0.0,0.0,False,0.03194213494729024,False
210325,22,0.0,0.0,0.0,False,0.03194213494729024,False
125140,22,0.0,0.0,0.0,False,0.03194213494729024,False
41313,22,0.0,0.0,0.0,False,0.03194213494729024,False
255155,22,0.0,0.0,0.0,True,0.03194213494729024,False
127400,22,0.0,0.0,0.0,False,0.03194213494729024,False
246777,22,0.0,0.0,0.007693333333333333,False,0.3717866197632881,False
302698,22,0.0,0.0,0.0,False,0.03194213494729024,False
111754,22,0.0,0.0,0.0,False,0.03194213494729024,False
20302,22,0.0,0.0,0.0,False,0.03194213494729024,False
284802,22,0.0,0.0,0.0,False,0.03194213494729024,False
305939,22,0.0,0.0,0.0,False,0.03194213494729024,False
163429,22,0.0,0.0,0.0,False,0.03194213494729024,False
278058,22,0.0,0.0,0.0,False,0.03194213494729024,False
221571,22,0.0,0.0,0.0,False,0.03194213494729024,False
78147,22,0.0,0.0,0.0037766666666666665,False,0.4251226259961393,False
173617,22,0.0,0.0,0.0,False,0.03194213494729024,False
138685,22,0.0,0.0,0.0,False,0.03194213494729024,False
290414,22,0.0,0.0,0.0,False,0.03194213494729024,False
358375,22,0.0,0.0,0.0,False,0.03194213494729024,False
35631,22,0.0,0.0,0.0,False,0.03194213494729024,False
337039,22,0.0,0.0,0.004278666666666667,False,0.4197844107192778,False
267075,22,0.0,0.0,0.0,False,0.03194213494729024,False
29821,22,0.0,0.0,0.0,False,0.03194213494729024,False
294318,22,0.0,0.0,0.0,False,0.03194213494729024,False
39523,22,0.0,0.0,0.0034366666666666664,False,0.42775929795288237,False
77643,22,0.0,0.0,0.0,False,0.03194213494729024,False
237717,22,0.0,0.0,0.005320333333333333,False,0.3993998105586089,False
5069,22,0.0,0.0,0.0,False,0.03194213494729024,False
11028,22,0.0,0.0,0.0,False,0.03194213494729024,False
303657,22,0.0,0.0,0.0,False,0.03194213494729024,False
311699,22,0.0,0.0,0.0,True,0.03194213494729024,False
242357,22,0.0,0.0,0.0,False,0.03194213494729024,False
120646,22,0.0,0.0,0.0,False,0.03194213494729024,False
312417,22,0.0,0.0,0.0,False,0.03194213494729024,False
224622,22,0.0,0.0,0.0,False,0.03194213494729024,False
357412,22,0.0,0.0,0.0,False,0.03194213494729024,False
198943,22,0.0,0.0,0.0,False,0.03194213494729024,False
252370,22,0.0,0.0,0.0,False,0.03194213494729024,False
332523,22,0.0,0.0,0.0,False,0.03194213494729024,False
145060,22,0.0,0.0,0.0,False,0.03194213494729024,False
37435,22,0.0,0.0,0.0,False,0.03194213494729024,False
282713,22,0.0,0.0,0.0,False,0.03194213494729024,False
289239,22,0.0,0.0,0.0029196666666666663,False,0.40010762988183285,False
360446,22,0.0,0.0,0.0,True,0.03194213494729024,False
189600,22,0.0,0.0,0.0,False,0.03194213494729024,False
299,22,0.0,0.0,0.0,False,0.03194213494729024,False
225332,22,0.0,0.0,0.0,False,0.03194213494729024,False
31778,22,0.0,0.0,0.0,False,0.03194213494729024,False
60517,22,0.0,0.0,0.0,False,0.03194213494729024,False
58654,22,0.0,0.0,0.006612333333333334,False,0.38887876946046906,False
153709,22,0.0,0.0,0.0,False,0.03194213494729024,False
339757,22,0.0,0.0,0.0,True,0.03194213494729024,False
336321,22,0.0,0.0,0.0,False,0.03194213494729024,False
308512,22,0.0,0.0,0.0,False,0.03194213494729024,False
210260,22,0.0,0.0,0.0,False,0.03194213494729024,False
50819,22,0.0,0.0,0.0,False,0.03194213494729024,False
37149,22,0.0,0.0,0.0,False,0.03194213494729024,False
161225,22,0.0,0.0,0.0,False,0.03194213494729024,False
362293,22,0.0,0.0,0.0,False,0.03194213494729024,False
178389,22,0.0,0.0,0.0,False,0.03194213494729024,False
221208,22,0.0,0.0,0.0,False,0.03194213494729024,False
41291,22,0.0,0.0,0.0,False,0.03194213494729024,False
365214,22,0.0,0.0,0.0,False,0.03194213494729024,False
333281,22,0.0,0.0,0.0,False,0.03194213494729024,False
7737,22,0.0,0.0,0.0,False,0.03194213494729024,False
329588,22,0.0,0.0,0.0,False,0.03194213494729024,False
317105,22,0.0,0.0,0.0,True,0.03194213494729024,False
361689,22,0.0,0.0,0.0,False,0.03194213494729024,False
281131,22,0.0,0.0,0.0,False,0.03194213494729024,False
343638,22,0.0,0.0,0.0,False,0.03194213494729024,False
189790,22,0.0,0.0,0.0,False,0.03194213494729024,False
340726,22,0.0,0.0,0.0,False,0.03194213494729024,False
72525,22,0.0,0.0,0.0,False,0.03194213494729024,False
65444,22,0.0,0.0,0.009496666666666667,False,0.3525168450008338,False
319360,22,0.0,0.0,0.0,False,0.03194213494729024,False
358935,22,0.0,0.0,0.0,False,0.03194213494729024,False
100448,22,0.0,0.0,0.0,False,0.03194213494729024,False
222075,22,0.0,0.0,0.0,False,0.03194213494729024,False
69369,22,0.0,0.0,0.0,False,0.03194213494729024,False
151722,22,0.0,0.0,0.0,False,0.03194213494729024,False
38033,22,0.0,0.0,0.0,False,0.03194213494729024,False
128351,22,0.0,0.0,0.0,False,0.03194213494729024,False
342871,22,0.0,0.0,0.0,False,0.03194213494729024,False
13912,22,0.0,0.0,0.0,False,0.03194213494729024,False
351129,22,0.0,0.0,0.0,False,0.03194213494729024,False
297365,22,0.0,0.0,0.0,False,0.03194213494729024,False
240570,22,0.0,0.0,0.0,True,0.03194213494729024,False
86317,22,0.0,0.0,0.0,False,0.03194213494729024,False
99561,22,0.0,0.0,0.0,False,0.03194213494729024,False
261740,22,0.0,0.0,0.0,False,0.03194213494729024,False
29971,22,0.0,0.0,0.0,False,0.03194213494729024,False
4101,22,0.0,0.0,0.0,False,0.03194213494729024,False
176472,22,0.0,0.0,0.0,False,0.03194213494729024,False
85669,22,0.0,0.0,0.0,False,0.03194213494729024,False
128393,22,0.0,0.0,0.0,False,0.03194213494729024,False
24702,22,0.0,0.0,0.0,False,0.03194213494729024,False
350152,22,0.0,0.0,0.008821666666666667,False,0.37035460603419224,False
235514,22,0.0,0.0,0.0,True,0.03194213494729024,False
213078,22,0.0,0.0,0.0,False,0.03194213494729024,False
285706,22,0.0,0.0,0.0,False,0.03194213494729024,False
360795,22,0.0,0.0,0.0,False,0.03194213494729024,False
105461,22,0.0,0.0,0.0,False,0.03194213494729024,False
266248,22,0.0,0.0,0.0,False,0.03194213494729024,False
195779,22,0.0,0.0,0.0,False,0.03194213494729024,False
84715,22,0.0,0.0,0.0,False,0.03194213494729024,False
131659,22,0.0,0.0,0.0,False,0.03194213494729024,False
367955,22,0.0,0.0,0.0,False,0.03194213494729024,False
170017,22,0.0,0.0,0.0,False,0.03194213494729024,False
225994,22,0.0,0.0,0.0,False,0.03194213494729024,False
266161,22,0.0,0.0,0.0,False,0.03194213494729024,False
83876,22,0.0,0.0,0.0,False,0.03194213494729024,False
29327,22,0.0,0.0,0.0,False,0.03194213494729024,False
247815,22,0.0,0.0,0.0,False,0.03194213494729024,False
149552,22,0.0,0.0,0.0,False,0.03194213494729024,False
68617,22,0.0,0.0,0.0,False,0.03194213494729024,False
65934,22,0.0,0.0,0.0,False,0.03194213494729024,False
289682,22,0.0,0.0,0.0,False,0.03194213494729024,False
353036,22,0.0,0.0,0.0,False,0.03194213494729024,False
36396,22,0.0,0.0,0.0019883333333333333,False,0.3671519504962508,False
138966,22,0.0,0.0,0.0,False,0.03194213494729024,False
63441,22,0.0,0.0,0.0,False,0.03194213494729024,False
129973,22,0.0,0.0,0.0,True,0.03194213494729024,False
185429,22,0.0,0.0,0.000844,False,0.28696351093819494,False
308443,22,0.0,0.0,0.000155,True,0.17390575204334263,False
227942,22,0.0,0.0,0.0024643333333333336,False,0.38367887445694626,False
117806,22,0.0,0.0,0.0,False,0.03194213494729024,False
319275,22,0.0,0.0,0.0,False,0.03194213494729024,False
146037,22,0.0,0.0,0.0,False,0.03194213494729024,False
324282,22,0.0,0.0,0.0,True,0.03194213494729024,False
112065,22,0.0,0.0,0.0,False,0.03194213494729024,False
51332,22,0.0,0.0,0.0,False,0.03194213494729024,False
262451,22,0.0,0.0,0.0,False,0.03194213494729024,False
338784,22,0.0,0.0,0.0,False,0.03194213494729024,False
185753,22,0.0,0.0,0.0,False,0.03194213494729024,False
351224,22,0.0,0.0,0.0,False,0.03194213494729024,False
36066,22,0.0,0.0,0.0,True,0.03194213494729024,False
318029,22,0.0,0.0,0.0,False,0.03194213494729024,False
126286,22,0.0,0.0,0.0,False,0.03194213494729024,False
112886,22,0.0,0.0,0.0,False,0.03194213494729024,False
296341,22,0.0,0.0,0.0,False,0.03194213494729024,False
68587,22,0.0,0.0,0.0,False,0.03194213494729024,False
81030,22,0.0,0.0,0.0,True,0.03194213494729024,False
147721,22,0.0,0.0,0.009646,False,0.34453798459245083,False
42982,22,0.0,0.0,0.0,False,0.03194213494729024,False
37220,22,0.0,0.0,0.0,False,0.03194213494729024,False
222077,22,0.0,0.0,0.0,False,0.03194213494729024,False
368857,22,0.0,0.0,0.0,False,0.03194213494729024,False
290049,22,0.0,0.0,0.0,False,0.03194213494729024,False
120031,22,0.0,0.0,0.0,True,0.03194213494729024,False
182981,22,0.0,0.0,0.0,False,0.03194213494729024,False
190306,22,0.0,0.0,0.0,False,0.03194213494729024,False
3407,22,0.0,0.0,0.0,True,0.03194213494729024,False
282746,22,0.0,0.0,0.0,False,0.03194213494729024,False
145852,22,0.0,0.0,0.0,False,0.03194213494729024,False
73495,22,0.0,0.0,0.0,False,0.03194213494729024,False
373790,22,0.0,0.0,0.0,False,0.03194213494729024,False
130825,22,0.0,0.0,0.0,False,0.03194213494729024,False
291382,22,0.0,0.0,0.0,False,0.03194213494729024,False
15622,22,0.0,0.0,0.0,False,0.03194213494729024,False
36287,22,0.0,0.0,0.0,False,0.03194213494729024,False
16663,22,0.0,0.0,0.0,False,0.03194213494729024,False
96200,22,0.0,0.0,0.0,False,0.03194213494729024,False
26522,22,0.0,0.0,0.0,False,0.03194213494729024,False
48390,22,0.0,0.0,0.0,False,0.03194213494729024,False
58650,22,0.0,0.0,0.0,False,0.03194213494729024,False
49453,22,0.0,0.0,0.0,False,0.03194213494729024,False
85277,22,0.0,0.0,0.0,False,0.03194213494729024,False
221777,22,0.0,0.0,0.0,False,0.03194213494729024,False
60058,22,0.0,0.0,0.0,False,0.03194213494729024,False
194081,22,0.0,0.0,0.0,False,0.03194213494729024,False
53736,22,0.0,0.0,0.0,False,0.03194213494729024,False
231649,22,0.0,0.0,0.0039106666666666665,False,0.4234476790517977,False
367671,22,0.0,0.0,0.0,False,0.03194213494729024,False
39449,22,0.0,0.0,0.0,False,0.03194213494729024,False
187595,22,0.0,0.0,0.0,False,0.03194213494729024,False
137340,22,0.0,0.0,0.0,False,0.03194213494729024,False
57487,22,0.0,0.0,0.0,False,0.03194213494729024,False
239717,22,0.0,0.0,0.0,False,0.03194213494729024,False
73206,22,0.0,0.0,0.0,True,0.03194213494729024,False
356664,22,0.0,0.0,0.006335333333333333,False,0.3853982418106608,False
198461,22,0.0,0.0,0.0,False,0.03194213494729024,False
54309,22,0.0,0.0,0.0,False,0.03194213494729024,False
241331,22,0.0,0.0,0.0,False,0.03194213494729024,False
69445,22,0.0,0.0,0.0,False,0.03194213494729024,False
266171,22,0.0,0.0,0.0,False,0.03194213494729024,False
26289,22,0.0,0.0,0.0,True,0.03194213494729024,False
80132,22,0.0,0.0,0.0,False,0.03194213494729024,False
3770,22,0.0,0.0,0.0,False,0.03194213494729024,False
107090,22,0.0,0.0,0.0,True,0.03194213494729024,False
97425,22,0.0,0.0,0.0,False,0.03194213494729024,False
116619,22,0.0,0.0,0.005295666666666666,True,0.40105848153879503,False
56117,22,0.0,0.0,0.0,False,0.03194213494729024,False
240273,22,0.0,0.0,0.0,False,0.03194213494729024,False
342598,22,0.0,0.0,0.0,False,0.03194213494729024,False
237881,22,0.0,0.0,0.0,False,0.03194213494729024,False
177892,22,0.0,0.0,0.0,False,0.03194213494729024,False
44907,22,0.0,0.0,0.0,False,0.03194213494729024,False
346692,22,0.0,0.0,0.0,False,0.03194213494729024,False
282789,22,0.0,0.0,0.0,False,0.03194213494729024,False
47662,22,0.0,0.0,0.0,False,0.03194213494729024,False
325405,22,0.0,0.0,0.0,False,0.03194213494729024,False
82920,22,0.0,0.0,0.0,False,0.03194213494729024,False
81516,22,0.0,0.0,0.0,False,0.03194213494729024,False
20916,22,0.0,0.0,0.0,False,0.03194213494729024,False
49123,22,0.0,0.0,0.0,False,0.03194213494729024,False
89725,22,0.0,0.0,0.0,False,0.03194213494729024,False
201728,22,0.0,0.0,0.0,True,0.03194213494729024,False
172103,22,0.0,0.0,0.0,False,0.03194213494729024,False
141530,22,0.0,0.0,0.0,False,0.03194213494729024,False
122049,22,0.0,0.0,0.0,False,0.03194213494729024,False
229690,22,0.0,0.0,0.0,False,0.03194213494729024,False
247974,22,0.0,0.0,0.0,False,0.03194213494729024,False
30369,22,0.0,0.0,0.0,True,0.03194213494729024,False
191277,22,0.0,0.0,0.0,False,0.03194213494729024,False
306012,22,0.0,0.0,0.0,False,0.03194213494729024,False
209400,22,0.0,0.0,0.0,False,0.03194213494729024,False
31959,22,0.0,0.0,0.0,False,0.03194213494729024,False
85197,22,0.0,0.0,0.0,False,0.03194213494729024,False
117026,22,0.0,0.0,0.0,False,0.03194213494729024,False
357599,22,0.0,0.0,0.0,False,0.03194213494729024,False
193575,22,0.0,0.0,0.0,False,0.03194213494729024,False
177254,22,0.0,0.0,0.0,False,0.03194213494729024,False
279291,22,0.0,0.0,0.0,False,0.03194213494729024,False
347011,22,0.0,0.0,0.0,False,0.03194213494729024,False
55789,22,0.0,0.0,0.003346333333333333,False,0.4100916550530444,False
277408,22,0.0,0.0,0.0,False,0.03194213494729024,False
140373,22,0.0,0.0,0.0,False,0.03194213494729024,False
240870,22,0.0,0.0,0.0,False,0.03194213494729024,False
188208,22,0.0,0.0,0.0,True,0.03194213494729024,False
120087,22,0.0,0.0,0.0,False,0.03194213494729024,False
312690,22,0.0,0.0,0.0,False,0.03194213494729024,False
207505,22,0.0,0.0,0.0,True,0.03194213494729024,False
80131,22,0.0,0.0,0.0,False,0.03194213494729024,False
114137,22,0.0,0.0,0.0,False,0.03194213494729024,False
139893,22,0.0,0.0,0.0,False,0.03194213494729024,False
204693,22,0.0,0.0,0.0,False,0.03194213494729024,False
332547,22,0.0,0.0,0.0,False,0.03194213494729024,False
82540,22,0.0,0.0,0.0,False,0.03194213494729024,False
38409,22,0.0,0.0,0.0,True,0.03194213494729024,False
124782,22,0.0,0.0,0.0,False,0.03194213494729024,False
51599,22,0.0,0.0,0.0,False,0.03194213494729024,False
302100,22,0.0,0.0,0.0,False,0.03194213494729024,False
184101,22,0.0,0.0,0.0,False,0.03194213494729024,False
303520,22,0.0,0.0,0.0,False,0.03194213494729024,False
33568,22,0.0,0.0,0.0,False,0.03194213494729024,False
334993,22,0.0,0.0,0.0,False,0.03194213494729024,False
216161,22,0.0,0.0,0.0,False,0.03194213494729024,False
48896,22,0.0,0.0,0.0,False,0.03194213494729024,False
292002,22,0.0,0.0,0.0,False,0.03194213494729024,False
306491,22,0.0,0.0,0.0,False,0.03194213494729024,False
6019,22,0.0,0.0,0.0,False,0.03194213494729024,False
73158,22,0.0,0.0,0.0,False,0.03194213494729024,False
264951,22,0.0,0.0,0.0,False,0.03194213494729024,False
347806,22,0.0,0.0,0.0,False,0.03194213494729024,False
199295,22,0.0,0.0,0.0,False,0.03194213494729024,False
249974,22,0.0,0.0,0.0,False,0.03194213494729024,False
1130,22,0.0,0.0,0.0,False,0.03194213494729024,False
138091,22,0.0,0.0,0.0,False,0.03194213494729024,False
324734,22,0.0,0.0,0.0,False,0.03194213494729024,False
14470,22,0.0,0.0,0.0,False,0.03194213494729024,False
254615,22,0.0,0.0,0.007269333333333333,False,0.38662551281664476,False
371112,22,0.0,0.0,0.0,False,0.03194213494729024,False
52418,22,0.0,0.0,0.0,False,0.03194213494729024,False
156960,22,0.0,0.0,0.0,False,0.03194213494729024,False
139042,22,0.0,0.0,0.0,False,0.03194213494729024,False
346047,22,0.0,0.0,0.0,False,0.03194213494729024,False
111477,22,0.0,0.0,0.0,False,0.03194213494729024,False
369972,22,0.0,0.0,0.0,True,0.03194213494729024,False
21930,22,0.0,0.0,0.0,False,0.03194213494729024,False
352159,22,0.0,0.0,0.0,False,0.03194213494729024,False
111043,22,0.0,0.0,0.0,False,0.03194213494729024,False
145684,22,0.0,0.0,0.0,False,0.03194213494729024,False
282579,22,0.0,0.0,0.0,False,0.03194213494729024,False
70407,22,0.0,0.0,0.0,False,0.03194213494729024,False
316526,22,0.0,0.0,0.0,True,0.03194213494729024,False
83707,22,0.0,0.0,0.0,False,0.03194213494729024,False
138403,22,0.0,0.0,0.0,False,0.03194213494729024,False
53893,22,0.0,0.0,0.0,False,0.03194213494729024,False
193738,22,0.0,0.0,0.0,False,0.03194213494729024,False
178349,22,0.0,0.0,0.0,False,0.03194213494729024,False
56673,22,0.0,0.0,0.0,False,0.03194213494729024,False
281137,22,0.0,0.0,0.0010513333333333334,False,0.31758684646836877,False
295170,22,0.0,0.0,0.0,False,0.03194213494729024,False
106743,22,0.0,0.0,0.0,True,0.03194213494729024,False
336048,22,0.0,0.0,0.0,False,0.03194213494729024,False
290048,22,0.0,0.0,0.0,False,0.03194213494729024,False
232328,22,0.0,0.0,0.0,True,0.03194213494729024,False
136716,22,0.0,0.0,0.0,False,0.03194213494729024,False
142788,22,0.0,0.0,0.005408666666666667,False,0.3993998105586089,False
183321,22,0.0,0.0,0.0,False,0.03194213494729024,False
35924,22,0.0,0.0,0.0,False,0.03194213494729024,False
139258,22,0.0,0.0,0.0,False,0.03194213494729024,False
110140,22,0.0,0.0,0.0,False,0.03194213494729024,False
345899,22,0.0,0.0,0.0018113333333333332,False,0.3570546749929445,False
42001,22,0.0,0.0,0.0,False,0.03194213494729024,False
258744,22,0.0,0.0,0.0,False,0.03194213494729024,False
330879,22,0.0,0.0,0.0,False,0.03194213494729024,False
367696,22,0.0,0.0,0.0,False,0.03194213494729024,False
149415,22,0.0,0.0,0.001023,False,0.3141541333494751,False
198691,22,0.0,0.0,0.0,False,0.03194213494729024,False
36466,22,0.0,0.0,0.0,False,0.03194213494729024,False
81158,22,0.0,0.0,0.0007666666666666667,False,0.28100166864776627,False
104248,22,0.0,0.0,0.0,False,0.03194213494729024,False
99829,22,0.0,0.0,0.0,False,0.03194213494729024,False
110615,22,0.0,0.0,0.0,False,0.03194213494729024,False
157284,22,0.0,0.0,0.0,False,0.03194213494729024,False
138656,22,0.0,0.0,0.0,False,0.03194213494729024,False
94036,22,0.0,0.0,0.0,False,0.03194213494729024,False
274088,22,0.0,0.0,0.0,False,0.03194213494729024,False
215856,22,0.0,0.0,0.0,False,0.03194213494729024,False
263638,22,0.0,0.0,0.0,False,0.03194213494729024,False
130970,22,0.0,0.0,0.0,True,0.03194213494729024,False
308944,22,0.0,0.0,0.0,False,0.03194213494729024,False
344652,22,0.0,0.0,0.0,False,0.03194213494729024,False
327837,22,0.0,0.0,0.0,False,0.03194213494729024,False
285929,22,0.0,0.0,0.0,False,0.03194213494729024,False
128075,22,0.0,0.0,0.0,False,0.03194213494729024,False
62855,22,0.0,0.0,0.0,False,0.03194213494729024,False
209186,22,0.0,0.0,0.0,False,0.03194213494729024,False
349665,22,0.0,0.0,0.0,False,0.03194213494729024,False
110430,22,0.0,0.0,0.0,False,0.03194213494729024,False
66818,22,0.0,0.0,0.0,True,0.03194213494729024,False
286046,22,0.0,0.0,0.0,False,0.03194213494729024,False
156471,22,0.0,0.0,0.0,True,0.03194213494729024,False
173239,22,0.0,0.0,0.0,False,0.03194213494729024,False
196038,22,0.0,0.0,0.0,False,0.03194213494729024,False
305402,22,0.0,0.0,0.005215999999999999,False,0.40604123320197355,False
200562,22,0.0,0.0,0.0,True,0.03194213494729024,False
200078,22,0.0,0.0,0.00036199999999999996,False,0.23618467924895697,False
16829,22,0.0,0.0,0.0,False,0.03194213494729024,False
179768,22,0.0,0.0,0.0,False,0.03194213494729024,False
290771,22,0.0,0.0,0.0,False,0.03194213494729024,False
121981,22,0.0,0.0,0.0,False,0.03194213494729024,False
254798,22,0.0,0.0,0.0,False,0.03194213494729024,False
165388,22,0.0,0.0,0.0,False,0.03194213494729024,False
311969,22,0.0,0.0,0.005144666666666666,False,0.40604123320197355,False
41833,22,0.0,0.0,0.0,True,0.03194213494729024,False
221187,22,0.0,0.0,0.0,False,0.03194213494729024,False
119484,22,0.0,0.0,0.0,False,0.03194213494729024,False
115574,22,0.0,0.0,0.0,False,0.03194213494729024,False
309588,22,0.0,0.0,0.0,False,0.03194213494729024,False
208910,22,0.0,0.0,0.0,False,0.03194213494729024,False
16469,22,0.0,0.0,0.0,False,0.03194213494729024,False
4883,22,0.0,0.0,0.0,False,0.03194213494729024,False
87194,22,0.0,0.0,0.0,False,0.03194213494729024,False
186264,22,0.0,0.0,0.0,False,0.03194213494729024,False
109842,22,0.0,0.0,0.0,False,0.03194213494729024,False
20836,22,0.0,0.0,0.009502,False,0.3525168450008338,False
60472,22,0.0,0.0,0.0,True,0.03194213494729024,False
256170,22,0.0,0.0,0.0,False,0.03194213494729024,False
249184,22,0.0,0.0,0.0,False,0.03194213494729024,False
320695,22,0.0,0.0,0.0,False,0.03194213494729024,False
352157,22,0.0,0.0,0.0,False,0.03194213494729024,False
100814,22,0.0,0.0,0.0,False,0.03194213494729024,False
115141,22,0.0,0.0,0.0,False,0.03194213494729024,False
164981,22,0.0,0.0,0.0,False,0.03194213494729024,False
30662,22,0.0,0.0,0.0,False,0.03194213494729024,False
283423,22,0.0,0.0,0.0,False,0.03194213494729024,False
335243,22,0.0,0.0,0.0,False,0.03194213494729024,False
276653,22,0.0,0.0,0.0,False,0.03194213494729024,False
174879,22,0.0,0.0,0.0,False,0.03194213494729024,False
34701,22,0.0,0.0,0.0,False,0.03194213494729024,False
139973,22,0.0,0.0,0.0,False,0.03194213494729024,False
1858,22,0.0,0.0,0.0,False,0.03194213494729024,False
354785,22,0.0,0.0,0.0,False,0.03194213494729024,False
144194,22,0.0,0.0,0.0,False,0.03194213494729024,False
